url,label
https://secure.adobe.com/billing,0
https://xn--9qh1k-h6w.cf/instagram-billing,1
https://amazon.com/articles?utm_term=6ajom&utm_medium=x8o6t&utm_campaign=mfa0x,0
https://docs.un.org/index,0
https://p8u5-eu.google.com/products/courses/settings,0
https://google.com/about/careers,0
https://xn--9v4ix-ipq.kim/netflix-wallet,1
https://linkedin.com/articles,0
http://67.94.4.117/office365/support/e1jojw,1
https://stackoverflow.com/,0
https://bflm-static.bbc.com/api/docs/learn,0
https://xn--p1cz3-wiq.work/coinbase-support,1
https://github.com/features?utm_source=lzr5e&utm_term=d18be&utm_medium=23bnf,0
https://help.nasa.gov/features/learn,0
https://spotify.com/features/features,0
https://accounts.ieee.org/verify,0
http://bbc.com/about,0
https://github.com/,0
http://5.227.35.178/coinbase/login/fgivax,1
https://google.com/,0
https://who.int/,0
http://microsoft-confirm.7yjb4e.click/n7q43,1
http://amazon.com@lk7uw0oo.review/webscr,1
http://usps-login.xkncizymo.tk/bkpwz,1
https://docs.harvard.edu/download/courses,0
https://medium.com/contact/pricing/blog?id=84091,0
http://t.co/gi2z62z,1
http://coinbase-secure.iwfnzl.xyz/4lu8z,1
http://chase-suspend.4b274.click/bomdf,1
https://secure.sciencedirect.com/account,0
https://adobe.com/,0
http://11.84.172.221/coinbase/password-reset/bjczve,1
https://nasa.gov/courses/pricing/api?id=28542,0
http://t.co/2b7oowc,1
https://udj3.io/outlook/security-check,1
https://lx7dl.net/ebay/wallet,1
http://google-wallet.labqeirq.kim/whygt,1
http://wellsfargo-confirm.yu17m.net/2kdds,1
http://secure-binance-ftfb-billing.org/login.php,1
https://eadei6.org/bankofamerica/alert,1
http://apple-update.uhaaw195c.net/1au3e,1
http://office365-billing.dkknbssn.net/ekfmr,1
http://medium.com/settings,0
https://26al.org/chase/unlock,1
http://bankofamerica-update.s4ofea6.gov/ids7h,1
https://xn--kmz8s-i17.org/google-security-check,1
https://apple.com/,0
https://shop.cloudflare.com/api/index,0
https://nytimes.com/support,0
http://coinbase-update.2msqr.kim/whcz2,1
http://facebook-confirm.5fnzt0m.com/vftuk,1
https://harvard.edu/products?id=12170,0
http://paypal.com@vjf5igh9.review/account,1
http://149.210.120.103/bankofamerica/login/p22vwx,0
https://www.github.com/contact/blog,1
https://salesforce.com/,0
http://chase-confirm.x28ywbwi.ga/uznd7,1
https://ej3v-cdn.github.com/about/blog/contact,0
https://xn--aekfp-odv.com/instagram-security-check,1
http://alert-secure-1sfd-outlook.xyz/login.php,1
http://instagram-security-check.mjawcb.co/crnyv,1
http://goo.gl/6p2xwvp,1
http://usps-account.9nley7s.kim/swzuu,1
https://nature.com/support?id=13096,0
http://facebook.com@klms0zk2.xyz/unlock,1
https://148c-us.adobe.com/courses/products,0
https://lmqy-cdn.nasa.gov/search,0
http://24.207.179.160/binance/alert/208fo6,1
https://clqzr7s.io/secure,1
https://blog.medium.com/pricing/pricing,0
http://outlook.com@wimrndtc.org/update,1
http://is.gd/n4ewjrm,1
https://netflix-signin.io/,1
https://blog.apple.com/support,0
http://account-google-gwr8-secure.com/login.php,1
https://xn--9zmfk-qd2.gov/irs-support,1
https://accounts.microsoft.com/support,0
https://my.github.com/billing,0
http://t.co/w24zyep,1
http://secure-billing-ebnl-binance.co/login.php,1
http://apple-alert.ybgf.click/oaoik,1
http://microsoft-webscr.9gobo8sy.org/gl9gx,1
http://124.94.238.200/usps/suspend/bp7dus,1
https://8tvx82.edu/wallet,1
https://i03f78k.edu/facebook/unlock,1
http://usps-suspend.8rexkpw7l.review/dicez,1
https://www.un.org/news,0
https://wikipedia.org/,0
https://netflix.com/contact/learn?id=68125,0
https://khanacademy.org/,0
http://66.155.243.197/ebay/secure/aa16pk,1
https://docs.wikipedia.org/docs,0
https://eheg7.gov/wellsfargo/password-reset,1
http://wikipedia.org/learn/blog,0
http://secure-password-reset-s3v7-microsoft.zip/login.php,1
https://adobe.com/,0
http://ow.ly/pezqavr,1
http://229.60.185.162/binance/verify/a6e7ol,1
http://80.102.168.129/google/wallet/splecu,1
http://187.1.33.12/netflix/verify/5p4df0,1
https://xn--c8yx9-ygt.gov/amazon-unlock,1
https://xn--dy8oq-816.zip/facebook-alert,1
https://xn--b3wow-gm6.work/usps-security-check,1
https://help.stackoverflow.com/pricing/learn,0
http://ieee.org/index/articles,0
https://nytimes.com/,0
https://docs.cloudflare.com/help/features,0
http://suspend-q1fv-secure-dhl.io/login.php,1
https://sciencedirect.com/,0
http://chase-support.la2xsj.co/uwkpt,1
http://secure-login-is7c-google.edu/login.php,1
http://microsoft-treb-webscr-secure.ml/login.php,1
http://is.gd/u5yst26,1
https://www.github.com/search,0
https://blog.python.org/careers,0
https://outlook-alert.org/,1
https://apple.com/,0
https://google.com/,0
http://microsoft-billing.bcg19sw.country/ejkrd,1
https://xn--0bsai-swf.cf/instagram-webscr,1
http://irs.com@qahv22s0.com/suspend,1
https://nasa.gov/,0
https://shop.cloudflare.com/articles,0
https://amazon.com/,0
http://usps-alert.e5bj.ml/uqtyu,1
https://linkedin.com/,0
https://salesforce.com/,0
http://bankofamerica.com@djen1fnk.top/alert,1
https://sialjx5p.gov/wallet,1
http://ow.ly/uju6ang,1
https://coursera.org/features,0
https://docs.cloudflare.com/user,0
https://help.coursera.org/user,0
https://help.microsoft.com/help,0
http://facebook.com@1j4gm3dj.kim/suspend,1
http://google.com@6nsr7wys.tk/security-check,1
https://salesforce.com/,0
https://o2krjcd.gov/update,1
https://sciencedirect.com/api?utm_term=1hl3u&utm_medium=hwzi4&utm_source=50pbs,0
https://efxwoo6s.com/security-check,1
https://imw9xo.co/unlock,1
https://reddit.com/pricing/articles/courses?id=5486,0
http://ebay-account.hxjp92.click/275db,1
https://www.salesforce.com/help,0
https://help.mit.edu/blog,0
http://bit.ly/dg87r3w,1
https://wikipedia.org/,0
https://id.reddit.com/account,0
http://office365-support.hpgfaexi.kim/ke7fw,1
https://apple-signin.org/,1
http://netflix-update.1uac3rr.country/gsklo,1
http://is.gd/wkgr9px,1
http://t.co/diy63h3,1
https://linkedin.com/,0
https://dhepi.edu/chase/secure,1
https://who.int/,0
https://sciencedirect.com/,0
https://binance-confirm.gov/,1
http://lbtm-microsoft-support-secure.ga/login.php,1
http://ieee.org/products/settings,0
http://usps-wallet.xb1yr647.com/kzt64,1
https://www.who.int/news,1
https://nature.com/learn,0
http://6.71.195.76/amazon/unlock/ty38sj,1
http://update-office365-secure-wedm.top/login.php,1
http://usps-security-check.xrzyb.review/5al94,1
http://khanacademy.org/blog/docs,0
https://microsoft.com/features/news?id=53463,0
http://binance.com@it2vnnco.review/wallet,1
https://bbc.com/support/user,0
https://facebook-signin.edu/,1
https://bankofamerica-billing.gov/,1
http://google-webscr.if54mybu.ga/pa8ef,1
https://www.spotify.com/careers/search,0
http://verify-u5vt-apple-secure.io/login.php,1
https://secure.un.org/account,0
https://ieee.org/,0
http://140.122.180.35/irs/confirm/qaozs7,1
https://rooi387.net/billing,1
http://secure-wallet-outlook-weil.net/login.php,1
http://sciencedirect.com/courses,0
https://hj5s-us.mit.edu/user/api/support,0
https://linkedin.com/about/settings,0
https://www.netflix.com/articles,0
http://office365-secure-suspend-3l5i.work/login.php,1
https://t7wm-api.netflix.com/api/learn/news,0
http://binance-secure.qujybvg6x.xyz/syrgm,1
https://secure.linkedin.com/password-reset,0
https://auth.shopify.com/verify,0
http://170.191.206.97/amazon/unlock/thakjd,1
https://ebxcdg.edu/gxp,1
https://netflix-login.gov/,1
https://p2armq.org/sg0,1
http://is.gd/zcsbb9g,1
https://www.bbc.com/features,0
http://python.org/user/blog,0
https://ipuc-static.python.org/careers/search/articles,0
https://8dzg6t.edu/t95,1
https://paypal-webscr.org/,1
https://blog.netflix.com/pricing/contact,1
https://ieee.org/,0
https://dropbox.com/,0
https://linkedin.com/,0
http://28.191.75.58/paypal/secure/gce1d2,1
https://7byf4t.edu/p6p,1
http://75.153.168.101/instagram/support/aikuck,1
http://instagram-support.kbirr0tj7.zip/vxjvk,1
http://salesforce.com/learn/search,0
https://docs.google.com/products/settings,0
https://fjo1mj.org/7bk,1
https://adobe.com/contact/about/search,0
https://khanacademy.org/,0
https://shop.nature.com/blog,0
https://shop.harvard.edu/courses,0
http://wellsfargo-security-check.mt89ed.cf/bbbkq,1
http://i6bf-coinbase-login-secure.ga/login.php,1
https://4wjfcd7s.gov/secure,1
https://shopify.com/about,0
http://binance.com@b9gkbxdg.edu/suspend,1
https://gggcgs3.co/unlock,1
https://accounts.reddit.com/signin,0
http://t.co/3mzetds,1
https://reddit.com/news/learn,0
http://secure-secure-fenx-bankofamerica.edu/login.php,0
https://spotify.com/,0
http://netflix-billing.lzwu.click/5s4qs,1
https://github.com/api?utm_source=gvbsh&utm_term=zxguj&utm_medium=bf343,0
https://xvh5u.gov/secure,1
https://0lvb.gov/google/login,1
http://is.gd/vg1ab9a,1
https://medium.com/,0
https://shop.nasa.gov/user/features,0
https://netflix.com/index/help/courses,1
https://un.org/help/settings/support,0
https://6te47.edu/amazon/support,1
https://nature.com/,0
https://o7icmwd.io/update,1
http://hf1m-secure-amazon-support.country/login.php,1
https://linkedin.com/,0
http://113.26.67.58/office365/wallet/0r4qnt,1
https://blog.mit.edu/blog/products,0
http://ow.ly/8opg8p8,1
https://xn--gteas-y82.review/chase-update,0
https://qeby-cdn.nature.com/courses/user,0
https://www.netflix.com/about,0
https://46nzhw.co/login,1
http://paypal.com@u679xu2n.kim/account,1
http://netflix-suspend.s88hy.country/amxpt,1
https://cloudflare.com/,0
https://blog.nature.com/articles/api,0
http://187.222.42.95/office365/login/k8ryu6,1
https://auth.apple.com/account,0
http://bbc.com/help,0
https://docs.github.com/search/help,0
http://facebook.com@slff0llc.click/alert,1
https://uv8vavg.net/outlook/support,1
https://harvard.edu/blog/docs/news,0
https://shopify.com/help/contact/api,0
http://usps.com@glhi973q.cf/signin,1
https://y33xx1.co/office365/password-reset,1
http://204.140.45.105/ebay/signin/x5cd2n,1
https://c7jsmi.edu/usps/confirm,1
https://rsc270.edu/instagram/password-reset,1
https://73hk2b.gov/o3h,1
https://095lyhh.edu/verify,1
https://salesforce.com/,0
http://is.gd/pflkfaq,1
https://xn--dro8c-ws3.tk/ebay-account,1
https://medium.com/index?id=23473,0
https://dropbox.com/,0
https://xn--nhshn-gln.org/usps-alert,1
http://bit.ly/ho19wj4,1
http://usps-billing.jwmyx.top/jxu82,1
http://outlook-confirm.4006d9.cf/watfb,1
http://is.gd/b8gd6tu,1
https://www.stackoverflow.com/api,0
http://goo.gl/mh64awc,1
https://wikipedia.org/,0
https://lpd9e9.org/2jy,1
http://ow.ly/ngaamw9,1
https://my.amazon.com/password-reset,1
https://google.com/careers,0
https://dropbox.com/,0
http://verify-cn85-outlook-secure.tk/login.php,1
https://cloudflare.com/,0
https://adobe.com/,0
https://secure.coursera.org/support,0
https://google.com/,0
https://nasa.gov/learn,0
https://qgty5y.gov/outlook/confirm,1
https://xn--6hooa-a4t.edu/dhl-unlock,1
http://un.org/contact/contact,0
https://help.amazon.com/blog,0
http://office365-support.enwa.zip/21sy2,1
http://instagram.com@e2h1zvun.work/account,1
https://xn--3y1t1-k1x.co/dhl-wallet,1
http://amazon-webscr.vxut4a.review/0c56d,1
http://adobe.com/news/api,0
http://secure-suspend-binance-6jfp.cf/login.php,1
https://qymm-cdn.stackoverflow.com/pricing/help/help,0
http://spotify.com/settings/contact,0
http://is.gd/9w7bmob,1
http://goo.gl/1eido8r,1
https://netflix.com/,0
https://amazon-signin.com/,1
https://xn--ckthr-ga4.edu/usps-login,1
https://shop.ieee.org/download,0
https://02xe-us.python.org/support/about,0
http://t.co/kxrsxua,1
https://sciencedirect.com/download?id=96671,0
https://26mz-static.nytimes.com/user,0
https://coursera.org/api/pricing,0
https://khanacademy.org/,0
https://nytimes.com/contact,0
https://nytimes.com/,0
https://un.org/user,0
https://x34a.com/irs/webscr,1
https://usps-security-check.org/,1
http://office365.com@tn7j157j.edu/wallet,1
http://binance.com@nagzf97b.tk/security-check,1
http://t.co/g7nvwq1,1
https://harvard.edu/courses?utm_medium=r5faa&utm_source=woiw5&utm_campaign=ii93d,0
https://microsoft.com/courses,1
https://linkedin.com/help/news,0
https://chase-alert.org/,1
https://linkedin.com/features/courses/download,0
http://ebay.com@1vlitzz7.net/suspend,1
http://coursera.org/support,0
https://shopify.com/api/index/news,0
https://python.org/,0
http://instagram.com@u3ztaznp.com/support,1
https://xn--q1pst-mli.net/netflix-webscr,1
https://shopify.com/,0
https://instagram-password-reset.gov/,1
http://salesforce.com/docs/courses,0
http://myod-secure-confirm-binance.edu/login.php,1
https://9ds83vb.gov/instagram/password-reset,1
https://apple.com/,0
https://cmf2-us.medium.com/support,0
http://7qrw-secure-microsoft-wallet.io/login.php,1
https://xn--gcc3i-arb.ml/binance-account,1
https://python.org/,0
https://khanacademy.org/,0
http://9.188.247.251/instagram/login/g5zv3s,1
https://yj6t5x.edu/w28,1
http://paypal.com@61c7ajy5.zip/login,1
https://un.org/careers/pricing/news,0
https://github.com/,0
https://my.bbc.com/login,0
https://23wzxug.org/suspend,1
https://roensw.co/xe0,1
https://netflix.com/,0
https://6jtwu2.io/s0s,1
https://cloudflare.com/api/index/pricing,0
http://verify-usps-secure-807h.click/login.php,1
https://id.python.org/password-reset,0
https://help.ieee.org/articles,0
http://chase.com@0oxxf41p.ga/password-reset,0
https://pkne.org/usps/signin,1
http://63.200.250.106/wellsfargo/webscr/6b6v96,1
https://help.who.int/support/download,0
https://who.int/features?id=974,0
https://khanacademy.org/pricing/products/contact?id=77768,0
https://do3v-us.khanacademy.org/index/support/learn,0
https://microsoft-webscr.net/,1
https://medium.com/,0
https://01fjrw.com/fe1,1
http://apple-suspend.wnujk.net/0xqnd,1
https://linkedin.com/,0
http://t.co/qen5t0z,1
http://instagram-webscr.snm0rr5d.edu/kymj5,1
https://netflix.com/features/products/news,0
https://nature.com/docs?utm_medium=7od5q&utm_term=0tvjc&utm_campaign=u0arn,0
http://tinyurl.com/l2az453,0
https://shop.mit.edu/contact,0
http://206.3.91.81/office365/verify/q5dd09,1
https://nytimes.com/support/articles/about?id=59472,0
https://xn--xpef1-lfm.gov/chase-signin,1
https://dropbox.com/download/careers/about,0
http://ieee.org/help/careers,0
https://www.dropbox.com/pricing/contact,0
https://shop.bbc.com/index,0
http://unlock-microsoft-secure-hztk.io/login.php,1
https://e1u14d.io/711,1
https://spotify.com/,0
http://dropbox.com/search/api,0
http://106.221.74.219/amazon/update/yc1esc,1
https://nytimes.com/,0
http://151.214.142.238/apple/security-check/c95tv0,0
https://coursera.org/contact?utm_campaign=p8192&utm_term=ca3sk&utm_source=ad4rq,0
https://khanacademy.org/articles?utm_campaign=l472r&utm_term=l15f4&utm_source=w0vug,0
http://goo.gl/sziycuv,1
https://mit.edu/,0
https://office365-support.io/,1
https://xn--ebspq-ecz.net/office365-verify,1
https://04sez.edu/confirm,1
https://un.org/,0
http://secure-3ef2-unlock-facebook.country/login.php,1
https://www.sciencedirect.com/about/news,0
https://www.cloudflare.com/careers,0
https://help.linkedin.com/about,0
https://z1cpni.edu/dhl/alert,1
https://paypal-password-reset.com/,1
https://who.int/help?utm_term=5gu7a&utm_source=b5erd&utm_campaign=90mpl,0
https://l8fmsho.co/facebook/suspend,1
https://www.netflix.com/search/settings,0
https://docs.netflix.com/features/blog,0
http://chase.com@55rnqcod.review/verify,1
https://xk4o-us.netflix.com/user/blog,0
https://xn--8hu2b-11l.ml/ebay-security-check,1
https://docs.who.int/support/contact,0
https://dhl-billing.com/,1
http://chase.com@4jkqcuxp.zip/wallet,1
http://ebay.com@o2paa5hn.gov/confirm,1
https://wikipedia.org/,0
http://218.39.144.228/amazon/suspend/aqs2gk,1
https://linkedin.com/,0
https://sciencedirect.com/user?id=48746,0
http://bit.ly/1wdlrjn,1
https://blog.dropbox.com/news/courses,0
https://spotify.com/contact/user?id=99680,1
https://www.nasa.gov/settings/index,0
https://my.harvard.edu/billing,0
https://nature.com/,0
https://linkedin.com/,0
https://dropbox.com/user/support?id=65172,0
https://www.sciencedirect.com/user,0
https://nature.com/,0
https://shop.cloudflare.com/download/courses,0
http://irs.com@sxb5xz61.kim/security-check,1
http://230.26.189.127/ebay/verify/3bv32n,1
http://apple.com/search,0
https://bi0m-static.cloudflare.com/products/help/index,0
https://blog.stackoverflow.com/features/docs,0
https://who.int/,0
https://python.org/,0
https://netflix.com/,0
http://ow.ly/3loxe67,1
http://ow.ly/1p3b7xw,1
https://accounts.ieee.org/password-reset,0
http://tinyurl.com/a2y8f2a,1
https://www.amazon.com/search/support,0
https://netflix.com/,0
https://cxzqv7.com/login,1
https://itfi-us.spotify.com/search/support,0
http://120.30.165.155/dhl/support/clmmy9,1
http://outlook-verify-secure-ikek.cf/login.php,1
https://adobe.com/,0
https://microsoft.com/,0
https://google.com/,0
https://python.org/search/user,0
https://cloudflare.com/,0
https://1uip-api.amazon.com/docs/search/pricing,0
http://38.193.140.223/office365/alert/k2fk99,1
https://xn--ybp8z-hx2.ml/office365-confirm,1
https://nature.com/articles/products?id=25675,0
https://paypal-password-reset.org/,1
https://t5uwml.net/google/unlock,1
http://wallet-binance-secure-rsf0.co/login.php,1
https://spotify.com/learn/user/help?id=4207,0
https://gewu7l.co/le9,1
https://qcbq-us.adobe.com/pricing,0
https://shop.nature.com/products,0
https://xn--rhwmv-9on.net/wellsfargo-confirm,1
https://docs.salesforce.com/search,0
https://wikipedia.org/docs/contact/careers?id=27228,0
http://office365-security-check.ovok.co/uyh50,1
https://auth.wikipedia.org/signin,0
https://accounts.reddit.com/account,0
https://shopify.com/,0
https://id.apple.com/signin,0
https://w328-static.linkedin.com/news,0
https://coursera.org/about/docs,0
http://irs.com@8i62aq7u.tk/wallet,1
https://nytimes.com/download?utm_medium=7lasx&utm_campaign=4owoi&utm_source=o11f6,0
https://dropbox.com/,0
https://zyhp-eu.un.org/user,0
https://harvard.edu/,0
http://dhl-confirm.cgn698g.tk/aju29,1
https://secure.coursera.org/signin,0
https://ahfbk.io/suspend,0
https://usps-wallet.gov/,1
https://accounts.bbc.com/password-reset,0
http://dhl-confirm.k82i3w3.top/ng9lg,1
http://netflix.com@bzpnvf70.io/unlock,1
https://salesforce.com/,0
https://9tewip.net/69j,1
https://linkedin.com/docs/careers/features,0
https://jq92et.edu/webscr,1
http://binance.com@psidvbks.work/security-check,1
https://python.org/,0
http://chase.com@ziuoi91x.review/update,1
http://coursera.org/pricing/news,0
https://medium.com/articles/products/download?id=9555,0
https://help.github.com/features,0
https://python.org/,0
https://who.int/search/about,0
http://tinyurl.com/gc0xecb,1
https://docs.sciencedirect.com/docs,0
https://amazon.com/,0
https://lymq-eu.cloudflare.com/news/download,0
https://apple.com/help/features/features,0
https://bbc.com/settings/download/search,0
https://www.bbc.com/index/pricing,0
https://5gj8-eu.ieee.org/index,0
https://xn--5oh4v-pzo.net/amazon-password-reset,1
http://202.199.72.183/microsoft/support/106r4g,1
https://nasa.gov/,0
https://www.medium.com/user/settings,0
https://xn--zxmes-xhm.edu/coinbase-update,1
https://tw0661.gov/k4o,1
http://wellsfargo-signin.r3phbxn97.cf/7ogka,1
https://shop.reddit.com/articles/user,0
http://wellsfargo-verify.f8qzvxd0n.co/16vey,1
https://uhau-cdn.reddit.com/news/help/download,0
https://shop.nytimes.com/docs,0
http://dhl.com@l0bxmp78.work/confirm,1
http://outlook-suspend.7ey8t7i3.review/kmbc3,1
https://help.github.com/settings,0
https://python.org/features?utm_medium=47lto&utm_campaign=s55zw&utm_term=84sgo,0
https://khanacademy.org/,0
https://bbc.com/,0
http://ebay-secure-secure-0w03.co/login.php,1
http://ebay-signin.gn904.country/tg2hq,1
http://118.9.50.71/netflix/secure/ghzm80,1
http://ow.ly/fto8p2u,1
http://outlook-arod-secure-verify.kim/login.php,1
http://khanacademy.org/api/news,0
http://174.170.136.151/paypal/login/ju8u46,1
http://usps-secure.173i7ypd.com/8kuoc,1
https://amazon.com/,0
http://instagram-secure-secure-611k.xyz/login.php,1
https://k0gx-api.netflix.com/support/contact/articles,0
https://coinbase-login.co/,1
http://paypal.com@hbwnyj1m.work/account,1
https://blog.who.int/search/about,0
http://81.129.111.78/amazon/secure/ox9pb5,1
http://usps.com@nowl0af3.ga/support,1
https://wikipedia.org/support?utm_term=adrac&utm_campaign=gn7ay&utm_source=7r54v,0
https://www.reddit.com/news/download,0
http://102.47.82.22/usps/support/u5uvgq,1
http://support-dhl-edkv-secure.top/login.php,1
https://nytimes.com/docs/courses/user?id=3519,0
http://io1y-secure-verify-ebay.cf/login.php,1
https://www.harvard.edu/search,0
https://facebook-wallet.net/,1
http://microsoft.com/features/help,0
http://google.com/settings/products,0
http://netflix.com@yhwd4hd1.top/confirm,1
https://ytoqri9.com/billing,1
https://ieee.org/articles?utm_source=cwyzg&utm_term=wnbwy&utm_campaign=sg9qm,0
http://44.206.86.128/instagram/security-check/x6mysi,1
http://spotify.com/contact,0
https://cloudflare.com/news/products,0
https://linkedin.com/blog/index/blog,0
https://5x3c-api.reddit.com/contact,0
https://help.cloudflare.com/careers/careers,0
https://secure.nasa.gov/password-reset,0
https://coursera.org/,0
https://kfw00m1l.edu/login,1
https://chase-password-reset.co/,1
http://bit.ly/nxohimq,1
http://ow.ly/j2wk5t0,1
http://t.co/g8idasx,1
https://gamu7.com/support,1
http://support-outlook-kb6j-secure.xyz/login.php,1
http://chase-suspend.q1ox2g87.cf/z8mur,1
http://231.54.234.36/facebook/webscr/ad69va,1
https://python.org/,0
http://t.co/cx0gq1w,1
https://cloudflare.com/,0
https://ilbsbf.net/paypal/login,1
https://github.com/,0
http://microsoft.com@wp03cgvx.xyz/security-check,1
https://github.com/api/careers/support,0
https://sciencedirect.com/news/careers?id=89386,0
http://netflix.com@659b4p4z.io/unlock,1
https://docs.wikipedia.org/user,0
http://bankofamerica.com@bsn69g50.ga/alert,1
https://id.wikipedia.org/support,0
https://shop.netflix.com/about,0
https://un.org/careers,0
http://is.gd/78lnbkx,1
https://nytimes.com/,0
https://dropbox.com/,0
https://xn--2rwme-8cl.cf/office365-confirm,1
http://wellsfargo-verify.6im5xpti.com/bv0z6,1
http://instagram.com@rmhnu5ta.gov/wallet,1
http://tinyurl.com/gug6bgz,1
https://microsoft.com/user?utm_term=f1rca&utm_medium=viqk2&utm_source=919ah,0
https://zknl-us.coursera.org/blog/features/pricing,0
https://2uvf6z.net/outlook/support,1
https://www.netflix.com/courses/features,0
http://bankofamerica-unlock.e8k4us.co/nc3ht,1
https://z2n3-us.netflix.com/pricing/download,0
https://bankofamerica-confirm.gov/,1
http://8zng-secure-billing-netflix.co/login.php,1
http://239.41.133.240/office365/confirm/f6nua2,1
http://61.250.225.30/coinbase/security-check/7k0n4q,1
https://sht1qra.co/coinbase/support,1
http://bankofamerica-unlock.j9l8f6.work/mjvxf,1
http://hqbq-secure-update-irs.cf/login.php,1
http://wellsfargo.com@zr4mxovy.work/confirm,1
https://help.stackoverflow.com/news,0
http://wellsfargo-signin.9j6p030.top/hia5x,0
https://khanacademy.org/news/features/articles?id=89966,0
http://bit.ly/lp8sdu1,1
https://www.nasa.gov/settings,0
https://www.adobe.com/about/pricing,0
http://bankofamerica.com@rarqrsa3.review/wallet,1
https://www.shopify.com/help/api,0
https://reddit.com/user?utm_source=7q9rm&utm_term=43ca0&utm_medium=l5vvh,0
http://t.co/w2xpdsu,1
https://1d4po9.org/gdl,1
https://n8of7f3.org/apple/verify,1
https://github.com/blog/support,0
https://accounts.wikipedia.org/login,0
http://21.219.108.183/facebook/unlock/4s0227,1
https://ny21b4.net/gcx,1
https://xn--k97p6-arh.io/microsoft-account,1
https://reddit.com/,0
https://linkedin.com/learn/careers/support,0
http://secure-secure-outlook-3idm.ga/login.php,1
http://microsoft-secure.3a4ctjlg.review/av0ek,1
https://github.com/,0
http://177.104.171.44/wellsfargo/update/7bw733,1
https://shop.khanacademy.org/docs,0
https://shop.google.com/blog,0
https://coursera.org/,1
https://nasa.gov/,0
https://stackoverflow.com/,0
https://id.linkedin.com/support,0
https://xn--ujul0-eu9.cf/dhl-confirm,1
https://rn3d-eu.dropbox.com/courses/docs/pricing,0
https://wikipedia.org/help,0
http://mvvv-binance-unlock-secure.com/login.php,1
http://241.163.118.234/wellsfargo/login/dfly9i,1
https://6gnagif.edu/billing,1
http://netflix.com@f2grhgig.ml/alert,1
http://google-secure.ftu3.work/xnove,1
https://yfcmigzv.co/account,1
http://ebay-secure-40ze-wallet.net/login.php,1
https://apple.com/courses/features,0
https://icjkmau.co/signin,1
https://help.who.int/courses,0
http://netflix.com@ijqi6jms.net/billing,1
https://netflix.com/careers?id=94134,0
https://microsoft-support.net/,1
http://google-verify.z4oej.net/nscq3,1
http://ow.ly/27ke98n,1
http://github.com/contact/docs,0
http://199.183.11.89/binance/confirm/74y7zq,1
https://harvard.edu/articles/features/support?id=71247,0
https://nytimes.com/,0
https://qm53c.org/password-reset,1
https://accounts.reddit.com/billing,0
http://233.25.209.197/netflix/billing/zab3w5,1
https://7h74-us.apple.com/index,0
http://outlook-secure-ooxz-billing.review/login.php,1
https://accounts.who.int/login,0
https://nasa.gov/,0
https://apple.com/,0
http://binance-login.zn9nzs5ik.review/txu6g,1
https://xn--4ns53-36t.gov/google-signin,1
https://github.com/products/docs,0
http://paypal.com@1l5rligi.click/unlock,1
http://stackoverflow.com/search/index,0
https://salesforce.com/courses?utm_source=8b2hw&utm_campaign=ywyla&utm_term=h3xm2,0
https://wikipedia.org/features/settings/about,0
https://my.shopify.com/account,0
https://help.medium.com/courses,0
https://khanacademy.org/,0
https://sb61-static.dropbox.com/about,0
http://33.170.82.107/binance/password-reset/3y582a,1
https://shop.spotify.com/settings,0
https://n0cnbm.net/epz,1
https://nasa.gov/,0
http://netflix-verify.um90n9n.work/cp9xq,0
https://google.com/contact,0
https://bbc.com/,0
http://microsoft-secure.mptc7oxr.kim/rj467,1
https://xn--gztup-9mm.cf/wellsfargo-verify,1
http://instagram-support.ast0kq.work/btsgz,1
https://who.int/api/docs/contact?id=93962,0
https://help.sciencedirect.com/support/careers,0
http://7rfk-coinbase-billing-secure.gov/login.php,1
http://secure-95d0-apple-verify.io/login.php,1
http://outlook.com@lkal69ew.zip/account,1
https://my.linkedin.com/signin,0
https://ajnk8u.org/hjr,1
https://cloudflare.com/,0
https://blog.coursera.org/support,0
https://www.nytimes.com/news/products,0
http://suspend-secure-wellsfargo-whra.xyz/login.php,1
https://bbc.com/index/articles?id=47028,0
http://paypal-wallet.zbjrr.work/ihf4o,1
http://cloudflare.com/download/careers,0
https://www.nytimes.com/blog,0
http://microsoft-support.j3tr.net/bgobw,1
https://9qgb8.edu/account,1
http://bit.ly/bt97a2t,1
https://python.org/,0
http://adobe.com/help,0
https://coinbase-billing.org/,1
https://i1okgvi.gov/office365/suspend,1
https://www.spotify.com/news,0
https://salesforce.com/,0
http://31.252.57.134/usps/secure/18zeg8,1
https://3i5h-eu.mit.edu/help/articles,0
http://secure-usps-wallet-cyqn.gov/login.php,1
http://office365.com@63hla6oo.zip/verify,1
http://2cw4-secure-alert-dhl.country/login.php,1
https://un.org/search/api,0
https://shop.netflix.com/download/settings,0
http://secure-ezsi-irs-account.co/login.php,1
https://nasa.gov/,0
https://pnwy06.co/netflix/billing,1
http://webscr-secure-d4zi-chase.zip/login.php,1
https://my.stackoverflow.com/login,0
https://ncmtv8.io/security-check,1
http://100.134.91.120/bankofamerica/alert/vx1stj,1
https://python.org/docs/news/download?id=36217,0
https://python.org/learn,0
https://reddit.com/search?id=92591,0
https://adobe.com/pricing/products/news,0
http://amazon-suspend.nfs1ahd.io/q2x5x,1
http://apple-update.z9l3.net/799r3,1
https://harvard.edu/,0
http://tc09-signin-secure-google.co/login.php,1
http://is.gd/jok5jot,1
https://www.who.int/careers/pricing,0
http://google-verify.0sus7i35.ga/hwfhq,1
https://microsoft.com/search,0
https://bbc.com/,0
https://netflix.com/,0
http://goo.gl/b9i5w8z,1
https://google.com/,0
http://9pbt-bankofamerica-update-secure.ml/login.php,1
http://verify-secure-amazon-gywl.ga/login.php,1
https://docs.nasa.gov/courses,0
https://harvard.edu/,0
https://n7bs-eu.amazon.com/pricing/contact/support,0
https://linkedin.com/,0
http://spotify.com/docs/docs,0
http://220.120.226.50/office365/update/xw8342,1
https://nasa.gov/,0
http://apple-wallet.nurxhn1rc.top/itljc,1
https://help.sciencedirect.com/contact,0
https://tqdk-us.wikipedia.org/blog/contact,0
https://pckd.com/paypal/account,1
http://bit.ly/grmz1qq,1
https://microsoft.com/help,0
http://google.com@3e3tb0z9.net/unlock,1
https://google-webscr.edu/,1
https://linkedin.com/,0
https://bh4wkt.com/google/webscr,1
http://bit.ly/75mzvs5,1
https://cxiuzqb.io/support,1
https://coursera.org/,0
http://irs-account-secure-0ph8.com/login.php,1
https://wipo-static.nature.com/download/articles/user,0
https://nasa.gov/news?utm_medium=jp5zm&utm_source=e43tx&utm_campaign=rkeay,0
https://9hqq-eu.stackoverflow.com/index,0
http://43.47.71.215/usps/billing/rpkywq,1
https://dhl-billing.co/,1
https://office365-unlock.edu/,1
https://netflix.com/search/products/support?id=90562,0
https://ww29-static.adobe.com/about,0
http://secure-apple-update-5vic.top/login.php,1
https://qn3ngz.edu/063,1
https://khanacademy.org/careers?utm_campaign=rdc1q&utm_medium=txs3v&utm_term=jmehi,0
https://python.org/settings/search/docs,0
http://ow.ly/0lz6wbo,1
https://www.microsoft.com/user/pricing,0
https://coursera.org/,0
http://secure-43hq-amazon-unlock.top/login.php,0
https://shop.nasa.gov/api/contact,1
http://coinbase-verify.zrfkqxy8.top/8eehg,1
https://bbc.com/courses?utm_campaign=aq8h3&utm_source=xqyxg&utm_medium=o4b9u,0
https://www.mit.edu/learn,0
http://coinbase-wallet.swjzg.country/verm0,1
https://outlook-suspend.io/,1
https://python.org/about/download/products,0
https://www.nytimes.com/settings,0
https://mit.edu/,1
https://nytimes.com/,0
http://amazon-secure-verify-cwr6.work/login.php,1
https://who.int/articles,0
http://189.35.68.99/dhl/unlock/xvjx59,1
https://cloudflare.com/articles?utm_source=lw87w&utm_campaign=211q5&utm_medium=bnh9a,0
http://nigg-secure-instagram-webscr.edu/login.php,1
https://dropbox.com/blog/features/features,0
https://tg1hyy.gov/rvt,1
http://netflix.com@6xxmeyzw.top/security-check,1
http://amazon-signin.74vx58oi.io/lcbdu,1
http://alert-paypal-vmd8-secure.org/login.php,1
http://coinbase-secure.6hdun.xyz/bpdyt,1
http://harvard.edu/pricing/download,0
http://204.83.115.101/outlook/suspend/yf0lxd,1
https://help.mit.edu/support/docs,0
http://120.70.45.244/microsoft/security-check/mof3w1,1
http://netflix.com@puau4avg.org/webscr,1
https://www.spotify.com/settings,0
http://goo.gl/z00dxki,1
https://my.ieee.org/verify,0
https://www.salesforce.com/api,0
https://www.netflix.com/settings/courses,0
http://239.47.41.62/outlook/security-check/h9v6nf,1
https://ffp4o.com/security-check,1
http://bit.ly/o7abhpg,1
https://shop.un.org/about,0
https://help.dropbox.com/about,0
https://nature.com/,0
http://bit.ly/g7e680h,1
https://shop.harvard.edu/user/news,0
https://l318-eu.nasa.gov/products,0
https://xn--re3ob-6f6.zip/instagram-confirm,1
https://vgijc3.org/netflix/billing,1
https://who.int/pricing,0
https://un.org/blog/download?id=15932,0
https://salesforce.com/,1
http://usps.com@b3k5qibc.net/billing,1
https://bbc.com/pricing?utm_medium=7tyd9&utm_campaign=z4imn&utm_source=edqq7,0
http://google.com@dw3uka3l.zip/support,1
http://52.81.167.126/coinbase/confirm/o5qlgt,1
https://nasa.gov/,0
http://webscr-chase-1ode-secure.top/login.php,1
https://help.cloudflare.com/api,0
https://outlook-suspend.io/,1
http://d7ce-unlock-secure-paypal.work/login.php,1
https://1vf55men.com/account,1
https://5hgp-us.google.com/courses,0
https://shop.sciencedirect.com/courses/courses,0
https://docs.khanacademy.org/pricing,0
https://xn--eiyhd-a1h.ga/amazon-verify,1
https://my.netflix.com/billing,0
https://ebay-alert.edu/,1
https://infj-api.apple.com/user,0
http://apple.com@f4fxv49u.cf/unlock,1
http://office365-86vo-login-secure.co/login.php,1
https://docs.github.com/news,0
http://239.61.17.191/office365/account/56v7nj,1
https://linkedin.com/support?id=35215,0
https://www.sciencedirect.com/search/support,0
http://paypal-support.a8odo.edu/97sbg,1
http://goo.gl/o992mns,1
http://un.org/careers/docs,0
https://reddit.com/,0
https://www.mit.edu/contact,0
http://netflix.com@hxmxm3uk.co/update,1
https://github.com/products/articles/blog?id=25783,0
https://khanacademy.org/settings/api/docs?id=75054,0
https://salesforce.com/products/support?id=60656,0
https://apple.com/api/index,0
http://121.182.61.93/coinbase/account/5z7w1q,1
http://wellsfargo-wallet.lm9bjvux4.org/9f4sz,1
http://ow.ly/te5pl0x,1
http://ee6p-netflix-support-secure.xyz/login.php,1
http://52.211.88.190/binance/alert/0ema8v,1
https://microsoft-confirm.edu/,1
https://docs.adobe.com/download/download,0
https://coursera.org/contact?utm_term=vn9z4&utm_source=0iwin&utm_campaign=7164d,0
https://adobe.com/contact?utm_medium=uzuu2&utm_term=roemi&utm_campaign=gjgk2,0
https://k1wy-cdn.python.org/index/help/docs,0
https://secure.salesforce.com/login,0
http://t.co/noafekb,1
https://dhl-confirm.net/,1
https://nytimes.com/download?id=61918,0
http://chase.com@w0u0v0zz.co/support,1
https://shopify.com/help,0
https://shop.nasa.gov/user,0
https://auth.reddit.com/login,0
https://3xw8l0.org/secure,1
https://cloudflare.com/help?utm_campaign=nharw&utm_term=icn1c&utm_source=6see8,0
https://shopify.com/courses?utm_source=hckzi&utm_medium=3czzs&utm_term=9db8l,0
http://107.221.156.232/apple/billing/x0sx5t,1
https://wellsfargo-verify.edu/,1
https://shopify.com/settings/articles,0
http://binance.com@2714luod.top/wallet,1
http://84.218.229.64/dhl/suspend/xioli3,1
https://bbc.com/products?id=21434,0
https://gcew-eu.sciencedirect.com/download/api,0
https://fshm-eu.apple.com/learn/blog/learn,0
http://75.123.179.114/wellsfargo/unlock/frz4on,1
https://spotify.com/settings?utm_term=r65jm&utm_campaign=9w7yv&utm_source=pj4y9,0
https://docs.spotify.com/blog,0
https://shop.python.org/contact,0
http://goo.gl/ssf7tp0,1
http://bankofamerica.com@ck1iru8w.net/verify,1
http://201.83.133.153/usps/webscr/czu8z5,1
http://paypal.com@8yx2g161.net/unlock,1
http://is.gd/bq8qsp5,1
http://188.47.24.97/dhl/account/9r4lbk,1
https://hg23f0jp.com/suspend,1
https://nature.com/,0
https://docs.wikipedia.org/products,0
http://bit.ly/ncv9f6h,1
https://google.com/careers?id=55823,0
https://www.salesforce.com/blog,1
https://shopify.com/,0
http://45.59.244.162/outlook/wallet/vdfr3n,1
https://xn--6rbl4-bjc.work/instagram-webscr,1
https://my.un.org/signin,0
https://linkedin.com/,0
https://github.com/,0
https://3qwq-us.amazon.com/careers,0
https://xn--s4rpq-f87.org/wellsfargo-verify,1
http://binance-signin.jarnk7fi.org/35nh3,1
https://irs-update.edu/,1
https://secure.un.org/signin,0
http://bit.ly/c1492k1,1
https://harvard.edu/articles,0
https://salesforce.com/contact/support,0
https://52qg1.gov/login,1
http://facebook-webscr.4warkl.ml/tzqdy,1
https://coursera.org/contact/api?id=68387,0
https://nature.com/index/news,0
https://u7lydzc.com/billing,1
https://edn44.com/wellsfargo/wallet,1
https://www.mit.edu/download,0
http://ebay-support.y4ft7p9.com/zt984,1
http://dhl-security-check.19au1eay.cf/kh3v0,1
https://xn--hx35e-qrv.edu/google-suspend,1
https://i41qpe.com/4lk,1
https://nasa.gov/,0
https://a9no.net/google/update,1
http://instagram.com@1v58n4pg.net/password-reset,1
https://id.shopify.com/support,0
https://sciencedirect.com/articles,0
https://www.bbc.com/features,0
http://205.42.27.46/wellsfargo/account/wi9wwl,1
https://help.ieee.org/search/docs,0
https://cdwb.co/office365/unlock,1
https://xn--7yijw-q16.io/netflix-confirm,1
https://pecech.com/qzc,1
https://shopify.com/search/user?id=65275,0
https://www.medium.com/download/docs,0
https://shopify.com/,0
http://goo.gl/oet9a7g,1
https://nytimes.com/articles?utm_term=3ry8d&utm_source=qh75l&utm_campaign=2skcs,0
https://binance-password-reset.io/,1
https://linkedin.com/index/pricing/help,0
http://75.220.34.200/amazon/signin/zd29js,1
https://xn--m7oyq-za0.net/binance-suspend,1
https://www.stackoverflow.com/courses,0
https://help.linkedin.com/download/api,0
https://dhbsw.co/alert,1
http://62.226.109.235/outlook/login/wzff62,1
https://amazon.com/,0
https://spotify.com/blog/courses/learn,0
https://help.sciencedirect.com/news,0
https://khanacademy.org/user/docs/learn,0
https://joutsp.org/sa7,1
http://office365-account.hm3cez97.ml/sat4z,1
http://facebook.com@34dvxt7c.net/webscr,1
https://secure.stackoverflow.com/login,0
https://stackoverflow.com/,0
https://shop.stackoverflow.com/download,0
http://coinbase-webscr.0s7selfj.click/psycw,1
https://docs.wikipedia.org/articles,1
https://wellsfargo-update.co/,1
http://40.85.244.115/outlook/billing/5lfb65,1
https://blog.netflix.com/search/help,0
https://accounts.mit.edu/verify,0
https://dhl-verify.net/,1
http://bit.ly/u24iwas,1
https://netflix.com/,0
https://phgyw.net/apple/update,1
http://172.132.169.107/microsoft/billing/l06q2c,1
https://u3l1nt7.io/billing,1
https://mit.edu/pricing/about/api,0
https://python.org/products?utm_term=uubti&utm_medium=ih3dq&utm_source=91e8z,0
https://reddit.com/,0
https://xn--zjan5-0di.top/wellsfargo-support,1
http://apple.com@qsf0b4mb.top/alert,1
http://goo.gl/qblfxyv,1
https://xn--vj04m-2he.click/instagram-update,1
https://docs.who.int/pricing/learn,0
https://docs.bbc.com/user/articles,0
http://dhl-unlock.mawwt.xyz/fihkt,1
http://confirm-irs-secure-n5q6.top/login.php,1
https://mit.edu/courses?utm_campaign=gxizi&utm_term=gc4sf&utm_source=qqoah,0
https://www.nasa.gov/courses/api,0
https://6znl-cdn.medium.com/courses,0
https://my.linkedin.com/account,0
http://microsoft-support.g6f1lxsmg.co/tup0v,1
http://goo.gl/8c8l4oo,1
https://n8j673.edu/585,1
https://xn--u41n5-6ko.net/facebook-suspend,1
http://170.204.130.117/bankofamerica/verify/3e1gyu,1
https://ebay-confirm.edu/,1
http://microsoft.com/articles,0
https://q36na2v.com/wallet,1
http://google-verify.6t6sl.tk/f4l5q,1
https://dropbox.com/,0
https://g4f8a.com/ebay/suspend,1
https://irs-suspend.net/,1
http://ow.ly/r9hx96j,1
https://linkedin.com/,0
https://uebj3f.gov/bw7,1
https://auth.nature.com/signin,0
https://harvard.edu/news,0
https://spotify.com/contact?id=53881,0
https://bbc.com/,0
https://0ve5-eu.apple.com/blog/careers/api,0
https://who.int/,0
http://coinbase-secure-wallet-2hib.kim/login.php,1
http://tinyurl.com/etqk12p,1
https://blog.sciencedirect.com/index,0
https://spotify.com/,0
https://wikipedia.org/,0
http://binance.com@t6jehkay.tk/signin,1
http://amazon-secure.cetyh64.gov/dk4oi,1
http://64.191.166.213/google/account/chi7fs,1
https://accounts.un.org/verify,0
https://python.org/courses,0
https://as0bg2qv.org/login,1
https://www.apple.com/news,0
https://sciencedirect.com/download/settings,0
https://stackoverflow.com/,0
https://khanacademy.org/index/products,0
http://secure-wi6s-signin-coinbase.top/login.php,1
http://45.237.250.165/wellsfargo/alert/vp2gi0,1
http://netflix-signin.8yhgv.kim/hhf1l,1
http://nature.com/features/features,0
https://sciencedirect.com/articles,0
http://41.131.43.129/google/secure/ua2kwu,1
https://www.nytimes.com/api,0
http://wellsfargo.com@abqfqmk0.gov/billing,1
https://o0c758c.edu/support,1
http://wikipedia.org/index,0
https://amazon.com/,0
http://t.co/rm0v6yt,1
https://id.shopify.com/signin,0
http://nature.com/support/settings,0
http://116.122.22.121/outlook/password-reset/b22x41,1
http://abgv-wallet-secure-paypal.tk/login.php,1
https://spotify.com/,0
https://nytimes.com/learn,0
http://secure-wallet-outlook-y2mv.io/login.php,1
https://www.mit.edu/help,0
https://blog.sciencedirect.com/settings/careers,0
http://wellsfargo.com@3nxs5ftw.ml/account,1
https://www.nytimes.com/products/blog,0
https://accounts.netflix.com/verify,0
https://microsoft-verify.org/,1
https://medium.com/api/api?id=4785,0
https://www.nasa.gov/search/features,0
http://127.123.196.181/google/billing/aqffb6,1
https://3hjitz.co/billing,1
https://www.salesforce.com/courses/pricing,0
https://mdeu-static.microsoft.com/help,0
https://netflix.com/products?utm_medium=jcipl&utm_campaign=bgqae&utm_term=1mol7,0
https://blog.shopify.com/docs,0
http://amazon-login.z4hlu.co/8ras5,1
https://mit.edu/,0
http://tinyurl.com/8weu31s,1
https://github.com/learn?id=45616,0
http://usps-alert.s7zvq.org/3iind,1
https://9xm6rr.com/7r2,1
http://dhl-alert.ix51wvve.ga/q1x6o,1
https://github.com/blog,0
https://reddit.com/,0
http://goo.gl/2megz68,1
http://t.co/6m4q0bk,1
http://t.co/1zpria8,1
https://binance-account.gov/,1
https://www.sciencedirect.com/courses,0
http://160.231.108.179/ebay/webscr/ufzzk4,1
http://paypal-secure-7t31-secure.tk/login.php,1
http://164.137.5.96/bankofamerica/update/m8t5j2,1
http://binance-wallet.7y915.co/hqf1z,1
https://python.org/learn/articles/features,0
http://coinbase.com@8ldrxax5.work/confirm,1
https://python.org/,0
https://github.com/learn/contact/docs,0
https://linkedin.com/index/contact/news?id=86981,0
https://k0yito.co/rg3,1
https://adobe.com/,0
https://gmae-api.reddit.com/blog,0
https://apple.com/about/support/support,0
https://google.com/learn?utm_medium=rpei3&utm_source=20h36&utm_campaign=hw08p,0
http://microsoft-account.foc57p2n.org/g7pwt,1
https://netflix.com/,0
https://ebay-alert.net/,1
http://81.242.153.162/wellsfargo/verify/wb3zhq,1
https://qwkl-us.google.com/docs,0
https://blog.python.org/news/help,0
http://goo.gl/e0tnp7i,1
https://f914-api.harvard.edu/search/blog,0
https://adobe.com/,0
http://adobe.com/contact,0
https://apple.com/index/docs/about,0
https://google.com/,0
https://www.nasa.gov/contact,0
https://ct2q30s.net/suspend,1
http://190.66.224.231/wellsfargo/signin/n74df2,1
https://www.apple.com/blog,0
https://secure.reddit.com/password-reset,0
https://adobe.com/settings/about,0
https://xn--914mj-u7z.top/paypal-unlock,1
https://cloudflare.com/,0
https://facebook-suspend.net/,1
http://facebook-login.4nlvx.org/qcqh8,1
https://cloudflare.com/,0
https://netflix.com/support?utm_campaign=afh5j&utm_source=f6egq&utm_term=o3sq3,0
https://harvard.edu/learn,0
https://who.int/pricing/courses,0
https://z1hjf25s.io/security-check,1
http://9l6h-login-paypal-secure.net/login.php,1
https://xn--l4u2e-r7e.zip/usps-alert,1
https://linkedin.com/,0
http://microsoft-suspend.23dixb.top/fxxsq,1
http://facebook.com@p6047im1.click/confirm,1
http://ow.ly/12c24yb,1
https://rp74s.net/support,1
https://help.mit.edu/docs/support,0
https://github.com/,0
https://x6gztr0.com/account,1
http://outlook-support.kry82f08.review/wweof,1
http://coinbase-webscr.m3xy87c7u.net/01wjh,1
https://linkedin.com/,0
https://nasa.gov/docs/api,0
https://yyjmut.edu/2wo,1
http://goo.gl/pzehgz7,1
http://19.106.92.217/netflix/webscr/dhlrds,1
https://8vse.io/binance/suspend,1
https://harvard.edu/download/search/api,0
https://coursera.org/about/docs/docs?id=6915,0
https://usps-confirm.com/,1
http://80.34.200.216/ebay/secure/5r26s3,1
http://88.58.19.73/bankofamerica/support/aaclo4,1
https://secure.nasa.gov/support,0
http://khanacademy.org/products,0
https://dropbox.com/,0
https://nasa.gov/support/blog,0
https://blog.apple.com/articles,0
https://docs.netflix.com/courses/articles,0
https://ieee.org/courses,0
https://wellsfargo-secure.co/,1
https://un.org/contact/help/download?id=36107,0
https://www.mit.edu/blog,0
https://un.org/features?id=9351,0
https://fkqb41.io/047,1
https://help.microsoft.com/search/careers,0
http://google.com/careers/courses,0
http://208.172.64.225/bankofamerica/confirm/rgg1j9,1
https://nasa.gov/,0
https://help.nasa.gov/news,0
http://bit.ly/zxuti3p,1
https://shopify.com/help?utm_term=kuwvf&utm_medium=bbxfc&utm_source=6ht8q,0
http://bankofamerica-secure.jrufpd0.edu/hj3os,1
https://www.google.com/docs/api,0
https://docs.shopify.com/download/settings,0
https://xn--i1owi-79i.edu/google-verify,1
https://lk1kw9t4.io/secure,1
http://87.2.95.103/instagram/update/86d6r7,1
https://3gly-us.sciencedirect.com/download,0
https://stru-eu.github.com/user/settings/user,0
https://reddit.com/learn/features/contact?id=19436,0
https://x2j8k6.net/5gj,1
https://www.mit.edu/docs/index,0
https://spotify.com/,0
http://84.20.140.49/bankofamerica/suspend/xgq1hk,1
https://blog.reddit.com/user,0
https://google.com/,0
http://47.60.123.161/chase/account/0nruyk,1
http://apple-account.b5bl02.review/i1cg6,1
http://outlook-49sj-support-secure.io/login.php,1
http://shopify.com/settings/news,0
https://salesforce.com/user/api,0
https://y78465l.co/binance/verify,1
http://outlook-billing.60l99.xyz/h9ok8,1
https://nytimes.com/,0
http://amazon.com@fo4dl1ey.ml/alert,1
https://nasa.gov/,0
https://cloudflare.com/products/api/news,0
https://mit.edu/,0
http://dhl-update.p09t8x.net/c2bep,1
https://adobe.com/,0
http://248.174.199.243/ebay/verify/g52im5,1
https://sciencedirect.com/index?utm_campaign=clofi&utm_source=zumk3&utm_medium=puvhs,0
https://yfxo-cdn.google.com/about/news,0
http://9nad-secure-irs-verify.edu/login.php,1
http://117.55.61.214/microsoft/alert/4cfags,1
https://netflix.com/,0
http://microsoft.com@cl16ldbv.edu/confirm,1
https://amazon.com/products/user/about,0
http://tinyurl.com/34cvm85,1
http://irs-secure.858nwbut.click/sxmg9,1
https://coursera.org/search/search/help,0
https://khanacademy.org/,0
https://facebook-account.org/,1
https://nasa.gov/features?utm_medium=gilz2&utm_term=eog4x&utm_campaign=ozi1r,0
https://harvard.edu/news/help?id=19494,0
https://l1xtlu61.io/billing,1
https://khanacademy.org/,0
http://netflix.com@16qzdo7w.click/signin,1
https://ci5jw.edu/netflix/signin,1
https://shop.who.int/news,0
https://wikipedia.org/docs?id=66462,0
https://cloudflare.com/,0
http://shopify.com/user/news,0
https://help.nature.com/learn/products,0
https://blog.netflix.com/search/features,0
https://irs-billing.gov/,1
https://microsoft-signin.co/,1
https://coursera.org/,0
http://is.gd/kd6gqd0,1
https://amazon.com/,0
https://microsoft.com/,0
http://binance-password-reset.ycq6m.io/h6ieg,1
https://www.apple.com/api/download,0
https://salesforce.com/,0
https://xn--c35je-69b.country/microsoft-alert,1
http://ebay-suspend.510yl.kim/tj6lm,1
http://90.38.11.138/binance/webscr/zlc2y1,1
http://amazon.com/blog/search,0
https://apple.com/download,0
https://xn--o6v73-6dz.ga/amazon-alert,1
https://dropbox.com/blog/about?id=72684,0
https://87cv-us.nature.com/index,0
https://xn--lgxh3-uhy.review/usps-update,1
https://0bvo-api.amazon.com/contact/search/contact,0
http://ebay-login.bbjgtoy0u.cf/swm99,1
https://0oilh.gov/instagram/wallet,1
https://shop.harvard.edu/docs,0
https://bbc.com/,0
http://8.65.171.83/chase/confirm/cn60b5,1
http://facebook-secure-secure-jkve.ga/login.php,1
http://medium.com/products,0
https://id.nasa.gov/verify,0
http://un.org/help,0
https://google.com/support?id=53592,0
http://google.com@hwywdn4g.edu/suspend,1
https://apple.com/download,0
https://coursera.org/,0
http://instagram-unlock.w0l3w2423.io/9mke7,1
https://ieee.org/,0
https://nytimes.com/docs,0
https://ts7spu.com/569,1
https://blog.harvard.edu/blog/news,0
http://binance-alert.2pxv9tn.zip/8pxy4,1
http://94.151.182.200/netflix/secure/yhv4nq,1
https://medium.com/,0
https://shop.harvard.edu/articles,0
https://www.github.com/articles/features,0
http://apple-confirm.73ap.ml/xc999,1
http://secure-wgtw-verify-coinbase.zip/login.php,1
http://167.191.60.133/outlook/account/udi8r5,1
http://tinyurl.com/loh4ye0,1
https://dropbox.com/download/contact,0
https://h2joye.org/update,1
https://www.nature.com/articles/careers,0
https://microsoft.com/help?utm_source=ccrc0&utm_campaign=xzw6j&utm_term=psqvp,0
https://chase-secure.io/,1
https://vxi9gu.io/irs/wallet,1
https://www.nytimes.com/learn/blog,0
https://shopify.com/,0
https://python.org/,0
http://q0m1-secure-password-reset-chase.ml/login.php,1
https://xn--egsml-dur.top/google-unlock,1
https://harvard.edu/pricing?id=36628,0
http://122.159.203.102/microsoft/confirm/ftqsbd,1
https://google.com/,0
http://apple-login.sswgi6k4.kim/iqk88,1
https://blog.spotify.com/about,0
https://id.spotify.com/login,0
https://adobe.com/,0
https://help.shopify.com/contact/user,0
http://r12q-secure-apple-alert.net/login.php,1
http://m197-outlook-signin-secure.ga/login.php,1
https://nytimes.com/products/courses/settings?id=53145,0
https://q7ye.com/bankofamerica/alert,1
https://who.int/,0
http://is.gd/htnrsjf,1
https://92by-eu.wikipedia.org/api/help/news,0
https://help.nature.com/contact,0
http://paypal.com@ztcpgw5u.co/security-check,1
http://165.252.83.4/instagram/update/mu38nx,1
http://ebay.com@6y3uchpm.top/account,1
http://netflix-alert.ygcs.click/lcpb4,1
https://wikipedia.org/,0
http://paypal.com@fnhswqij.work/security-check,1
https://id.salesforce.com/account,0
https://rxrw-eu.python.org/news,0
https://nature.com/user?utm_source=n4e45&utm_campaign=x79wy&utm_term=j2q8a,0
http://dhl-support.sbr2w.click/ccctv,1
http://134.46.210.221/usps/security-check/tg36z6,1
https://www.khanacademy.org/articles,1
https://blog.un.org/settings/support,0
https://xn--a6pn7-77a.net/apple-webscr,1
https://bbc.com/settings/pricing,0
https://shop.spotify.com/news,0
http://paypal-account.i8dho67.review/xmehw,1
https://blog.nature.com/products,0
https://nasa.gov/user?utm_term=520rn&utm_campaign=6hw1h&utm_medium=s57tc,0
https://i3941ky.com/verify,1
https://my.medium.com/login,0
https://qwkw-api.microsoft.com/products/articles/courses,0
https://id.ieee.org/signin,0
http://netflix.com@307c4iv4.zip/account,1
https://ieee.org/,0
https://zbh5w.com/webscr,0
https://docs.medium.com/index,0
https://salesforce.com/docs,0
http://paypal-security-check.u0lrfpjrv.zip/gipes,1
http://155.237.139.245/coinbase/wallet/ws20ar,1
https://zdpd-api.shopify.com/index,0
https://u41gr.org/unlock,1
https://id.apple.com/billing,0
http://security-check-wellsfargo-22se-secure.zip/login.php,1
https://fgt69.org/security-check,0
https://help.harvard.edu/articles,0
http://69.239.142.228/google/signin/xfxwzq,1
https://docs.stackoverflow.com/settings/careers,0
https://microsoft.com/courses?id=51935,0
http://t.co/5ushnvr,1
https://blog.harvard.edu/index,0
https://amazon.com/courses,0
https://github.com/user?utm_source=vzcrx&utm_term=rqaht&utm_medium=uql23,0
http://bbc.com/careers,0
https://github.com/,0
https://bvw2.edu/dhl/password-reset,1
http://t.co/y1fakcf,1
https://id.salesforce.com/login,0
https://nt6ul2.co/nq0,1
https://github.com/,0
https://blog.medium.com/features/news,0
https://h4sk.edu/office365/unlock,1
https://nasa.gov/help?id=27298,0
https://dropbox.com/,0
http://usps-update.d6jo5hbx.io/0akmo,1
https://mit.edu/,0
http://wallet-secure-coinbase-otsu.tk/login.php,1
https://microsoft.com/settings?utm_term=j0uqy&utm_source=hdmpp&utm_medium=566yh,0
https://outlook-billing.edu/,1
https://help.google.com/courses/search,0
https://shop.nasa.gov/docs/careers,0
https://shopify.com/support,0
http://netflix.com@65rtbihm.ml/wallet,1
https://netflix.com/contact/about/download,0
http://is.gd/yi4x3mp,1
https://ebay-verify.net/,1
http://ebay-billing.89f6104v.cf/att0r,1
https://nfxpw1.org/facebook/verify,1
https://shop.khanacademy.org/index/settings,0
https://cloudflare.com/,0
https://shop.reddit.com/index/features,0
https://apple.com/,0
https://help.coursera.org/features/index,0
https://xn--6pnof-fk2.review/amazon-login,1
https://netflix.com/,0
http://outlook-suspend-secure-7mqp.kim/login.php,1
https://my.shopify.com/verify,1
http://t.co/xbrzeii,1
https://nytimes.com/,0
https://salesforce.com/,0
https://nasa.gov/features?id=63167,0
https://who.int/pricing,0
https://netflix-webscr.org/,1
https://sciencedirect.com/,0
https://jljglt.org/coinbase/alert,1
https://sciencedirect.com/support?utm_source=ui97p&utm_term=ijbgi&utm_medium=xzd9m,0
https://blog.nature.com/articles/learn,0
http://paypal-suspend.ydgdfznj.work/dadtk,1
https://auth.apple.com/billing,0
https://mx4u8bz.co/support,1
http://t.co/6jf3n9h,1
http://instagram-alert.m0skvrlt3.work/dlygu,1
https://shopify.com/,0
http://dropbox.com/contact,0
http://t.co/isvb9pj,1
https://www.python.org/download,0
http://microsoft-billing.p5oj4kftd.xyz/lj16c,1
https://help.wikipedia.org/api/help,0
https://stackoverflow.com/search/careers/products,0
http://ebay-secure-xoag-signin.click/login.php,1
http://14.139.183.157/usps/secure/lxzpff,1
https://khanacademy.org/,0
https://gke29.net/unlock,1
https://x5uhq.io/confirm,1
http://115.197.203.243/outlook/suspend/t9hiz6,1
http://paypal-suspend.2wrlo3.ga/pvnq3,1
https://www.khanacademy.org/index/about,1
http://135.219.253.20/apple/billing/d2wgzm,1
https://help.microsoft.com/settings/user,0
https://nytimes.com/articles/user/contact,0
http://mf2d-irs-wallet-secure.zip/login.php,1
https://google-webscr.edu/,1
https://nytimes.com/,0
https://dropbox.com/,0
https://google.com/,0
https://est0r.co/billing,1
http://234.133.145.228/paypal/suspend/muog3m,1
http://dhl-security-check.79bg0kln.gov/gqigg,1
http://is.gd/7yjlkdu,1
https://netflix.com/,0
https://netflix.com/,0
http://52.245.100.205/office365/billing/32dwj5,1
http://t.co/qo0jim7,1
https://zgd552.edu/jjk,1
http://43.106.175.126/netflix/login/m76a2y,1
http://apple-support.sfyi8tgq.cf/q2syb,1
http://irs-signin-secure-0imf.xyz/login.php,1
http://microsoft-billing.r4qxc.co/dtte8,1
https://netflix.com/about/courses?id=11579,0
https://nasa.gov/contact?id=77844,0
http://suspend-google-secure-j6cg.review/login.php,1
https://github.com/news/about/courses,0
http://coinbase.com@lj06ruqk.co/billing,1
https://reddit.com/,0
https://cloudflare.com/,0
https://spotify.com/download/contact/index,0
http://84.184.230.2/binance/billing/f5k2k3,1
http://binance-76pk-secure-signin.kim/login.php,1
http://goo.gl/jojrpqj,1
https://adobe.com/download/features?id=11942,0
http://ow.ly/hw2w7r9,1
http://google.com@0qgrw6nl.net/unlock,1
https://ezqi1f.io/z00,1
https://35mq9n.org/support,1
http://is.gd/ik04ye5,1
https://copgxin.net/security-check,1
https://netflix.com/,0
https://sfq6jj.net/instagram/alert,1
http://32.92.118.49/amazon/support/11ta09,1
http://irs-signin.fv7u8kj3.gov/nxzjv,1
https://zzoraqg.gov/facebook/verify,1
https://dzpp.edu/outlook/confirm,1
https://stackoverflow.com/,0
https://q97s-cdn.bbc.com/docs,0
http://binance-password-reset.ja7k.gov/dzsyb,1
https://netflix.com/pricing/user?id=79718,0
http://secure-f08c-support-microsoft.kim/login.php,1
http://38.117.28.2/bankofamerica/account/y4z2uv,1
https://bankofamerica-account.co/,1
https://www.sciencedirect.com/api/search,0
https://bankofamerica-update.net/,1
http://goo.gl/fccie6j,1
http://t.co/yvqaiot,1
http://dhl-suspend.xgn8xxpkn.tk/4xa6n,1
https://p88ca3.net/secure,1
https://a44cle.net/4qx,1
http://usps-suspend.fzunwrp.net/q1t7a,1
https://secure.who.int/signin,0
https://mw04nw53.net/update,1
https://medium.com/pricing?utm_source=9tgzc&utm_campaign=t0fvr&utm_medium=diega,0
https://xn--wwgzv-29e.click/outlook-password-reset,1
https://blog.adobe.com/help,0
http://34.200.253.9/chase/secure/f9xdwk,1
https://dropbox.com/docs?id=85608,0
http://bankofamerica-unlock.6u2787.edu/keok3,1
http://unlock-wellsfargo-secure-pxx2.io/login.php,1
https://x1ozvh.co/6n4,1
http://tedb-amazon-secure-login.click/login.php,1
http://ebay-alert-secure-a4kp.tk/login.php,1
https://my.microsoft.com/signin,0
https://shopify.com/,0
https://help.nytimes.com/about,0
http://apple-account.h1bpw.net/djtva,1
https://shop.amazon.com/help,0
http://bankofamerica-login.je3l.ga/yugpq,1
http://234.203.39.157/netflix/alert/ezh0or,1
https://id.mit.edu/support,0
http://20.57.203.125/coinbase/login/jl9jhb,1
https://coinbase-update.net/,1
http://amazon.com@xw3rlkpr.top/signin,1
http://is.gd/9pg4guh,1
http://ow.ly/8bdyzbt,1
https://qfrtfk4x.edu/confirm,1
https://github.com/docs/blog/docs,0
https://coursera.org/,0
http://241.243.84.208/irs/verify/b6ft1p,1
https://3ahfa6.com/r3t,1
https://python.org/articles,0
https://amazon.com/,0
https://km4e-static.dropbox.com/support/pricing/download,0
https://apple-password-reset.co/,1
https://www.adobe.com/about,0
http://20.81.104.48/amazon/password-reset/to5iui,1
https://xn--dvvy5-kqi.click/wellsfargo-suspend,1
https://lhai-cdn.shopify.com/support,0
https://linkedin.com/,0
http://ebay-security-check.qdktp63e.country/n8j3o,1
https://nature.com/,0
https://microsoft.com/,0
http://tinyurl.com/lmuzlhp,1
https://medium.com/articles/about/index?id=41040,0
https://nasa.gov/,0
https://stackoverflow.com/,0
http://4n27-secure-support-coinbase.work/login.php,1
https://blog.netflix.com/news/blog,0
https://amazon.com/,0
http://137.205.53.198/netflix/account/bf2llm,1
https://xn--8dtz0-ayo.top/coinbase-password-reset,1
https://xn--f7eps-mfy.com/google-wallet,1
https://wwb1j.co/irs/unlock,1
http://225.185.176.25/office365/unlock/rtektv,1
http://ow.ly/9ec5mj3,1
https://cloudflare.com/,0
https://xn--us9l4-adi.tk/office365-webscr,1
https://mm5nml.edu/td7,1
http://88.244.116.94/coinbase/billing/ihlpcm,1
https://f7olfvkc.com/secure,1
http://linkedin.com/support/help,0
https://medium.com/user?utm_source=y60lq&utm_term=c62ga&utm_campaign=a008d,0
http://213.165.27.239/binance/account/r8zqbj,1
http://ow.ly/fd632g5,1
http://d9jm-wallet-secure-paypal.io/login.php,1
http://119.43.154.24/binance/security-check/oghkyw,1
http://un.org/support/api,1
http://un.org/products/settings,0
https://sciencedirect.com/,0
https://t2q2.org/instagram/login,0
https://y0b18j.io/amazon/security-check,1
https://www.google.com/user,0
http://50.120.180.223/coinbase/password-reset/da8shz,1
http://3.35.221.221/office365/login/zonqij,1
https://docs.mit.edu/courses,0
http://is.gd/8dsheeh,1
http://2kee-secure-password-reset-wellsfargo.click/login.php,1
http://verify-herd-wellsfargo-secure.gov/login.php,1
https://docs.un.org/index/settings,0
https://adobe.com/,0
https://spotify.com/search/products,0
http://usps-wallet.8h7c.co/wl7nc,1
https://google.com/,0
https://www.bbc.com/help/index,0
http://secure-anc1-billing-ebay.zip/login.php,1
https://hnh7rf6.com/security-check,1
https://outlook-confirm.io/,1
https://medium.com/api/settings/index,0
http://t.co/uc8no8e,1
http://74.247.94.13/coinbase/billing/xymxn7,1
http://goo.gl/8sri3p9,1
https://python.org/api,0
https://irs-unlock.io/,1
https://dcnc0.org/chase/alert,1
http://chase-support.xuzavlmm7.kim/iug0h,1
http://dhl.com@ysyed39g.io/confirm,1
http://249.228.33.84/office365/account/fqvw4x,1
https://adobe.com/,0
http://tinyurl.com/5xam0br,1
http://secure-unlock-instagram-dxad.io/login.php,0
https://nature.com/api,0
https://who.int/support/support/courses,0
https://wikipedia.org/features/pricing/api?id=73337,0
https://www.netflix.com/products/careers,0
http://goo.gl/4scu2m3,1
http://chase.com@quciqbxp.net/suspend,1
https://harvard.edu/docs?utm_term=z7u1t&utm_source=iv3d0&utm_campaign=9aj1m,0
https://e4udqa.co/n4b,1
https://o80sox.net/q5a,1
https://help.bbc.com/courses/support,0
http://shopify.com/contact/courses,0
http://signin-zg3k-bankofamerica-secure.zip/login.php,1
https://help.dropbox.com/download,0
http://secure-instagram-sjiu-billing.cf/login.php,1
https://mbv2zj.co/billing,1
http://outlook.com@h5ca646e.ga/webscr,1
https://47qvne.co/alert,1
https://reddit.com/,0
https://docs.github.com/api,0
http://ow.ly/ol9rbgs,1
https://blog.sciencedirect.com/docs/courses,0
http://64.121.61.231/coinbase/login/z08cpf,1
http://t.co/j8myacz,1
https://salesforce.com/courses/features/search?id=74101,0
https://sciencedirect.com/blog/settings?id=54470,0
https://usps-confirm.org/,0
https://53ms-eu.wikipedia.org/careers/user,0
https://shop.cloudflare.com/docs/pricing,0
http://chase-secure.mnycgs15h.io/wef89,1
http://cloudflare.com/index/news,0
https://www.un.org/articles,0
https://harvard.edu/api/download,0
https://bw5t-eu.apple.com/careers/about,0
https://coursera.org/blog/blog?id=8190,0
https://nytimes.com/,0
https://bankofamerica-support.io/,1
https://w4na2g.com/irs/login,1
http://tinyurl.com/mhqlht3,0
https://mwxnrh4.edu/wallet,1
http://support-secure-chase-0oqc.top/login.php,1
https://isj0u.edu/suspend,1
https://reddit.com/,0
http://114.179.201.118/paypal/verify/smydq8,1
http://instagram-alert.50hy9jz9.gov/9ej8e,1
https://www.shopify.com/about/about,0
https://vvbu-static.google.com/settings,0
https://docs.cloudflare.com/download/index,0
https://nytimes.com/,0
http://password-reset-wvlb-secure-chase.io/login.php,1
http://usps-suspend.i8zsah.tk/9fbfk,1
https://github.com/,0
http://dhl.com@vapbayaq.work/suspend,1
http://ow.ly/o1quq92,1
http://tinyurl.com/hocpxlt,1
http://h97o-secure-webscr-irs.top/login.php,1
http://office365-suspend.sliqnsd.io/mqjyk,0
https://hg2p2e3.gov/alert,1
http://secure-webscr-n7d2-netflix.tk/login.php,1
https://shop.adobe.com/search,0
http://ow.ly/el76p2o,1
https://nytimes.com/,0
https://6bkr-static.python.org/blog/features,0
http://dhl.com@ejiv9aq6.zip/signin,1
https://chase-secure.com/,1
https://shop.sciencedirect.com/contact,0
https://netflix.com/,0
http://3.35.188.205/chase/password-reset/e08c19,1
http://office365-secure-wallet-mgjg.xyz/login.php,1
https://blog.mit.edu/support,0
http://bit.ly/4a54xa9,0
http://outlook-login.axo8nm8x.edu/zmlhp,1
http://56.251.251.148/ebay/update/gf060l,1
https://microsoft-confirm.net/,1
http://secure-7exo-microsoft-suspend.io/login.php,1
http://ebay-mzhh-suspend-secure.ga/login.php,1
http://secure-irs-account-snv6.net/login.php,1
https://shop.netflix.com/articles/courses,0
https://adobe.com/docs?utm_medium=0ub2z&utm_term=gjkj8&utm_source=pbxys,0
https://coursera.org/,0
http://wellsfargo.com@y8pialk3.tk/wallet,1
https://nasa.gov/support?utm_campaign=u5oqb&utm_term=v9ci1&utm_source=akqrj,0
https://id.nasa.gov/verify,0
https://bbc.com/download?id=54905,0
https://my.spotify.com/account,0
http://signin-aery-outlook-secure.zip/login.php,1
https://xn--lqzch-j8w.zip/apple-secure,1
https://ieee.org/news/user?id=9699,0
https://xn--bvxwc-8mq.work/irs-wallet,1
https://khanacademy.org/,0
https://5qiv6g.net/yut,1
https://sciencedirect.com/,1
http://is.gd/oeb6n5b,0
https://python.org/,0
https://g3ilct.org/suspend,1
https://ieee.org/,0
https://reddit.com/,0
https://www.wikipedia.org/about/news,0
https://docs.nature.com/features,0
http://smja-outlook-password-reset-secure.org/login.php,1
https://wikipedia.org/support/features/user,0
https://apple-password-reset.co/,1
http://outlook-wallet.yog829.tk/40opc,1
https://reddit.com/help/news?id=29935,1
https://help.nature.com/courses,0
https://coursera.org/,0
http://tinyurl.com/ajv6mpb,1
http://193.96.56.11/wellsfargo/confirm/accd1n,1
https://coursera.org/user/articles,0
http://qn0e-signin-google-secure.ml/login.php,1
http://netflix-unlock.86s9.review/zc1qh,1
https://wellsfargo-suspend.com/,1
https://python.org/,0
https://my.python.org/verify,0
http://wellsfargo-8wfh-secure-wallet.xyz/login.php,1
https://or5ylg.co/5se,1
http://irs.com@vh9budwy.xyz/password-reset,1
https://spotify.com/,0
https://reddit.com/help,0
https://nasa.gov/about,0
https://netflix-login.edu/,1
https://wy4sb.co/irs/suspend,1
http://t.co/qqcmxps,1
https://salesforce.com/about/products?id=842,0
https://dropbox.com/,0
https://docs.nasa.gov/help/articles,0
http://stackoverflow.com/about,0
https://my.reddit.com/login,0
https://docs.google.com/careers/index,1
http://ieee.org/learn/download,0
https://p54a8y.com/tp3,1
https://microsoft.com/download,0
https://accounts.cloudflare.com/password-reset,0
http://dhl-signin-w8zj-secure.edu/login.php,1
https://netflix.com/,0
https://shop.dropbox.com/products/learn,0
https://mmd53bb.io/update,1
https://github.com/contact/about?id=11422,0
https://spotify.com/,0
https://lfl3rfta.io/verify,1
http://who.int/api/contact,0
https://ieee.org/,0
https://python.org/download?utm_term=s0fdu&utm_medium=efcad&utm_source=4dg59,0
https://shop.coursera.org/articles,0
http://77hj-account-secure-paypal.com/login.php,1
https://gvfcwf.gov/account,1
https://www.nytimes.com/download/index,0
https://azutkk.org/update,1
http://google.com/products/support,0
https://id.spotify.com/password-reset,0
https://amazon.com/contact/contact,0
http://e1i6-update-secure-amazon.country/login.php,1
https://www.spotify.com/articles,0
https://harvard.edu/,0
http://ow.ly/9gnch26,1
https://coursera.org/products?utm_term=68l9e&utm_source=wl484&utm_medium=mas91,0
https://google.com/products?utm_source=wzzm7&utm_medium=aef9s&utm_campaign=9wwro,0
https://facebook-account.co/,1
https://github.com/support,0
https://my.cloudflare.com/verify,0
http://ebay-suspend.ubgm8fp6.com/xtg9t,1
http://tinyurl.com/sry3ci5,1
https://linkedin.com/pricing/careers/features,0
https://netflix.com/,0
http://amazon-alert.9d4s.org/z0hod,1
https://shop.cloudflare.com/courses/news,0
https://wikipedia.org/,0
https://blog.apple.com/courses/articles,0
https://github.com/careers?utm_campaign=zemff&utm_term=zqjv8&utm_source=wziyg,0
http://wellsfargo-unlock.da1y.tk/u8s6s,1
http://wellsfargo.com@vae49mw0.edu/unlock,1
http://65.45.109.177/bankofamerica/webscr/ve31ig,1
https://facebook-confirm.net/,1
https://g6fuqq.co/account,0
https://help.nasa.gov/contact,0
https://stackoverflow.com/,0
https://un.org/learn/contact/news,0
https://irs-account.gov/,1
http://ow.ly/7aorz2c,1
http://binance.com@6zcqgygt.ga/confirm,1
http://wellsfargo-confirm.pbifu5pj.tk/a8n0g,1
https://help.cloudflare.com/contact/support,0
https://xn--e70x1-3m9.work/outlook-login,1
http://eujz-secure-update-microsoft.net/login.php,1
https://wikipedia.org/search/products/news?id=69948,0
http://billing-secure-za89-bankofamerica.xyz/login.php,1
https://dropbox.com/,0
https://xc9z85.co/password-reset,1
http://116.248.34.135/usps/wallet/akp9yu,1
http://python.org/about/careers,0
https://www.apple.com/pricing/api,0
http://dhl-secure.3xrgx3.tk/1hqj9,1
https://stackoverflow.com/support/api/download,0
https://irs-account.io/,1
http://dhl-wallet.wz710c.xyz/cfknm,1
http://60.182.3.164/apple/unlock/aylodu,1
http://247.184.45.84/usps/update/v78hfh,1
https://id.nature.com/billing,0
http://28.180.104.133/microsoft/update/ga7g30,1
https://salesforce.com/about?utm_source=8sg60&utm_term=jaobo&utm_campaign=1yjws,0
https://cloudflare.com/articles/features/courses,0
https://o8eyeq.gov/z4c,1
http://apple-qtig-unlock-secure.edu/login.php,1
http://goo.gl/8cr4fe9,1
http://tinyurl.com/vy0r2qe,1
https://python.org/,0
https://blog.adobe.com/user/settings,0
https://coursera.org/articles/search/learn,0
https://binance-suspend.io/,1
https://bh9avfa.co/secure,1
https://github.com/,1
https://docs.bbc.com/features/news,0
https://9n144rs.edu/office365/unlock,1
https://2dwa-eu.medium.com/help,0
https://rx7i.edu/amazon/verify,1
http://nytimes.com/careers,0
https://github.com/index/index,0
https://vthg-cdn.stackoverflow.com/pricing/contact/news,0
https://shop.linkedin.com/download/about,0
https://docs.reddit.com/user/download,0
http://66.25.235.48/ebay/security-check/0gnxx5,1
https://sciencedirect.com/,0
https://www.coursera.org/download,0
https://shop.cloudflare.com/docs,0
http://office365-security-check.k47j.zip/lkmsl,1
http://microsoft.com@rxh05f52.ga/confirm,1
https://vbzg-eu.google.com/blog/api/download,1
http://35.81.114.109/google/webscr/dfm7c4,1
https://ieee.org/api/courses,0
https://www.un.org/blog,0
https://8esv-eu.cloudflare.com/download/settings,0
http://nytimes.com/settings,0
https://salesforce.com/products,1
http://outlook-confirm.wvhso.io/leh4k,1
https://www.nasa.gov/api/api,0
http://netflix-secure-qabt-security-check.xyz/login.php,1
https://nytimes.com/,0
https://netflix.com/contact?id=24420,0
https://cloudflare.com/,0
http://88.247.225.70/apple/password-reset/gbamg0,1
http://204.229.188.152/instagram/support/05ctr2,1
https://xn--hz5up-cbe.top/paypal-account,1
https://xn--bgihb-qb3.com/instagram-unlock,1
https://shopify.com/,0
http://bankofamerica-secure.2u8l.ga/9nbum,1
https://my.sciencedirect.com/billing,0
http://chase.com@19id9d6l.kim/secure,1
https://xn--xjixu-sqi.kim/binance-suspend,1
https://nature.com/search/settings,0
http://coinbase-account.jjsf.edu/ck0kg,1
https://help.wikipedia.org/blog,0
https://un.org/careers/help/courses,0
https://shopify.com/,0
https://mit.edu/pricing,0
https://ieee.org/careers,0
https://2b13.edu/amazon/alert,1
https://khanacademy.org/about/learn,0
https://coursera.org/,0
https://xn--ckeo1-d6c.country/binance-support,1
http://122.121.220.33/wellsfargo/unlock/ge6ne9,1
https://www.adobe.com/docs/pricing,0
http://ow.ly/ww3m9ev,1
http://secure-outlook-signin-vt9f.net/login.php,1
https://help.salesforce.com/products/articles,0
https://563cmln8.com/update,1
https://harvard.edu/settings?utm_source=vpn8d&utm_term=poy7u&utm_medium=l2ae5,0
http://goo.gl/quw1vln,1
https://spotify.com/,0
https://www.reddit.com/about/learn,0
https://my.khanacademy.org/password-reset,0
https://shop.amazon.com/support/about,0
https://sciencedirect.com/contact/search/products,0
http://bit.ly/6jazasw,1
https://docs.spotify.com/index/settings,0
http://210.133.61.67/paypal/account/1daywu,1
https://mit.edu/blog/about?id=16343,0
https://nasa.gov/,0
https://cloudflare.com/pricing?id=7256,0
https://aaradp.edu/signin,1
https://6mcta4.edu/xho,1
https://www.reddit.com/learn/blog,0
https://xn--ar1do-u0a.xyz/chase-billing,1
http://password-reset-facebook-secure-m7ek.zip/login.php,1
https://wy2tup35.com/update,1
http://bankofamerica-secure-of68-support.org/login.php,1
https://shopify.com/careers,0
http://binance.com@m8m1501w.org/wallet,1
https://accounts.un.org/account,0
https://shop.un.org/courses,0
http://ow.ly/wos98pf,0
http://ci7q-signin-paypal-secure.net/login.php,1
http://ow.ly/v7nbqk8,1
https://sciencedirect.com/about/features,0
https://4hcydz.com/13p,0
http://outlook.com@brv6fz4l.top/confirm,1
https://shopify.com/index?utm_campaign=iedrd&utm_source=hzq7h&utm_term=97aqq,0
http://netflix-security-check.m90y95d2n.kim/tig8b,1
http://secure-secure-5gyn-netflix.gov/login.php,1
http://usps-security-check.p8cugqwp9.org/yah17,1
https://blog.netflix.com/search/user,0
https://microsoft.com/,0
https://linkedin.com/,0
https://bbc.com/index/pricing/docs?id=72389,0
https://github.com/,0
https://shopify.com/news,0
https://shop.khanacademy.org/support/docs,0
https://harvard.edu/support?utm_medium=pztn8&utm_source=gmbbb&utm_term=shnle,0
https://salesforce.com/search?id=63654,0
https://python.org/,0
https://shopify.com/download?id=40918,0
https://wikipedia.org/contact,0
https://help.cloudflare.com/help,0
https://harvard.edu/,0
https://shop.harvard.edu/support,0
https://www.cloudflare.com/download/docs,0
https://www.salesforce.com/user,0
https://id.apple.com/support,0
https://is91.edu/apple/password-reset,1
http://30.130.158.76/binance/wallet/zu8vq2,1
http://google.com@xhuok50n.org/confirm,1
http://google-signin.0206bqd.ml/uzt4c,1
https://xn--4xfxq-f78.click/bankofamerica-support,1
https://xn--7rfsw-3s4.gov/instagram-security-check,1
http://nature.com/support,0
https://auth.who.int/account,0
https://bbc.com/api,0
https://netflix.com/products/features/careers?id=1021,0
http://secure-64tb-verify-netflix.tk/login.php,1
http://instagram-wallet.iigv.ml/xzmgr,1
https://medium.com/help/support/news,0
https://nature.com/,0
https://who.int/index/articles/features?id=66278,0
http://coinbase.com@1dt3z472.ml/secure,1
https://www.dropbox.com/learn,0
https://xn--bax6s-cpr.cf/netflix-wallet,1
http://chase.com@i646f2jm.gov/confirm,1
http://usps-security-check.citk.cf/ysu1o,1
https://shop.amazon.com/support,0
http://06f3-facebook-secure-wallet.gov/login.php,1
https://blog.microsoft.com/features/about,0
http://facebook-verify.amnf706p.xyz/7ueqy,1
https://salesforce.com/download/about/support?id=59922,0
http://ti2f-secure-security-check-usps.ml/login.php,1
https://xn--ihy0t-7fd.click/netflix-support,1
https://xn--hsk0u-jah.co/dhl-confirm,1
https://amazon.com/,0
https://stackoverflow.com/,0
https://instagram-unlock.co/,1
https://blog.google.com/about/careers,0
https://xn--0udz6-76x.com/wellsfargo-login,1
https://adobe.com/,0
https://g41y-api.python.org/contact,0
https://secure.shopify.com/account,0
https://dhl-verify.gov/,1
http://44.47.73.32/chase/security-check/te8gdj,1
https://99fu-us.python.org/download/support/products,0
http://chase-unlock.rfzlux.top/9d6e5,1
https://mmdo.gov/microsoft/wallet,1
http://facebook-update.3q4h6e1.co/08c5o,1
https://tdbl.net/apple/login,1
http://confirm-soub-irs-secure.com/login.php,1
http://coinbase-signin.guv0s7y.edu/qpjjq,1
https://blog.microsoft.com/blog,0
https://rqquoi.net/irs/secure,1
http://chase.com@g4r4sb4l.edu/signin,1
https://cloudflare.com/courses/pricing/api,0
http://238.62.14.240/instagram/account/bsrjkr,1
http://206.234.40.43/apple/security-check/24v767,1
https://c78wml93.org/billing,1
http://228.123.107.2/wellsfargo/unlock/5hm544,1
http://46.177.198.32/amazon/webscr/1ptzfa,1
https://3a78uubz.gov/confirm,1
https://www.linkedin.com/blog/features,0
http://goo.gl/96xvea7,1
http://goo.gl/oednino,1
https://tkjax6.net/k54,1
http://secure-signin-rmrr-chase.co/login.php,1
https://docs.microsoft.com/search/learn,0
http://goo.gl/b9eaav0,1
http://tinyurl.com/fp7ahhu,1
https://medium.com/index/support/about?id=68067,0
https://accounts.medium.com/support,0
https://google.com/,0
http://irs-billing.c104g.click/jn580,1
https://ebay-login.com/,1
http://coinbase-login.k7scha1.io/3zrwr,1
http://office365.com@2qd60x0c.com/billing,1
https://ucsu-us.python.org/blog/careers/blog,0
https://dropbox.com/download/products/courses?id=73745,0
https://secure.mit.edu/verify,0
https://docs.shopify.com/support,0
https://www.nature.com/news,0
http://y2l6-wellsfargo-secure-secure.xyz/login.php,0
https://shopify.com/,0
http://wellsfargo-alert.g7ml.com/w46hy,1
http://coinbase-dnfa-confirm-secure.ml/login.php,1
http://secure-e6eb-apple-signin.io/login.php,1
https://www.github.com/products/articles,0
http://bankofamerica.com@226nsd5m.ga/alert,1
https://auth.who.int/verify,0
https://docs.nasa.gov/support/blog,0
https://docs.google.com/docs,0
https://shop.amazon.com/about,0
https://vi29bc.co/confirm,1
https://dropbox.com/features/help?id=7731,0
https://medium.com/index?utm_source=ocjgx&utm_term=ey4x9&utm_medium=yszpo,0
http://is.gd/yqtieea,1
https://shopify.com/,0
http://164.186.5.4/dhl/billing/87ro9m,1
http://usps-login.twympn8jp.review/txiru,1
https://docs.medium.com/help/articles,0
https://blh22.co/webscr,1
https://auth.khanacademy.org/login,0
http://amazon-alert.wue6r.tk/0g4j6,1
https://khanacademy.org/learn/learn/download,0
https://docs.netflix.com/docs/courses,0
https://nature.com/learn,0
https://microsoft-verify.com/,1
http://117.32.109.33/microsoft/verify/82t213,1
https://harvard.edu/settings/news?id=78767,0
https://apple.com/,0
http://bankofamerica-billing.h9ukjf1wz.country/fmd2p,1
http://nature.com/docs,0
http://usps-confirm.z77jw6h2n.io/918gy,1
https://stackoverflow.com/,0
https://nasa.gov/search,0
http://tinyurl.com/qtqjv43,1
http://coinbase-unlock.85z2ctllc.io/ktrv7,1
https://netflix.com/articles?utm_term=9ill0&utm_medium=04rfb&utm_source=62661,0
https://paypal-suspend.io/,1
https://linkedin.com/contact,0
https://f682ah.edu/jsq,1
https://6ras-api.nasa.gov/features/support/contact,0
https://reddit.com/docs/learn/courses?id=44684,0
http://tinyurl.com/ose33jf,1
http://92.130.90.246/netflix/update/4dls7e,0
http://amazon-verify.3c3fq9gm.country/7k6ea,1
https://help.reddit.com/features/courses,0
https://un.org/,0
http://coursera.org/courses/settings,0
https://dhl-unlock.org/,1
https://shop.reddit.com/products/support,0
https://apple.com/,0
http://update-facebook-secure-3184.kim/login.php,1
http://shopify.com/articles/news,0
https://coursera.org/,0
https://cloudflare.com/careers,0
https://salesforce.com/pricing?utm_term=7nssv&utm_medium=zzkkx&utm_campaign=jh55d,0
http://secure-gjqb-billing-wellsfargo.gov/login.php,1
https://xfxdjg.gov/zqv,1
http://microsoft-login.1ivc1y9cm.kim/ydk0u,1
https://7zcbzr6.gov/update,1
https://coursera.org/,0
http://ebay.com@39tv36qq.xyz/confirm,1
https://u2g0sd.co/unlock,1
https://microsoft.com/blog,0
https://bbc.com/search/learn,0
http://irs-update.brbqgr.zip/25f19,1
https://apple-billing.com/,1
https://bbc.com/search,0
https://help.spotify.com/courses/pricing,0
https://bj81-api.python.org/help/pricing/help,0
https://www.khanacademy.org/courses,0
https://khanacademy.org/,0
https://xn--3aek8-nqw.zip/usps-signin,1
https://sciencedirect.com/search/courses,0
https://docs.wikipedia.org/download/pricing,0
http://t.co/gvmzqro,1
http://password-reset-paypal-gcbe-secure.review/login.php,1
https://xn--y5uis-b85.gov/microsoft-password-reset,1
http://ebay-verify.zy03gv.org/3hfhi,1
https://apple.com/,0
http://password-reset-secure-amazon-05rz.kim/login.php,1
http://secure-security-check-coinbase-gk20.com/login.php,1
http://za2i-secure-signin-dhl.ga/login.php,1
http://irs.com@pesvjm1i.com/suspend,1
http://tinyurl.com/1yhtwbe,1
https://stackoverflow.com/,0
https://updl-api.netflix.com/learn/help/blog,0
https://microsoft.com/,0
https://sciencedirect.com/,0
https://pb4n7.gov/amazon/signin,1
https://khanacademy.org/,0
https://xzpc-us.github.com/contact/features/products,0
https://stackoverflow.com/,0
https://docs.shopify.com/download,1
http://billing-9xy2-chase-secure.co/login.php,1
http://secure-confirm-office365-3d5d.net/login.php,1
http://ow.ly/26vc1ey,1
https://python.org/,0
https://www.linkedin.com/blog/settings,0
https://accounts.nature.com/support,0
https://o5x4l6ty.io/webscr,1
http://tinyurl.com/fik29d6,1
https://shop.wikipedia.org/about/contact,0
https://www.netflix.com/search/help,0
http://139.167.47.185/binance/update/pwvjzo,1
https://office365-password-reset.org/,1
https://shop.khanacademy.org/blog,0
https://harvard.edu/news/help?id=54255,0
http://microsoft.com@60pntrwo.xyz/alert,1
https://fgtf0nw.net/binance/account,1
https://nasa.gov/docs/features/pricing,0
https://linkedin.com/,0
https://spotify.com/,0
http://73.54.16.66/usps/billing/r3153g,1
http://74.51.218.182/amazon/account/wmoqk2,1
http://82.8.21.150/dhl/billing/nxnefb,1
https://paypal-unlock.com/,1
https://nytimes.com/contact?utm_campaign=rjg66&utm_term=c85g0&utm_medium=jptfy,0
https://z10h.edu/wellsfargo/signin,1
https://nature.com/news/contact?id=40212,0
https://sn74-us.reddit.com/articles/about/learn,0
https://outlook-confirm.co/,1
http://secure-support-paypal-ma57.top/login.php,1
https://nature.com/,0
https://xn--c8otd-1jy.net/wellsfargo-suspend,1
https://shop.spotify.com/features/support,0
https://t3djn3x.edu/instagram/verify,1
https://harvard.edu/,0
http://28.227.219.63/usps/signin/1rd0v8,1
https://usps-login.co/,1
https://xn--dumjw-d15.click/chase-security-check,1
https://x6e7m4.io/amr,1
https://amazon.com/careers?utm_campaign=9kste&utm_term=hq3dx&utm_source=ot2i9,0
http://webscr-36ea-chase-secure.net/login.php,1
https://adobe.com/,0
http://apple-wallet.oeyu.work/73hjc,1
http://goo.gl/3brjc81,1
http://irs-suspend.5g0seh.ml/ym1vb,1
http://200.73.108.149/binance/security-check/mf09fw,1
https://accounts.github.com/billing,0
https://xn--7x580-cfw.org/binance-confirm,1
http://amazon.com@bgpr8tn9.ga/unlock,1
https://sciencedirect.com/index,0
https://www.reddit.com/pricing/products,0
http://t.co/3n1bojg,1
https://vkxt-api.dropbox.com/index/docs/blog,0
https://mgwhkg.io/password-reset,1
https://yr9n.com/ebay/support,1
https://yjt41.edu/confirm,1
https://microsoft-update.edu/,1
https://xn--w95ul-dqe.kim/outlook-security-check,1
https://blog.microsoft.com/courses/pricing,0
https://www.wikipedia.org/index/learn,0
https://coinbase-secure.io/,1
https://salesforce.com/pricing?id=54877,0
http://107.102.161.96/chase/wallet/y1dxbw,1
http://amazon-h29d-login-secure.edu/login.php,1
https://1klux5.gov/sea,1
https://google.com/,0
http://tinyurl.com/m11av3u,1
http://coinbase-suspend.zydzr9v97.click/8stri,1
http://secure-9psi-verify-bankofamerica.edu/login.php,1
http://secure-vqwu-chase-webscr.com/login.php,1
http://goo.gl/g1y2qc2,1
https://cloudflare.com/,0
http://wellsfargo.com@ld0j5iqr.com/webscr,1
http://8.4.197.246/dhl/login/yc913t,1
http://facebook-confirm.mpw36t.cf/o3cee,1
https://www.dropbox.com/blog,0
https://nasa.gov/,1
https://docs.nytimes.com/user/pricing,0
https://www.reddit.com/articles/help,0
http://31.162.7.98/paypal/security-check/xky45z,1
http://wellsfargo-security-check.tj8nf687.kim/zgz0z,1
https://www.who.int/api,0
https://tyub9obq.org/account,1
http://un.org/contact/user,0
http://amazon.com/pricing,1
http://245.194.185.23/netflix/login/djyjo2,1
https://netflix.com/contact/news/courses,0
https://salesforce.com/,0
https://adobe.com/download/support/news?id=43174,0
https://xn--15ifk-l9o.org/coinbase-login,1
https://blog.stackoverflow.com/features/settings,0
http://amazon-login.qh2nlfw.kim/stc94,1
http://ow.ly/ymp5v5d,1
https://3rn7v.co/account,1
https://xn--q8q45-mkc.com/wellsfargo-secure,1
https://help.coursera.org/help/api,0
http://tinyurl.com/7rxutes,1
https://my.netflix.com/signin,0
https://id.ieee.org/support,0
https://xn--dfirj-nt9.ga/binance-confirm,0
https://dhl-secure.org/,1
https://amazon.com/,0
https://nasa.gov/articles/courses/support,0
https://harvard.edu/,0
http://bankofamerica-update.8pfl4vo.review/qh8nw,1
https://shop.who.int/news,0
https://dropbox.com/pricing?id=76866,0
http://apple-security-check.qovg5xmf2.xyz/k1ec8,1
https://nslm-eu.ieee.org/contact,0
https://un.org/,0
https://amazon.com/,0
https://netflix.com/,0
https://xn--e8km0-m4i.co/microsoft-account,1
http://t.co/4sdfqlk,1
http://apple.com@ku6herg1.net/account,1
http://bankofamerica-update.1nt7.kim/n3pio,1
https://www.ieee.org/contact,0
https://facebook-wallet.io/,1
https://www.linkedin.com/settings,0
https://d9g54u.io/nsn,1
https://blog.adobe.com/pricing/search,0
http://4zj1-confirm-secure-ebay.work/login.php,1
http://netflix.com@5h175t59.click/unlock,1
https://linkedin.com/index,0
https://python.org/,0
https://falzx.net/login,1
http://yffw-microsoft-secure-signin.org/login.php,1
https://cloudflare.com/,0
https://apple.com/support?utm_medium=rz0jm&utm_campaign=io1cy&utm_term=z370s,0
http://2ngp-secure-apple-secure.ga/login.php,1
https://wqh9-cdn.github.com/api/help,0
https://un.org/search?utm_campaign=ctlj2&utm_medium=0otyb&utm_term=gfvpa,0
https://docs.un.org/settings,0
http://amazon-billing.51peh2kh6.kim/pf0c6,1
https://wzat-api.spotify.com/learn/help,0
https://coursera.org/,0
https://ieee.org/careers?id=21582,0
https://microsoft.com/,0
https://bbc.com/support/support/search?id=26223,0
http://office365-suspend.4c0tyuqx.io/ddb6b,1
https://amazon.com/support/api/user?id=35157,0
http://194.15.204.122/netflix/suspend/29o1ou,1
https://www.khanacademy.org/blog/settings,0
https://medium.com/,0
http://204.120.60.92/binance/unlock/gifu46,1
https://medium.com/articles?utm_term=vqpg4&utm_medium=pvdv7&utm_source=pe2g2,0
https://nytimes.com/,0
http://t.co/81132wy,1
https://trqjvp.edu/suspend,1
https://ieee.org/products,0
https://docs.apple.com/blog/search,0
http://tinyurl.com/jwoxuvx,1
https://79suobua.edu/billing,1
https://my.bbc.com/account,0
https://www.coursera.org/api,0
https://wikipedia.org/,0
https://ieee.org/settings/docs,0
https://cloudflare.com/,0
https://un.org/,0
https://2slh-static.who.int/articles,0
https://nytimes.com/,0
http://dhl-unlock.2hqo0r8.io/oyf3u,1
http://binance.com@cn72rkzn.cf/login,1
https://help.netflix.com/articles,0
https://aotqe.co/alert,1
https://auth.ieee.org/signin,0
http://182.102.233.121/wellsfargo/security-check/td855i,1
http://t.co/5ks845s,1
https://docs.github.com/blog,0
https://www.un.org/user,1
https://amazon-update.net/,1
https://nytimes.com/,0
https://sciencedirect.com/help,0
https://amazon.com/news?utm_campaign=gsemu&utm_source=52vtj&utm_term=xu1ka,0
https://nature.com/index/download,0
http://amazon-billing.yap28k.tk/9bou0,1
http://61.187.144.84/bankofamerica/password-reset/a6npk4,1
http://facebook-unlock.w4af3k46w.country/n73qv,1
http://github.com/pricing/support,0
https://2x7t-eu.linkedin.com/user/careers,0
http://wikipedia.org/api,0
http://bit.ly/xxwiq9p,0
http://secure-netflix-84ud-webscr.kim/login.php,1
https://nature.com/index/careers,0
http://google.com@9naqhbxt.zip/suspend,1
http://office365.com@c9rgng7u.co/billing,1
http://amazon-confirm-6xfw-secure.gov/login.php,1
https://wqks.gov/instagram/verify,1
http://support-secure-paypal-ogli.io/login.php,1
https://linkedin.com/pricing/features,0
http://ow.ly/fqmll64,1
http://password-reset-coinbase-6um4-secure.kim/login.php,1
https://docs.harvard.edu/support/features,0
https://www.mit.edu/api/courses,0
https://who.int/download?utm_medium=ehhk5&utm_campaign=el8uk&utm_source=qzs8s,0
http://dropbox.com/download/about,0
https://irs-unlock.org/,1
https://salesforce.com/,0
https://shop.google.com/settings,0
https://medium.com/support?id=88526,0
https://8wje-static.nytimes.com/careers/settings,0
https://bbc.com/about/help/courses,0
https://www.python.org/learn/index,0
https://khanacademy.org/help/download,0
https://coursera.org/,0
https://blog.bbc.com/docs,0
https://auth.microsoft.com/login,0
http://ow.ly/cemiyrt,1
https://salesforce.com/index/products,0
http://netflix-login.plce8k.top/6hjs4,1
http://wellsfargo-billing.ln7y.cf/wvz9v,1
http://webscr-4ef6-secure-dhl.zip/login.php,1
https://mit.edu/docs?utm_campaign=6oqm3&utm_source=48jtc&utm_medium=jgh17,1
https://wellsfargo-unlock.gov/,1
http://wellsfargo-secure.srgy.work/ezzgm,1
https://shop.nytimes.com/pricing,0
https://who.int/articles?utm_term=fq2ff&utm_campaign=bn7q2&utm_source=gvz4w,0
http://ebay-unlock.5pprox.edu/4p14c,0
https://shopify.com/index?utm_term=5xrsp&utm_medium=s6viw&utm_campaign=m23qb,0
https://cloudflare.com/,0
https://xn--0ibw0-poz.co/paypal-update,1
https://svgkj3.edu/a28,1
https://auth.nasa.gov/billing,0
https://nature.com/,0
https://8orxhx.net/a92,1
http://bankofamerica.com@gmf3gipd.review/account,1
https://id.apple.com/support,0
https://adobe.com/about/careers,0
http://facebook.com@3jmastg8.org/unlock,1
http://github.com/contact/pricing,0
http://amazon.com@2asu4ra9.cf/billing,1
http://goo.gl/0107z4m,1
https://microsoft.com/,0
http://3lbq-secure-security-check-netflix.cf/login.php,1
http://stackoverflow.com/articles/help,0
https://506jwi.co/p6g,1
http://192.143.142.245/wellsfargo/verify/27dppi,1
https://1of3pmm9.co/signin,1
http://ebay.com@0ye21caa.click/account,1
https://v6g9m1.net/esz,1
https://2oa225.gov/hd8,1
https://ieee.org/about?id=9707,0
https://stackoverflow.com/contact/blog/search,0
http://coinbase.com@2pgvxlur.org/support,1
https://bz74v14d.edu/account,1
http://coinbase-alert.66jqn3wz.co/7z81l,1
http://153.121.158.10/google/billing/b5dsvx,1
https://ryy07eh.io/netflix/webscr,1
http://microsoft.com/download,0
https://python.org/,0
http://195.176.20.207/usps/suspend/1ckdek,1
https://www.mit.edu/settings/learn,0
http://229.88.175.74/netflix/suspend/14l1fq,1
http://secure-usps-x8h9-security-check.cf/login.php,1
http://r4af-netflix-secure-billing.tk/login.php,1
http://ebay-alert.5lirm.review/5u8gg,1
http://binance-secure.wyx8jvu.xyz/q6p61,1
http://is.gd/7gn6jog,1
https://ieee.org/about/courses?id=25570,0
https://adobe.com/help?utm_source=lzyob&utm_medium=b9of3&utm_campaign=mqkdz,0
https://accounts.cloudflare.com/support,0
https://1k1q-cdn.microsoft.com/api,0
http://paypal-confirm.31yod2.country/25uea,1
https://minsldb.com/dhl/billing,1
http://microsoft.com/support,0
https://netflix.com/search?utm_campaign=qctx6&utm_term=8nget&utm_medium=et4dg,0
https://adobe.com/,0
https://www.ieee.org/learn,0
http://bankofamerica.com@pkks6epy.top/security-check,1
https://1s4rj0tr.co/account,1
https://stackoverflow.com/,0
http://171.126.220.251/dhl/security-check/3vnfyj,1
http://240.241.103.91/instagram/wallet/gfwbpu,1
https://xn--vfz0g-5x1.click/binance-suspend,1
http://152.117.232.3/amazon/alert/fl06nh,1
https://un.org/pricing/download,0
https://salesforce.com/careers/about/settings?id=21013,0
https://www.stackoverflow.com/products/settings,0
https://obi3p9.net/binance/billing,1
https://binance-support.gov/,1
https://khanacademy.org/,0
https://fk5cl.org/wellsfargo/signin,0
http://outlook-login.v1of87.com/5h747,1
http://office365.com@vfv1tto9.tk/account,1
https://shop.cloudflare.com/download/help,0
http://wellsfargo-secure-webscr-gzl2.review/login.php,1
https://xn--i7m08-30h.zip/microsoft-suspend,1
http://netflix-webscr.wcnuw69c.net/vnmku,1
https://mit.edu/features?id=35485,0
https://xn--ecw9o-s8p.org/coinbase-wallet,1
https://shop.cloudflare.com/blog/user,0
http://binance.com@kgso4nvk.country/update,1
https://gpa5-api.cloudflare.com/pricing,0
http://2chp-secure-secure-chase.work/login.php,1
http://goo.gl/ucknfp2,1
https://accounts.cloudflare.com/account,0
https://o98v22.org/0an,1
https://docs.adobe.com/search,0
http://bankofamerica-confirm.t92t3y.click/pjv4l,1
https://bbc.com/,0
https://blog.khanacademy.org/contact,0
http://ejzm-irs-secure-account.edu/login.php,1
https://xn--v0dsy-36k.ml/ebay-security-check,1
https://1xgr6jy9.org/password-reset,1
https://blog.linkedin.com/about/support,0
https://3dt2z.net/confirm,1
https://40kl0v.gov/security-check,1
https://cloudflare.com/,0
http://apple.com@3iy6iggv.work/signin,1
https://python.org/,0
https://un.org/help?id=68199,0
http://apple-password-reset.5v46yfj.tk/px62y,1
https://t6zm0p8c.net/password-reset,1
https://dropbox.com/support/help/products,0
https://xn--bp1u2-e17.co/usps-suspend,1
http://office365-billing.in9ftonh0.review/e1z4t,1
http://ow.ly/qm4894k,1
https://netflix.com/download,0
https://harvard.edu/,0
http://155.110.73.129/chase/security-check/82lcy5,1
http://google.com@gpikv2f2.net/verify,1
https://shopify.com/,0
http://facebook.com@eb89lyuj.zip/verify,1
https://shop.bbc.com/products,0
https://google.com/search?utm_source=rdgvj&utm_campaign=3pgh3&utm_term=llzte,0
http://irs-support.s9zo2947.country/wv2hf,1
http://reddit.com/contact,0
https://shop.sciencedirect.com/contact/user,0
https://spotify.com/settings/support/api,0
https://github.com/api/features/blog,0
https://khanacademy.org/about,0
https://nature.com/features?utm_medium=77g1p&utm_campaign=4wyj9&utm_term=dak64,0
https://my.ieee.org/verify,0
https://harvard.edu/,0
http://y92f-unlock-google-secure.cf/login.php,1
https://nytimes.com/,0
https://adobe.com/,0
https://pm3g6ql.gov/security-check,1
https://7zj2-static.linkedin.com/careers/settings/blog,0
https://95cw15.edu/6dk,1
https://who.int/user?utm_source=0qmvd&utm_term=in9vd&utm_medium=p5ecw,0
http://paypal-suspend.kjskcx.country/1qjxs,1
https://paypal-secure.org/,1
https://khanacademy.org/api?utm_campaign=og4bn&utm_medium=oxpad&utm_source=tlyzw,0
https://my.coursera.org/account,0
https://microsoft.com/docs/search/about,0
https://mit.edu/products/about/download,1
https://nc8n-eu.linkedin.com/blog/careers/about,0
https://vojfa.net/webscr,1
https://mit.edu/,0
https://harvard.edu/help,1
http://goo.gl/2ueroqi,1
http://netflix.com@nk7lnpjd.country/signin,0
http://google-billing.p9r2f8r.co/x6eyo,1
http://zgc3-bankofamerica-secure-secure.net/login.php,1
https://apple.com/about/download/search,0
https://xn--u1q0x-iev.gov/paypal-webscr,1
https://reddit.com/settings?id=31509,0
https://medium.com/,0
http://linkedin.com/pricing/learn,0
http://chase.com@bcylvwex.org/wallet,1
http://is.gd/yktnder,1
https://id.nasa.gov/login,0
https://salesforce.com/user?utm_medium=pd7oo&utm_source=dg0v4&utm_campaign=gia9k,0
http://wellsfargo-secure-verify-15a7.net/login.php,1
https://mit.edu/learn?utm_term=16iaj&utm_source=ix5ab&utm_medium=dezov,0
http://paypal-suspend.a7fl5i5r1.io/acfhf,1
http://dhl.com@9dya1dvd.xyz/alert,1
https://help.adobe.com/products/index,0
http://stackoverflow.com/careers/about,0
http://secure-billing-dhl-tje7.click/login.php,1
http://instagram.com@jysxaw7n.xyz/wallet,1
http://tijq-secure-netflix-unlock.kim/login.php,1
https://nytimes.com/features/articles/products?id=26310,0
http://coinbase-support.gtp32kkl6.zip/xu1mf,1
http://google.com@aquqd1ut.co/verify,1
http://google.com@zur1sn64.com/wallet,1
https://apple.com/news?utm_source=hxnn3&utm_term=rmuz3&utm_campaign=bi25k,0
http://paypal-unlock.5mo3.xyz/vfgk7,1
https://apple.com/docs/articles/contact,0
https://bhzp-us.cloudflare.com/user/features/blog,0
https://amazon.com/,0
https://ypog-us.shopify.com/contact,0
https://mit.edu/about?id=44600,0
https://netflix.com/user,0
https://salesforce.com/,0
https://stackoverflow.com/news/docs,0
https://cloudflare.com/user?utm_source=b0irr&utm_medium=3ugoo&utm_term=buoes,0
https://blog.github.com/news,0
https://ieee.org/about?id=77433,0
https://12euxxzv.com/signin,1
http://65.64.190.120/paypal/billing/9lzbf8,1
https://shop.python.org/user,0
http://bit.ly/shg7xou,1
http://outlook-alert.05wnyaar.gov/utv5s,1
https://bbc.com/,0
http://t.co/ijm7atv,1
http://70.33.138.117/google/webscr/kkogma,1
http://secure-bankofamerica-2wxw-webscr.org/login.php,1
http://d4md-secure-suspend-bankofamerica.edu/login.php,1
https://www.stackoverflow.com/articles,0
https://0pwoba.net/security-check,1
https://google.com/help/learn,0
https://www.dropbox.com/search,0
https://l2dyut.net/2pq,1
http://microsoft-webscr.h9jz5f.work/63dhv,1
http://ebay.com@hz5576dp.edu/login,1
https://docs.mit.edu/learn/search,0
http://192.22.78.145/coinbase/secure/ld36mr,1
http://goo.gl/1kkklk7,1
http://apple.com/news,0
https://google-wallet.net/,1
https://xn--h1bx6-ydv.country/bankofamerica-confirm,1
https://amazon.com/articles/help/features,0
http://ebay-login.4it01mc.top/pkfqp,1
https://outlook-signin.net/,1
https://pku3d.io/microsoft/alert,1
https://shopify.com/,0
https://help.sciencedirect.com/index,0
https://help.spotify.com/user/news,0
https://chase-webscr.gov/,1
https://17t143.edu/signin,1
https://hjh3.gov/apple/webscr,1
https://apple.com/features/pricing?id=50105,0
https://t6uoe5.gov/account,1
http://t.co/4yaig9d,1
http://dhl-login.93k3qauf.xyz/qphys,1
https://pejt0.io/netflix/confirm,1
https://shop.amazon.com/features,0
http://coinbase-wallet.ewkq.cf/n85ib,1
https://khanacademy.org/news,0
http://binance-security-check.tv398llsv.ga/wsbrj,1
https://paypal-suspend.edu/,1
http://216.45.53.57/paypal/password-reset/w5sewh,1
https://docs.wikipedia.org/articles/settings,0
https://shopify.com/,0
http://ebay-account-t77n-secure.review/login.php,1
https://mit.edu/settings/user,0
https://xn--cm74i-zih.edu/irs-billing,1
http://google.com/support,0
https://f612q3.io/account,1
http://167.218.65.79/facebook/update/od7kmm,1
http://tinyurl.com/dui5v6z,1
https://9c45ijr.net/office365/signin,1
https://xmvmbw.org/lw1,1
https://binance-wallet.io/,1
https://fc8jyk.io/security-check,1
http://instagram-verify.fb5zqtr.com/drosz,1
https://nytimes.com/,0
http://1a20-dhl-secure-update.review/login.php,1
https://shop.harvard.edu/products/support,0
https://google.com/products/search?id=81166,0
https://sp7dh9.co/d85,1
https://docs.spotify.com/products,0
https://secure.adobe.com/signin,0
https://nytimes.com/support?utm_source=rjfui&utm_term=lywu5&utm_medium=140vi,0
https://nasa.gov/,0
https://coursera.org/products/api/contact?id=56837,0
https://w36yzd3d.org/support,1
http://76.31.52.231/dhl/login/g0z53w,1
http://87.63.125.99/outlook/signin/rk6ooa,1
https://stackoverflow.com/user/pricing?id=98517,0
http://reddit.com/support,0
https://bmx4i.gov/signin,1
http://117.1.51.48/paypal/secure/k0ca76,1
https://adobe.com/,0
https://secure.dropbox.com/account,0
http://41.232.109.74/coinbase/account/4j6ppo,1
http://ebay-confirm.mw4h.zip/19j0h,1
https://ieee.org/,0
https://shop.reddit.com/features,0
https://nature.com/support?id=5972,0
https://xn--oyvos-5ys.xyz/coinbase-signin,1
https://cloudflare.com/support/features,0
https://apple.com/articles/user/settings,0
http://usps-secure-secure-mcca.kim/login.php,1
https://help.khanacademy.org/news,0
https://amazon.com/features,0
https://cn27qrx.edu/microsoft/unlock,1
http://57.78.234.136/office365/suspend/f90wu1,1
https://qr9z9.net/binance/secure,1
https://6ven-api.bbc.com/careers,0
http://bankofamerica.com@ykoyidgo.com/update,1
https://jrs1l1.net/x0h,1
https://sb37-static.reddit.com/articles/pricing/search,0
https://secure.netflix.com/login,0
https://github.com/,0
http://is.gd/wu2wup7,1
https://netflix.com/,0
http://amazon-signin.h3harvk.gov/c4f79,1
https://github.com/index,1
http://dhl-secure-c8dy-signin.co/login.php,1
http://wellsfargo-secure-verify-uqlz.click/login.php,1
http://ow.ly/n7fmviq,1
https://n3rai58.co/suspend,1
https://un.org/,0
https://wikipedia.org/news?utm_campaign=tslm0&utm_term=q5keq&utm_source=afa7z,0
https://cloudflare.com/,0
https://5sd7-cdn.salesforce.com/docs,0
https://docs.apple.com/support,0
http://secure-wcgy-wallet-bankofamerica.ga/login.php,1
https://79b5p.edu/bankofamerica/billing,1
https://blog.spotify.com/settings/careers,0
https://nasa.gov/,0
https://www.khanacademy.org/learn/learn,0
http://wellsfargo-update-tpb2-secure.net/login.php,1
https://adobe.com/docs/settings/search?id=51912,0
https://exqp-eu.linkedin.com/index/help/download,0
http://cloudflare.com/download/search,0
https://reddit.com/,0
https://google.com/news/docs/news?id=88917,0
https://cd3l-static.khanacademy.org/user,0
https://bbc.com/,0
https://wrkfbtk.com/password-reset,1
https://adobe.com/,0
https://adobe.com/api?utm_medium=pjsmy&utm_campaign=5jtgv&utm_term=4fk30,0
https://spotify.com/,0
https://ieee.org/download/pricing,0
https://linkedin.com/index?id=30304,0
https://qn0q1l.gov/ydw,1
https://bbc.com/pricing/articles,0
https://www.stackoverflow.com/articles/index,0
http://173.57.129.3/outlook/password-reset/l8vjej,1
https://lrr2-static.khanacademy.org/index,0
https://google-secure.org/,1
http://236.136.224.244/paypal/update/m3a5l0,1
http://secure-beqb-suspend-amazon.co/login.php,1
https://reddit.com/index/support/user,0
http://79.143.63.1/dhl/unlock/ia414f,1
https://lk3343.com/mx8,1
https://www.reddit.com/help,0
https://mit.edu/careers/user/products,0
https://cloudflare.com/index/features,0
http://74.129.114.128/microsoft/alert/hmjajb,1
https://dhmvkq3.com/password-reset,1
https://www.harvard.edu/learn,0
https://xn--sf62p-28u.org/irs-update,1
http://usps-password-reset.rnefykedz.io/wftq3,1
http://t.co/0szi2l6,0
http://tinyurl.com/ty174qd,1
http://apple.com/docs,0
https://www.spotify.com/index,0
https://stackoverflow.com/,0
https://un.org/news,0
http://chase-support.x6w725f.com/u3ooo,1
http://instagram-billing.e5dv4.kim/iy539,1
http://secure-facebook-billing-qado.click/login.php,1
http://114.73.113.141/dhl/suspend/3d12ys,1
https://auth.harvard.edu/verify,0
https://un.org/,0
https://docs.khanacademy.org/search,0
https://reddit.com/,0
https://khanacademy.org/careers/news,0
https://8x9q-eu.stackoverflow.com/products,0
https://netflix.com/features,0
https://docs.un.org/settings,0
http://198.246.236.1/outlook/account/m8746g,1
http://t.co/k541pgg,1
https://reddit.com/,0
http://goo.gl/a9d61ec,1
http://instagram-wallet.kl7gmp.co/jse33,1
http://instagram.com@tauqx611.edu/security-check,1
https://docs.nytimes.com/products/careers,0
http://120.169.188.143/irs/update/50v5pj,1
http://usps-support.nbmg5krd.net/n4wfn,1
https://4700-us.sciencedirect.com/contact,0
http://usps.com@3slvlu32.cf/wallet,0
http://dhl-verify.n0ed05.io/b3zy4,1
https://xn--mowkp-u7q.ga/outlook-secure,1
http://161.123.6.104/outlook/update/cyttpv,1
http://201.36.31.32/office365/password-reset/rv6wyh,1
https://netflix.com/features?utm_term=zyg30&utm_medium=1jbs3&utm_campaign=hyatc,0
https://87z8-static.coursera.org/news/contact,0
https://docs.netflix.com/blog,0
https://nature.com/careers/download/support,0
https://8v52-static.dropbox.com/search/pricing,0
https://my.who.int/billing,0
http://15.72.32.149/instagram/wallet/m0qayr,1
https://docs.sciencedirect.com/search,0
https://rnnr0a.org/ynp,1
https://chase-wallet.io/,1
https://84ic-us.harvard.edu/pricing/api/news,0
https://salesforce.com/contact/learn?id=53189,0
http://227.196.127.123/ebay/update/2l33qx,1
http://dhl-login.h7rp08k.review/k6mn0,1
https://sw24.com/dhl/alert,1
https://adobe.com/,0
https://spotify.com/,0
http://ebay.com@goygjtcm.kim/verify,1
https://21jo-cdn.stackoverflow.com/help,0
https://github.com/contact?id=54866,0
https://github.com/news,0
https://apple.com/,0
https://gud9ii.gov/6mc,1
https://63qj0h.net/amazon/suspend,1
http://128.104.125.242/dhl/password-reset/3864hm,0
http://t.co/vtq63yg,1
https://dsedfb.org/suspend,1
http://95ka-secure-instagram-support.io/login.php,1
http://156.57.49.73/facebook/verify/zxpo0m,1
https://l6off.com/paypal/signin,1
http://outlook-wallet.cxnyjw0z.org/xs7gd,1
http://irs-alert.jsrmem05.zip/w5kz0,1
https://j2r7g9.edu/mh4,1
https://google.com/learn/about/index,0
https://un.org/,0
http://wellsfargo-update.54d7mxra1.top/pugyb,1
https://sciencedirect.com/learn?utm_term=69576&utm_source=62yw1&utm_campaign=penyd,0
http://238.241.103.183/dhl/update/54uezz,1
http://shopify.com/contact/api,0
https://microsoft.com/news/contact/courses?id=58008,0
https://92wu9z.gov/suspend,1
https://shop.apple.com/api/about,0
https://microsoft.com/features?utm_medium=doecv&utm_source=e6pr5&utm_campaign=n8i4p,0
https://adobe.com/,0
https://shop.harvard.edu/help/courses,0
https://office365-verify.co/,1
http://91.111.83.40/coinbase/unlock/ztjrn2,1
http://paypal.com@9stvakxj.gov/signin,1
https://xn--dwjrf-1qu.net/wellsfargo-update,1
http://bit.ly/debtj54,1
https://help.ieee.org/products,0
https://adobe.com/help/support/help,0
http://ow.ly/n2891ym,1
https://shopify.com/settings?utm_term=q1br2&utm_medium=6tje2&utm_source=aj9vg,0
http://187.196.146.11/usps/signin/99iekb,1
http://reddit.com/help,0
https://docs.nasa.gov/careers,0
https://www.adobe.com/docs,0
http://outlook-security-check.qgpba62fd.org/1jovh,1
https://xn--yuahz-rop.top/google-security-check,1
https://edjth6l.edu/bankofamerica/password-reset,1
http://microsoft-update.10iur.co/56dcu,1
http://apple.com/support/help,0
https://linkedin.com/,0
http://netflix.com@6sl3h3em.net/login,1
https://stackoverflow.com/blog,0
https://help.netflix.com/products/contact,0
https://www.linkedin.com/settings/settings,0
https://hkfl06pq.org/signin,1
https://amazon.com/,0
https://docs.reddit.com/pricing,0
http://binance.com@5c72ty5q.io/alert,1
https://un.org/docs/download/help?id=60419,0
https://mbwzhy.com/xbx,1
http://bankofamerica.com@2iurolsv.zip/support,1
https://nytimes.com/articles/features/articles?id=26168,0
https://bbc.com/courses?id=80125,0
http://instagram-bp3u-secure-security-check.cf/login.php,1
https://who.int/careers?utm_campaign=zgvtu&utm_source=ik15u&utm_medium=l9wol,0
http://dropbox.com/features/features,0
https://ieee.org/about/docs/support,0
http://ow.ly/izm4t0s,1
https://nasa.gov/,0
https://xn--ds49f-m14.work/netflix-signin,1
https://www.cloudflare.com/products/features,0
http://wellsfargo-login.51lzdqj.tk/4txp4,1
https://pkrf2a3.co/account,1
http://update-dhl-h79b-secure.tk/login.php,1
http://45.19.228.20/office365/wallet/h64aca,1
http://secure-facebook-signin-aqid.edu/login.php,1
https://3o3ybb70.io/verify,1
https://shopify.com/search?utm_term=o3q3q&utm_campaign=a3s8k&utm_source=e2wt1,0
https://nasa.gov/download/courses/pricing?id=13403,0
https://auth.netflix.com/signin,0
https://amazon-verify.com/,1
https://xn--le4xe-3gp.co/microsoft-support,1
https://xn--q99cf-t3y.ml/ebay-update,1
http://outlook.com@s7qi1hwl.ga/security-check,1
http://244.178.253.80/ebay/verify/9104f7,1
https://3jjvh.org/suspend,1
https://amazon.com/search/docs,0
http://tinyurl.com/t72qvgi,1
https://lqj4.net/coinbase/support,1
http://bit.ly/d0rv3dc,1
https://coursera.org/,0
https://sciencedirect.com/,0
https://coursera.org/search/index/api,0
https://9opi4zz.co/dhl/verify,1
https://wikipedia.org/docs/news/careers,0
https://apple.com/,0
https://stackoverflow.com/,0
http://219.91.57.129/ebay/webscr/19sugl,1
https://github.com/,0
https://zktxut.com/wellsfargo/alert,1
https://blog.sciencedirect.com/learn,0
http://binance-webscr.74krqqbpx.gov/f71u0,1
http://instagram-signin.hie7rd5y.ml/z5pcs,1
https://stackoverflow.com/support/features,0
https://nasa.gov/,0
http://44ht-bankofamerica-billing-secure.top/login.php,1
https://www.microsoft.com/careers,0
http://sciencedirect.com/news/blog,0
http://tinyurl.com/r58mdyj,1
https://docs.microsoft.com/help,0
http://amazon-webscr.gs62e.click/vvhqy,1
https://harvard.edu/learn?utm_medium=u8i7y&utm_source=ocrbi&utm_campaign=1zlf2,0
https://wikipedia.org/index/help?id=32906,0
http://irs-confirm.s4an.ga/ibrmt,1
http://irs-billing.odcldz.tk/6e9n1,1
http://apple-password-reset.08a8m6neo.top/q1udl,1
http://ieee.org/download/index,0
https://xn--iqrat-mfb.xyz/office365-alert,1
http://microsoft.com/docs/docs,0
https://1ay2sg.net/htt,1
https://nasa.gov/about/support,0
https://docs.who.int/user,0
https://nasa.gov/learn?id=21806,0
https://coursera.org/index?utm_source=2avak&utm_medium=ke6gz&utm_term=9esgo,0
https://secure.ieee.org/signin,0
http://irs-signin.dtwi.work/7840s,1
http://bit.ly/ipm126g,1
https://google.com/,0
http://instagram-confirm.g2tysy.cf/8t15g,1
https://ieee.org/docs/pricing?id=45583,0
https://xn--aur07-bfm.xyz/apple-unlock,1
https://bbc.com/,0
http://billing-dr3k-wellsfargo-secure.edu/login.php,1
https://sciencedirect.com/,0
https://khanacademy.org/about,0
http://binance-secure-account-e4sg.country/login.php,1
http://microsoft.com@z0mi0lr1.kim/secure,1
http://bit.ly/kucs2xs,1
http://microsoft.com@ti0amjaa.io/security-check,1
https://reddit.com/index/courses/help?id=63394,0
https://5guy6vma.co/security-check,1
https://id.ieee.org/password-reset,0
http://password-reset-outlook-o3tm-secure.top/login.php,1
http://usps-confirm.5p6ebz.io/p5a2k,1
https://www.reddit.com/settings,0
https://nature.com/,0
http://228.67.173.213/usps/wallet/bbp8g6,1
https://8k1a-static.amazon.com/blog/careers,0
http://binance-signin.yudv.work/8axng,1
https://github.com/,0
http://119.221.205.82/instagram/support/lh0mxk,1
https://sciencedirect.com/support?id=33256,0
http://microsoft.com@0kkjc8ye.org/billing,1
https://wikipedia.org/,0
https://ae1f2dy.net/support,1
https://docs.who.int/learn/articles,0
http://outlook.com@k2izw3vx.tk/update,1
http://unlock-secure-irg5-binance.ga/login.php,1
https://peb8jple.com/verify,1
https://khanacademy.org/support?id=79708,0
http://oy4x-wallet-usps-secure.ga/login.php,1
https://accounts.linkedin.com/support,0
https://spotify.com/learn?utm_source=roghe&utm_medium=xc8mv&utm_term=mvqtr,0
http://netflix.com@6gasukuu.work/confirm,1
http://suspend-b5q1-office365-secure.top/login.php,1
https://ebay-billing.edu/,1
https://netflix.com/products/about?id=82863,0
http://facebook-wallet.oy0l0.kim/qm22e,1
https://pgb86z.org/signin,1
https://xn--1xxor-bdj.kim/instagram-login,1
http://goo.gl/rydz5l0,1
https://medium.com/,0
http://252.49.48.34/wellsfargo/wallet/qxe6jx,1
https://microsoft.com/,0
http://google.com/about,0
https://spotify.com/,0
https://python.org/,0
https://sciencedirect.com/,0
https://blog.harvard.edu/search,0
https://j8xp-api.apple.com/search,0
https://spotify.com/docs/api,0
https://github.com/,0
http://goo.gl/fpj91ml,1
https://0a5c4.org/office365/account,1
https://wikipedia.org/,0
https://auth.github.com/support,0
http://dhl.com@wt6ahdof.ga/webscr,1
https://www.shopify.com/download,0
http://t.co/1yfzlfo,1
https://netflix.com/,0
https://blog.coursera.org/docs,0
http://ieee.org/articles/support,0
https://salesforce.com/,0
https://wikipedia.org/docs/support?id=39299,0
https://salesforce.com/,0
http://outlook.com@uoov6se1.io/billing,1
https://u1msoe.io/2ee,1
http://apple.com@iwg0onqv.ga/login,1
https://q70hu23.co/bankofamerica/secure,1
https://nature.com/courses/products,0
http://52.79.71.80/outlook/alert/7c34m6,1
https://x3uqxk.org/ux6,1
https://docs.adobe.com/download/blog,0
https://help.coursera.org/careers/user,0
https://klisvm.com/zuf,1
http://facebook-signin.jh311do8.ga/pq571,1
https://shop.dropbox.com/docs/careers,0
http://chase.com@nsk8a57e.kim/secure,1
http://paypal.com@tcjd6tt1.net/verify,1
https://ieee.org/contact?utm_source=t24ly&utm_campaign=bnl0w&utm_medium=ugoi4,0
https://mit.edu/,0
https://blog.dropbox.com/docs/blog,0
http://124.176.207.239/apple/unlock/vnbsax,1
http://facebook-wallet.izm88amk.edu/rj3fy,1
https://docs.google.com/settings,0
https://bbc.com/,0
https://docs.microsoft.com/about,0
https://mrfxj4rj.io/password-reset,1
http://ow.ly/vue1835,1
https://id.un.org/verify,0
https://adobe.com/settings?id=20253,0
https://bbc.com/courses,0
http://khanacademy.org/user/learn,0
https://netflix.com/,0
http://office365-secure.btwg.cf/k2g03,1
http://n7wf-password-reset-netflix-secure.io/login.php,1
https://auth.github.com/verify,0
https://shop.nasa.gov/pricing/careers,0
https://ieee.org/,0
https://un.org/,0
https://j7zl-cdn.cloudflare.com/products/features/support,0
https://binance-security-check.gov/,1
http://linkedin.com/learn,0
https://vkgn-static.medium.com/search/help/pricing,0
https://nasa.gov/careers?utm_source=v2rjj&utm_term=mfyrz&utm_medium=occta,0
https://python.org/blog/docs/pricing?id=57572,0
http://75.226.247.73/chase/password-reset/e7gs0v,1
https://facebook-secure.net/,1
https://shop.bbc.com/settings/api,0
https://coursera.org/,0
https://xt02nen.edu/verify,1
http://suspend-dhl-h5ua-secure.co/login.php,1
http://7s77-instagram-secure-signin.country/login.php,1
https://4o4cyhl.co/login,1
https://help.ieee.org/user/pricing,0
https://shopify.com/settings?utm_source=5b9a9&utm_medium=3t5q9&utm_campaign=wszre,0
http://alert-facebook-secure-x10f.click/login.php,1
http://coinbase.com@yxwfvsdp.org/login,1
https://nature.com/features?utm_source=64scu&utm_campaign=bhpnk&utm_term=bprqx,0
http://t.co/vibvoy2,1
https://help.khanacademy.org/pricing,0
http://142.75.241.139/bankofamerica/confirm/vfffzb,1
http://microsoft-password-reset.we9d.work/2ai3i,1
https://apple.com/products?id=41682,0
https://lfmvaz.net/4ib,1
https://wikipedia.org/careers/contact/support?id=40745,0
http://t.co/7p4wxxb,1
https://who.int/user/api?id=30764,0
https://www.nasa.gov/courses/pricing,0
https://shop.bbc.com/pricing/support,0
http://paypal-billing.sua5.gov/a37js,1
http://secure-webscr-microsoft-60ld.gov/login.php,1
https://stackoverflow.com/news?id=70548,0
https://xn--9pumo-0ij.work/wellsfargo-password-reset,1
http://coinbase.com@3ffdoxmo.top/login,1
https://docs.linkedin.com/courses,0
https://www.dropbox.com/api,0
http://secure-outlook-password-reset-vuft.co/login.php,1
https://xn--zwfiz-uq4.click/usps-wallet,1
https://auth.adobe.com/support,0
https://ieee.org/docs/api?id=78965,0
https://google.com/settings,0
http://coinbase.com@0qvtww36.co/suspend,1
https://xn--tlhti-86t.org/apple-account,1
https://help.dropbox.com/search/blog,0
https://www.cloudflare.com/about/about,0
https://blog.spotify.com/api,0
http://coursera.org/download,0
https://linkedin.com/,0
https://nasa.gov/courses,0
https://accounts.amazon.com/login,0
http://bit.ly/vkp7v92,1
http://google.com@z8m27an2.cf/update,1
https://dropbox.com/,0
https://www.coursera.org/contact,0
https://3syf1g1.co/binance/support,0
http://office365.com@v7pdamw8.kim/update,1
http://90.211.166.112/instagram/confirm/4m5ll0,1
http://outlook.com@y9c3lz1e.cf/security-check,1
https://un.org/careers/products,0
https://help.harvard.edu/news/help,0
http://is.gd/7g7r627,1
https://docs.coursera.org/articles,0
http://222.192.184.241/outlook/billing/y9jsdy,1
https://17z4-cdn.netflix.com/support/search,0
http://ebay-login.j0iekd.cf/sa49t,1
https://xn--s09cy-byw.cf/office365-signin,1
https://auth.dropbox.com/password-reset,0
https://www.who.int/courses,0
https://blog.cloudflare.com/user,0
http://5.86.160.78/google/webscr/fw15he,1
http://is.gd/l62qjx0,1
https://og2z-api.ieee.org/support,0
http://ebay.com@rup03ml0.kim/suspend,1
https://i9lyt.org/password-reset,1
http://outlook.com@umeb6fiq.work/account,1
https://apple.com/,0
https://shopify.com/docs?utm_source=blv1g&utm_term=yjlvy&utm_campaign=r5e6x,0
http://goo.gl/eus5t1h,1
https://id.shopify.com/login,0
http://is.gd/4skegvi,1
https://blog.coursera.org/search,0
https://dropbox.com/articles/contact/careers?id=49821,0
https://xn--hwrdl-3nk.net/chase-secure,1
https://google-account.io/,1
https://www.reddit.com/learn,0
https://epxs-static.linkedin.com/pricing/settings,0
https://h63gym.net/u56,1
https://shop.bbc.com/about/search,0
https://shop.shopify.com/search,0
http://is.gd/7zpn83v,1
http://dhl-alert.2zc3y.org/b1sid,1
https://office365-suspend.co/,1
https://ahj130.net/apple/verify,1
https://microsoft-login.co/,0
https://spotify.com/,0
http://137.64.167.234/amazon/wallet/bxpelk,1
https://reddit.com/settings/learn/index,0
https://rv19-eu.shopify.com/products/settings,0
https://id.reddit.com/billing,0
https://xn--7n2vq-w74.com/google-login,1
https://microsoft.com/settings?utm_source=o1q6f&utm_medium=82xrb&utm_campaign=pzr68,0
http://155.202.8.183/office365/update/dz6qzs,1
https://khanacademy.org/index?utm_term=nkbn1&utm_source=y71si&utm_campaign=248yi,0
http://107.184.54.56/bankofamerica/verify/rdh1zp,1
https://netflix.com/user/articles,0
https://un.org/help,0
https://binance-verify.org/,0
http://tinyurl.com/8oiqkbc,1
https://linkedin.com/,0
http://ow.ly/cazgv64,1
https://sciencedirect.com/,0
http://wellsfargo.com@drn30nh7.review/alert,1
http://15.117.108.92/google/verify/knmu4c,1
https://secure.wikipedia.org/support,0
http://paypal-confirm.s24v.zip/y860n,1
https://b9654u.co/585,1
https://un.org/about/search/api,0
https://amazon.com/,0
https://cloudflare.com/,0
http://dhl-secure-4xy0-password-reset.xyz/login.php,1
https://www.medium.com/settings,0
http://google.com@8xg330p6.country/confirm,1
https://auth.nytimes.com/support,0
http://office365-suspend.t2gz5xys6.io/x1t9p,1
http://netflix-billing.yv6ozx.top/8ag00,1
https://python.org/user/news,0
http://xvcw-alert-dhl-secure.com/login.php,1
https://docs.medium.com/careers,0
https://1f0uf4.io/x91,1
http://amazon-unlock.ui6pev.co/op60a,1
http://paypal-wallet.58uezwj.cf/8stvs,1
http://apple.com@scru289r.org/password-reset,1
https://apple.com/,0
https://khanacademy.org/,0
https://nasa.gov/learn,0
https://python.org/help/products?id=29073,0
https://apple.com/index?utm_medium=2klj4&utm_campaign=wco5o&utm_source=eqxoc,0
http://31.200.62.250/chase/password-reset/2vf1lq,1
https://my.spotify.com/login,0
https://cloudflare.com/,0
https://harvard.edu/,0
https://6md7-api.netflix.com/blog/blog/about,0
http://142.34.194.148/instagram/support/n9vqct,1
https://iw2bnu.net/cyr,1
https://spotify.com/courses,0
https://my.salesforce.com/account,0
http://paypal-secure-signin-cjyf.country/login.php,1
http://adobe.com/help/user,0
http://irs.com@rxlxshin.edu/security-check,1
http://apple-account.hg13w.click/sk7nk,1
https://outlook-update.edu/,1
http://irs.com@iyokk7qs.kim/alert,1
http://mit.edu/news,0
https://ieee.org/index/docs/features?id=41821,0
https://shopify.com/,0
https://xn--scv2s-gfn.ga/dhl-confirm,1
https://mit.edu/,0
https://stackoverflow.com/,0
https://microsoft-password-reset.co/,1
https://amazon.com/features?utm_source=qj6fv&utm_term=am2ch&utm_medium=4dj0t,0
http://instagram.com@8k3tn9oj.cf/wallet,1
http://h77l-google-suspend-secure.top/login.php,1
https://un37-static.khanacademy.org/settings,0
https://stackoverflow.com/,0
https://shop.nytimes.com/contact/search,0
https://www.ieee.org/careers,0
https://docs.netflix.com/contact,0
https://blog.mit.edu/pricing/articles,0
https://amazon.com/careers?id=25107,0
https://xn--6rdg5-ioq.ml/microsoft-signin,1
http://facebook.com@9ytqujzs.kim/password-reset,1
https://lg1ku1.gov/v28,1
https://dropbox.com/,0
https://reddit.com/,0
http://63.167.251.238/outlook/secure/cmzhab,1
https://www.adobe.com/download,0
https://harvard.edu/features/pricing/index?id=39217,0
https://xn--o4gsq-lhs.net/ebay-verify,1
https://rr8ne.edu/unlock,1
https://www.python.org/settings,0
https://icl3tpc.gov/webscr,1
https://wikipedia.org/,0
http://dhl.com@z2nnyerl.review/login,1
https://auth.medium.com/support,0
https://bbc.com/careers,0
https://d9ph-eu.harvard.edu/download,0
https://apple-wallet.net/,1
https://auth.apple.com/login,0
http://reddit.com/about,0
https://du7fmu.net/suspend,1
https://binance-billing.gov/,1
http://94.27.201.177/chase/support/pb14fn,1
https://sciencedirect.com/,0
http://175.33.151.189/coinbase/webscr/i4a1xo,1
https://wikipedia.org/,0
https://shopify.com/articles/courses,0
https://1tton.io/unlock,1
http://irs-unlock.926ld4.com/vjd5v,1
https://help.google.com/support,0
https://ik0zt.co/alert,1
https://office365-account.org/,1
http://netflix.com@o7sttzef.review/account,1
https://harvard.edu/,0
https://zgtp.co/wellsfargo/verify,1
http://irs-unlock.wx2hph8qq.gov/qye1p,1
http://binance.com@kqqzsn4s.top/account,1
https://www.wikipedia.org/products,0
https://4gos1p.io/unlock,1
https://ieee.org/features?id=83223,0
https://xn--8cv9c-cdx.org/outlook-webscr,1
https://coursera.org/,0
https://xn--6pal9-sdx.ml/binance-webscr,1
http://ebay-secure.jxwph2vu.tk/aqzg1,1
https://www.nasa.gov/download/search,0
https://spotify.com/,0
https://github.com/articles,0
http://tinyurl.com/9axmzv4,1
https://blog.wikipedia.org/contact,0
https://nasa.gov/pricing/api/learn,0
http://128.204.178.103/ebay/wallet/320evi,1
http://bankofamerica-support.rx3dj0h.com/t6aqc,1
https://adobe.com/api,0
http://goo.gl/rvif4gy,1
http://billing-secure-uww7-dhl.click/login.php,1
http://97.62.66.52/binance/wallet/1xdqg0,1
https://blog.python.org/index/download,0
https://rxkhy.net/binance/wallet,1
http://tinyurl.com/1022nbf,1
http://dhl-signin.c67wr8h96.net/i1raq,1
https://python.org/,0
https://4di7-static.who.int/news/support/careers,0
https://spotify.com/products/contact?id=59989,0
http://ebay.com@ihml1550.edu/confirm,1
https://ythevfy.net/dhl/signin,1
http://ebay-secure-account-uf25.gov/login.php,1
https://my.reddit.com/verify,0
https://shopify.com/download?utm_source=nucaj&utm_campaign=vqlw3&utm_term=mdzyj,0
http://bankofamerica-account.f1qipahi.country/4szah,1
http://tinyurl.com/3sln46m,1
http://binance-confirm.fzf743y.gov/tu7d8,1
https://xn--uu1gm-1dt.kim/binance-verify,1
https://microsoft-verify.edu/,1
https://cloudflare.com/search/contact/articles,0
https://www.reddit.com/search/contact,0
https://salesforce.com/,0
https://stackoverflow.com/,0
http://115.177.33.67/bankofamerica/password-reset/dxxvku,1
http://t.co/l8px69a,1
https://nytimes.com/settings/search?id=27942,0
https://salesforce.com/support/blog?id=52219,0
http://94.166.120.176/facebook/account/077fvv,1
https://www.linkedin.com/features,0
https://adobe.com/products,0
https://blog.khanacademy.org/api,0
https://nb8575.gov/bel,1
http://outlook-login-0zbw-secure.top/login.php,1
http://irs.com@aa0f9cjc.io/suspend,1
https://help.reddit.com/search,0
https://medium.com/,0
https://docs.medium.com/search/features,0
https://netflix.com/pricing?utm_source=i8a17&utm_term=0xc71&utm_medium=o4ywg,0
https://lhwp-us.wikipedia.org/courses,0
https://www.apple.com/blog/user,0
https://spotify.com/pricing,0
https://e64s-cdn.sciencedirect.com/help,0
https://dpy2-cdn.ieee.org/settings,0
http://bankofamerica-login.pzdd.com/59qnv,1
http://apple.com@jd2mfex0.edu/password-reset,1
http://wellsfargo-3lh6-login-secure.kim/login.php,1
https://help.adobe.com/products,0
https://blog.reddit.com/courses,0
https://nasa.gov/blog/search/careers?id=71302,0
http://coinbase-secure-support-kclg.ga/login.php,1
http://secure-91hl-billing-usps.net/login.php,1
http://ow.ly/5myqe4z,1
https://netflix.com/,0
https://amazon.com/,0
https://xn--5znd6-78n.kim/bankofamerica-password-reset,1
https://www.nasa.gov/features,0
http://goo.gl/bs7dayb,1
https://eo3k-eu.google.com/docs,0
https://facebook-confirm.com/,1
https://microsoft.com/search,0
https://xn--yse50-uib.review/apple-signin,1
https://dropbox.com/,0
http://ebay-confirm.acz1n.edu/iv168,1
http://chase-verify.hib51.xyz/v7nw5,1
https://www.microsoft.com/pricing,0
https://stackoverflow.com/blog/learn/pricing?id=32182,0
https://id.shopify.com/support,0
http://231.74.56.21/apple/security-check/c33kkj,1
https://nature.com/,0
https://linkedin.com/user/user/careers?id=87423,0
http://wellsfargo-signin-e2dy-secure.xyz/login.php,1
https://idjufn.gov/login,1
https://www.apple.com/settings/api,0
https://zgg8d.gov/paypal/signin,1
https://secure.bbc.com/password-reset,0
https://binance-billing.edu/,1
https://cloudflare.com/,0
http://64.85.232.72/chase/secure/0da53q,1
https://ieee.org/support,0
https://ieee.org/,1
http://is.gd/5lqqqm6,1
https://amazon.com/articles,0
https://glwt-static.python.org/pricing/products,0
http://wellsfargo-secure.3yk2drp6.click/8vj72,1
http://outlook-suspend.o5ycn.cf/uy4ir,1
http://121.220.109.132/dhl/password-reset/8jsdfr,1
http://keou-secure-netflix-update.xyz/login.php,1
http://nature.com/support,0
https://docs.spotify.com/contact,0
https://harvard.edu/contact/pricing?id=61829,0
http://facebook-alert.nh6o.kim/9im5d,1
https://pegv9q.org/cho,1
http://bit.ly/iobuoju,1
https://stackoverflow.com/,0
http://paypal-secure-wallet-r4w2.cf/login.php,1
https://wikipedia.org/,0
http://8yaa-binance-signin-secure.org/login.php,1
http://alert-secure-wellsfargo-r395.click/login.php,1
https://spotify.com/,0
https://accounts.un.org/billing,0
https://iqza4o5.org/unlock,1
http://coinbase-confirm.97jm.gov/mc3bf,1
http://ow.ly/sj7pwi2,1
http://amazon-suspend.9jq2.com/ta3tn,1
https://outlook-wallet.co/,1
http://apple.com@meslbsnb.ga/alert,1
http://136.99.37.225/ebay/password-reset/umiiob,1
https://secure.salesforce.com/login,0
https://dropbox.com/,0
https://amazon-confirm.net/,1
http://23.77.207.112/usps/wallet/laaa86,1
http://irs-secure-zx3m-password-reset.org/login.php,1
http://amazon-billing.jv09.cf/aypq6,1
https://xn--ohcod-wj2.io/microsoft-signin,1
http://secure-mzky-instagram-unlock.click/login.php,1
https://6fmoj.org/confirm,1
https://netflix.com/,0
http://amazon.com@yjzbcwsj.xyz/unlock,1
http://paypal-wallet.gwwx.com/gc5t8,1
http://tinyurl.com/97fq8r8,1
http://bit.ly/pj04k2p,1
https://nlkbz.com/unlock,1
http://113.180.48.145/coinbase/support/0ibtk5,1
http://143.46.248.51/ebay/alert/fyh4jw,1
https://hcb6-us.dropbox.com/pricing/support/courses,0
https://bankofamerica-signin.edu/,1
http://is.gd/djdo7vr,1
https://zdht-eu.netflix.com/products/search,0
https://mit.edu/articles/settings,0
https://python.org/settings/articles?id=28565,0
https://docs.ieee.org/help,0
http://usps-billing.w1wi.co/vlzmx,1
http://billing-dhl-secure-doxv.net/login.php,1
https://python.org/,0
https://paypal-suspend.net/,1
https://nasa.gov/,0
http://amazon-update-j45u-secure.gov/login.php,1
https://4c0c93.io/hnf,1
http://facebook.com@2u8jz7ix.cf/wallet,1
http://bit.ly/dfm98x2,1
https://blog.mit.edu/learn,0
http://x854-secure-microsoft-secure.io/login.php,1
https://amazon-alert.edu/,1
http://ow.ly/a46qdzi,1
http://binance-webscr.7ikyv.net/wnngi,1
https://docs.medium.com/download/docs,0
http://facebook-alert.xbu4.org/x4xmk,1
https://apple.com/settings/courses,0
https://shop.who.int/articles,0
https://shop.shopify.com/user,0
https://coursera.org/docs/pricing,0
http://who.int/index,0
http://usps.com@yck1tecq.co/account,1
https://auth.spotify.com/billing,0
https://xn--hsl5o-ucl.gov/outlook-wallet,1
https://2nky7ho0.com/suspend,1
https://blog.spotify.com/index/pricing,0
https://reddit.com/settings/docs?id=26650,0
http://github.com/learn,0
http://bit.ly/hzp49sw,1
https://vhn2la.co/password-reset,1
http://amazon-support.hpmpy.co/msul8,1
http://outlook.com@f1hl4jtl.xyz/billing,1
https://medium.com/,0
https://blog.stackoverflow.com/learn/features,0
https://2nwn061y.edu/secure,1
https://apple-alert.co/,1
http://100.192.243.87/irs/billing/103ody,1
https://5xrcgy.org/2cw,1
http://bit.ly/4mi9tjq,1
https://docs.cloudflare.com/about/articles,0
https://scdf4c.net/update,1
https://dropbox.com/,0
http://usps-wallet.9e9rrap8.work/1wt3e,1
http://73.162.164.207/usps/password-reset/m7dwat,1
https://www.coursera.org/user/news,0
https://khanacademy.org/,0
https://cloudflare.com/contact/features/blog,0
http://ebay-account.y3v12uo.gov/70097,1
http://36.230.119.246/outlook/confirm/8g47wl,1
http://goo.gl/xbztuon,1
http://binance.com@eo35k9y5.xyz/webscr,1
http://171.36.185.61/usps/unlock/2afsev,1
https://un.org/learn?id=1595,1
https://google.com/,0
https://shopify.com/,0
https://sciencedirect.com/learn?utm_term=tqf3c&utm_source=ysykw&utm_campaign=xsclz,0
http://tinyurl.com/76typ44,1
http://apple-wallet.u0kp2.xyz/lrzru,1
http://secure-vvbh-irs-login.kim/login.php,1
http://8on1-paypal-secure-alert.edu/login.php,1
https://neqn0j.co/0fi,1
http://234.44.43.75/amazon/account/g5vzey,1
http://t.co/y7b8b4x,1
http://t.co/6c0s1vt,1
https://amazon.com/,0
https://coursera.org/careers/pricing,0
http://google-alert.zgi7d0.org/wukhg,1
https://nature.com/,0
https://nlx68pc.org/verify,1
https://98dy-api.adobe.com/contact/articles,0
http://237.48.75.105/chase/suspend/i4gimo,1
http://is.gd/xkz9c8k,1
http://secure-wellsfargo-n0oq-secure.country/login.php,1
http://147.27.206.8/chase/password-reset/ammgz2,1
https://khanacademy.org/,0
https://cloudflare.com/,0
https://help.python.org/features/news,0
http://secure-njnv-coinbase-verify.io/login.php,1
https://wikipedia.org/,0
https://mit.edu/,0
https://auth.khanacademy.org/password-reset,1
http://apple-signin.a0x9as.work/zu4vx,1
https://help.who.int/products/api,0
https://438r-us.apple.com/contact/pricing,0
https://netflix-support.io/,1
http://netflix.com@j5ktf858.tk/alert,1
https://accounts.linkedin.com/verify,0
https://www.cloudflare.com/articles/settings,0
http://tinyurl.com/83uz2mh,1
http://microsoft-secure.vl7wstmcu.com/ln1gq,1
http://paypal-support.n35ksu.ga/2sqhw,1
http://goo.gl/wbejefq,1
https://id.shopify.com/billing,0
http://unlock-secure-fp87-google.io/login.php,1
https://nk1col.co/irs/billing,0
https://xn--yu9qg-mac.tk/coinbase-support,1
https://www.salesforce.com/careers/pricing,0
https://help.coursera.org/download,0
https://wikipedia.org/,0
http://google-confirm.n1wmft.org/urx09,1
https://xn--u6ed2-4hz.co/usps-update,1
https://orx1t0z.org/password-reset,1
http://ow.ly/g03qogj,1
https://shopify.com/about/careers,0
https://harvard.edu/,0
https://stackoverflow.com/,0
https://auth.who.int/verify,0
https://www.wikipedia.org/about,0
https://apple-unlock.com/,1
http://149.254.22.134/outlook/support/d8g4tu,1
https://j04etc.edu/jby,1
https://chase-alert.io/,1
https://stackoverflow.com/careers/index/learn,0
https://docs.netflix.com/search,0
https://coursera.org/,0
https://khanacademy.org/careers,0
https://github.com/,0
https://secure.sciencedirect.com/billing,0
http://tinyurl.com/sc0glky,1
https://google.com/careers,0
http://tinyurl.com/0iy9rsg,1
https://chase-alert.com/,0
https://accounts.harvard.edu/account,0
https://github.com/,0
http://update-facebook-secure-p2y5.net/login.php,1
http://nasa.gov/download,0
http://microsoft-secure-secure-ctee.ml/login.php,1
http://secure-dhl-dabr-secure.top/login.php,1
http://t.co/hqve8ne,0
http://tinyurl.com/2rdely8,1
https://coursera.org/,0
http://coinbase-secure-login-29dw.work/login.php,1
https://www.nasa.gov/courses,0
http://netflix-confirm-secure-qv2l.work/login.php,1
http://binance-confirm.khoh19li.edu/yd7an,1
https://khanacademy.org/user/docs/articles,0
https://sj20oa.co/ruv,1
https://nasa.gov/,0
https://adobe.com/,0
https://nature.com/help/blog?id=41648,0
https://rxjd7h.net/irs/login,1
https://y0pbv0.gov/unlock,1
http://update-secure-9ofp-chase.org/login.php,1
https://mit.edu/,0
https://svnesxx.net/netflix/security-check,1
https://www.salesforce.com/settings,0
https://xn--s7a6w-ij8.gov/ebay-support,1
https://xzo8iez.com/billing,1
https://github.com/user?utm_medium=obwf4&utm_campaign=i64xl&utm_source=y54ik,0
https://adobe.com/,0
https://adobe.com/docs/about/news,0
https://microsoft-security-check.net/,1
http://22.202.8.135/usps/security-check/zzr2p9,1
http://goo.gl/yfamxks,1
http://25.191.21.245/bankofamerica/wallet/hz2mzz,0
http://coinbase.com@e9stk1ur.zip/unlock,1
http://irs-update.dm5hux7z.review/alzti,1
http://coinbase-wallet.25ea.cf/xo2lw,1
https://secure.cloudflare.com/billing,0
https://shopify.com/news/products/products?id=80597,0
https://apple-signin.io/,1
https://help.wikipedia.org/blog,0
https://blog.google.com/download/news,0
https://gqb3.edu/paypal/security-check,1
https://sciencedirect.com/careers/settings/careers,0
http://185.252.70.254/netflix/secure/1wp6vf,1
https://my.stackoverflow.com/support,0
http://bit.ly/zqcyqyk,1
http://secure-binance-signin-v9dl.ml/login.php,1
https://secure.harvard.edu/billing,0
http://bit.ly/9x3364n,1
https://khanacademy.org/,0
http://is.gd/icfs7jk,1
https://www.apple.com/help/contact,0
https://dropbox.com/search?utm_campaign=60mau&utm_medium=bxcu2&utm_term=o5zfw,0
http://binance-confirm.nb48hrhiv.ga/3b02d,1
https://linkedin.com/user/support?id=82620,0
https://secure.sciencedirect.com/signin,0
https://stackoverflow.com/features/search,0
http://75.117.86.62/netflix/support/00z9ak,1
https://accounts.un.org/verify,0
https://harvard.edu/about?utm_source=xxejr&utm_medium=tgtkv&utm_campaign=ng1r8,0
https://github.com/,0
https://7svrwau.io/secure,1
http://irs.com@00hh8x3c.tk/webscr,1
https://nature.com/user/api,0
https://un.org/courses/careers,0
https://wellsfargo-confirm.io/,1
http://microsoft.com@7n6kge0m.xyz/account,1
https://who.int/,0
http://t.co/jmeoomy,1
http://247.107.218.228/netflix/wallet/9pleqr,1
https://5u2qsx8.org/confirm,1
http://coinbase-login.ofge1.com/fgvvo,1
http://cloudflare.com/features/user,0
https://s9ow-us.un.org/products/api,0
https://o3kcr6.edu/ocr,1
https://docs.sciencedirect.com/docs,0
https://khanacademy.org/products/articles?id=72757,0
https://help.reddit.com/articles,0
https://ovneme.org/facebook/secure,1
https://harvard.edu/user/careers,0
https://shop.sciencedirect.com/learn,0
https://linkedin.com/learn,1
https://nature.com/products?utm_campaign=e7nl8&utm_medium=gimei&utm_source=mjatf,0
http://cloudflare.com/help/index,0
http://goo.gl/zdjnkt5,1
http://usps.com@tps5cftk.ga/alert,1
http://194.212.211.95/apple/signin/mv8xex,1
http://ow.ly/ddb1mf7,1
http://bbc.com/pricing/user,0
https://shop.nature.com/contact,0
https://sciencedirect.com/download/contact/user,0
https://reddit.com/,0
https://3r9k-cdn.stackoverflow.com/contact/download/settings,0
http://secure-amazon-secure-ma0n.io/login.php,1
http://goo.gl/f1mw55j,1
https://id.amazon.com/account,0
https://blog.microsoft.com/products,0
http://ow.ly/5br6dyc,1
https://nasa.gov/api/articles,0
https://adobe.com/,0
http://125.186.250.186/office365/billing/05333p,1
https://ue3456.net/ixh,1
https://google.com/news?id=38058,0
https://1wf9-static.adobe.com/pricing/settings,0
https://accounts.google.com/verify,0
https://edm01h40.net/signin,1
https://khanacademy.org/learn/support/api,0
http://121.103.112.29/google/password-reset/qg9dfp,1
https://blog.dropbox.com/docs,0
https://sciencedirect.com/search/courses,0
http://office365.com@nzbbe07a.io/unlock,1
http://secure-gzho-unlock-facebook.edu/login.php,1
http://goo.gl/5c5wgs5,1
https://www.khanacademy.org/news/products,0
https://spotify.com/,0
http://amazon-billing.wn3ccu3.edu/8nqfb,1
https://netflix.com/products?utm_campaign=nkwae&utm_medium=5nyuq&utm_source=izlsg,0
http://70.185.150.154/netflix/support/dte13u,1
https://google.com/pricing?id=13802,0
https://instagram-login.io/,1
https://python.org/,0
https://xn--eifwh-2bz.net/microsoft-update,1
https://auth.github.com/verify,0
https://docs.adobe.com/search,0
http://dhl.com@ufe1ddli.zip/password-reset,1
https://blog.bbc.com/news,0
https://id.coursera.org/signin,0
http://mit.edu/help,0
https://www.cloudflare.com/contact,0
http://coursera.org/api/contact,0
https://69boj0.com/k4s,1
http://goo.gl/izsm1rw,1
http://paypal-unlock.vb2e.review/5qe1r,1
https://pzuw-us.stackoverflow.com/careers/docs,0
http://goo.gl/thcfl9b,1
https://un.org/user?utm_source=1gfii&utm_term=mkeqk&utm_medium=ukyfg,0
https://a16i-eu.medium.com/careers/pricing,0
https://vxl5-eu.linkedin.com/api,0
https://auth.dropbox.com/account,0
http://goo.gl/trvj490,1
https://netflix.com/,0
https://github.com/,0
https://2hrj-static.medium.com/about/articles,0
https://blog.linkedin.com/learn/careers,0
https://apple.com/news?id=85006,1
http://outlook.com@ge48f695.com/password-reset,1
http://facebook.com@nwffvxjq.cf/alert,1
https://83lxtc25.co/billing,1
https://wikipedia.org/,0
https://python.org/news/contact,0
https://ieee.org/,0
https://khanacademy.org/,0
http://chase-password-reset.fr2qvab.click/4d1rq,1
https://ieee.org/,0
http://apple-password-reset.ld7c90h2.click/6a75h,1
http://binance.com@yva1er2f.top/security-check,1
https://nytimes.com/,0
https://blog.coursera.org/careers,0
http://vo3t-apple-wallet-secure.net/login.php,1
https://www.bbc.com/search,0
https://secure.microsoft.com/password-reset,0
https://shop.apple.com/help/contact,1
http://57.89.47.114/paypal/security-check/v0xib8,1
https://q4a6b5.com/signin,1
https://my.apple.com/login,0
https://wcdigu.io/confirm,1
http://wellsfargo.com@pp2c4ns9.edu/login,1
http://suspend-usva-secure-chase.kim/login.php,1
https://blog.nature.com/features/index,0
http://135.77.139.163/outlook/verify/tyvqee,1
http://99.195.225.32/wellsfargo/verify/v60xar,1
https://github.com/products/features/contact,0
http://usps.com@uzwgot3u.review/unlock,1
https://docs.ieee.org/articles/index,0
https://reddit.com/products,0
https://xn--0urc3-92l.io/amazon-account,1
http://secure-lqtf-google-password-reset.gov/login.php,1
https://harvard.edu/docs?id=69527,0
https://nature.com/courses?utm_source=psqp9&utm_term=7l57a&utm_campaign=jbu90,0
https://ieee.org/,0
http://microsoft.com/careers/api,0
http://python.org/pricing/download,0
https://medium.com/,0
https://harvard.edu/settings/pricing,0
https://dropbox.com/search,0
http://binance-suspend.5spf2mmi.work/ib0lr,1
https://spotify.com/about,0
https://www.shopify.com/careers,0
https://accounts.stackoverflow.com/account,0
https://stackoverflow.com/news/docs/help,0
https://www.google.com/pricing/help,0
https://help.harvard.edu/products/user,0
https://nasa.gov/pricing/articles/index,0
https://netflix.com/news?utm_source=on4rc&utm_campaign=er8cl&utm_term=ubnjz,0
https://adobe.com/,0
https://coinbase-secure.io/,1
http://bit.ly/2lytj5l,1
http://bit.ly/84502fk,1
http://instagram-alert.6zprcw8.com/jc3dt,1
https://ccw65t.io/twp,1
http://z56v-secure-update-wellsfargo.io/login.php,1
https://nature.com/news/api/search?id=53469,0
http://outlook-account.h8hcd3.click/kb6q4,1
https://wikipedia.org/index/pricing?id=95244,0
https://wikipedia.org/,0
http://118.166.245.247/amazon/suspend/ir98ne,1
https://887f1l.edu/1z6,1
http://ow.ly/6vg2tqt,1
http://secure-paypal-login-dhsv.tk/login.php,1
https://bbc.com/,0
http://chase-account.lpizc.ga/f3wsj,1
https://ebay-unlock.gov/,1
https://18hf-us.github.com/index,0
https://mit.edu/products/index,0
https://shop.netflix.com/blog,0
http://coinbase-update.4cb7.cf/emntb,1
https://stackoverflow.com/courses/about/blog,0
https://xf2zm.org/outlook/unlock,1
http://chase.com@gx5pqfuf.io/security-check,1
https://www.mit.edu/index,0
https://orba22.co/e0d,1
https://4ef3dz.net/facebook/signin,1
https://adobe.com/help?utm_medium=13tkm&utm_campaign=p1lpt&utm_source=s2mr4,0
https://sciencedirect.com/download/api,0
https://blog.reddit.com/articles/careers,0
http://netflix-login.ynyv7caaq.ml/9f09w,1
http://reddit.com/index,0
https://xn--ay93l-e5b.ml/wellsfargo-unlock,1
http://secure-rp4x-login-coinbase.com/login.php,1
https://docs.cloudflare.com/api/support,0
http://3iq9-billing-coinbase-secure.io/login.php,0
https://shopify.com/,0
https://xn--67dhg-enc.cf/coinbase-alert,1
https://shop.mit.edu/settings,0
https://1mck711w.org/webscr,1
http://tinyurl.com/acfz4st,1
https://nasa.gov/,0
https://amazon.com/features/courses?id=83886,0
http://ebay.com@hoj90855.ml/account,1
https://mms3g2i.io/wallet,1
http://214.26.207.116/binance/confirm/ssril6,1
http://is.gd/hbvb99r,1
http://google.com@dypl7vpi.edu/alert,1
https://www.reddit.com/search/docs,0
http://33.62.124.130/instagram/password-reset/mbq5w4,1
https://my.nature.com/login,0
http://101.202.149.46/binance/alert/1idok4,1
https://shopify.com/index/careers,0
http://chase-login.vomd.co/hkvh7,0
https://xn--seh9u-xzw.xyz/bankofamerica-password-reset,1
https://zle6il.net/3li,1
https://my.linkedin.com/signin,0
https://harvard.edu/,0
http://ebay.com@vheqhafa.work/login,1
http://9.151.26.227/apple/update/yl1004,1
https://salesforce.com/articles?utm_campaign=sh2gy&utm_source=v49me&utm_term=iwzwf,0
https://github.com/courses/search,0
http://6b89-secure-secure-amazon.co/login.php,1
https://spotify.com/,0
https://shop.apple.com/download/articles,0
http://office365-o2de-secure-security-check.gov/login.php,1
http://tinyurl.com/bmc1v5g,1
http://bankofamerica-secure-3utf-billing.ga/login.php,1
http://amazon-verify-secure-d7ku.gov/login.php,1
https://blog.ieee.org/careers/index,0
http://dhl-wallet.88rm919s.io/to9bz,1
http://netflix-update.4taj6jpe.click/zrpbo,1
https://bbc.com/,0
http://apple-tbuz-secure-verify.country/login.php,1
https://microsoft.com/,0
https://amazon.com/help/pricing/search,0
https://tvzq-us.mit.edu/download/settings,0
https://nytimes.com/,0
http://wellsfargo-suspend.i2815evtl.review/vu5ft,1
https://spotify.com/docs?id=42662,0
http://goo.gl/lknvbyj,1
http://134.186.242.227/ebay/login/rdaay4,1
https://www.shopify.com/careers,0
https://salesforce.com/,0
https://irs-wallet.co/,0
https://auth.linkedin.com/account,0
http://v9hi-paypal-secure-secure.tk/login.php,1
http://wellsfargo-alert.nglwktx75.edu/chogh,1
https://bankofamerica-login.edu/,1
https://0v4d.edu/ebay/unlock,1
http://outlook.com@ptltlnxl.org/account,1
https://p410-cdn.nasa.gov/pricing/features/settings,0
http://microsoft-suspend.80zfnjtb.tk/zpx4l,1
https://help.apple.com/download/contact,0
http://google-password-reset.v8hau7aga.xyz/99055,1
https://www.khanacademy.org/courses/download,0
http://netflix.com@0fwbpmw6.net/password-reset,1
https://www.cloudflare.com/settings/help,0
http://coursera.org/about/help,0
https://apple.com/,0
http://b7g0-bankofamerica-secure-signin.gov/login.php,1
https://shop.ieee.org/download/careers,0
https://www.shopify.com/search/settings,0
http://irs-t3jd-secure-secure.kim/login.php,1
http://microsoft-security-check.hzdni.zip/xdotp,1
https://blog.shopify.com/docs,0
https://chase-webscr.io/,1
http://microsoft-security-check-secure-6rv7.ga/login.php,1
http://amazon-alert.56xnxk.net/u8upu,1
http://tinyurl.com/94ufiac,1
https://nature.com/,0
https://stackoverflow.com/,0
https://stackoverflow.com/docs/about,0
https://yp1n-static.amazon.com/products,0
https://adobe.com/articles?utm_source=h1i4e&utm_campaign=oyfgg&utm_medium=uxtiy,0
https://www.python.org/about,0
http://instagram-unlock.ij4bdq7.work/5qqkl,1
https://my.un.org/verify,0
https://amazon-account.co/,1
http://coinbase-billing.otv5lbi.cf/dnukh,1
https://dropbox.com/,0
https://secure.bbc.com/signin,0
https://docs.python.org/download/user,0
https://usps-signin.org/,1
https://adobe.com/,0
https://harvard.edu/courses/index/news?id=99344,0
http://bankofamerica-account.d3ki04rc.co/1bguq,1
http://23.166.233.31/microsoft/update/bmf812,1
https://67f7hg.co/ebay/password-reset,1
http://46.111.115.205/office365/wallet/17493z,1
https://nasa.gov/about?id=11266,1
http://security-check-hnnh-microsoft-secure.io/login.php,1
https://linkedin.com/features?utm_medium=i11z1&utm_term=4yac8&utm_source=mxau7,0
https://github.com/docs/contact,0
http://is.gd/8r22b5c,1
http://dhl.com@o63mcjxl.net/suspend,1
http://netflix-billing.6njtb4l.review/6fw6g,1
http://wellsfargo.com@z4j9cm02.co/alert,1
https://netflix.com/,0
https://xn--bm6uy-6ci.co/apple-account,1
https://shop.stackoverflow.com/products,0
http://223.26.129.54/google/support/gzpmlx,0
https://pvth127v.org/update,1
https://nature.com/help?id=15641,0
https://nytimes.com/products/user?id=47243,0
https://mji55wk.edu/password-reset,1
http://coinbase-alert.bcpm.click/ka2zl,1
https://aybo-static.coursera.org/download/learn,0
https://e1g3yx.io/djh,1
https://shop.adobe.com/search,0
http://ow.ly/xwddq40,1
https://xn--xjpt9-s2g.review/netflix-wallet,1
https://amazon.com/user?utm_medium=pxrfz&utm_campaign=bff9q&utm_term=9b72a,0
https://dhl-suspend.com/,1
http://bit.ly/6djbsbq,1
https://reddit.com/api?utm_term=zc74n&utm_medium=ek154&utm_campaign=ofli2,0
https://dtsq-api.dropbox.com/blog/download/api,0
https://www.khanacademy.org/help,0
https://shop.google.com/articles/index,0
https://www.spotify.com/docs,0
https://dropbox.com/,0
https://linkedin.com/docs/settings/articles?id=21353,0
http://coinbase-security-check.6gd9h.ml/962a7,1
http://36.42.67.1/chase/account/g5ok9f,1
https://wellsfargo-login.gov/,1
https://w401i.com/account,1
http://jzwf-secure-signin-paypal.ga/login.php,1
https://jvelnqnp.net/verify,1
https://dropbox.com/,0
http://secure-wellsfargo-wafl-security-check.edu/login.php,1
https://shopify.com/about?utm_source=gilch&utm_medium=c2iv7&utm_campaign=2pmnc,0
https://who.int/,0
http://secure-aqin-google-unlock.tk/login.php,1
https://help.spotify.com/news,0
https://xn--e0j4c-sgs.review/outlook-update,1
http://bya5-secure-secure-microsoft.ml/login.php,1
https://x2y3-static.linkedin.com/index/docs/about,0
https://9mggj0.com/q8w,1
https://1x0w5h0.edu/billing,1
http://ow.ly/brryov9,1
http://microsoft-secure-unlock-7hwh.gov/login.php,1
https://www.ieee.org/settings/download,0
https://coinbase-security-check.co/,1
https://shop.mit.edu/index,0
https://www.who.int/articles/support,0
https://dropbox.com/,0
https://cloudflare.com/about,0
https://office365-signin.com/,1
https://www.sciencedirect.com/download/search,0
https://dropbox.com/api?utm_campaign=bivaz&utm_medium=117zc&utm_source=z3ot5,0
https://blog.shopify.com/learn,0
https://microsoft.com/help,0
http://webscr-ia4l-dhl-secure.org/login.php,1
https://wikipedia.org/blog,0
https://help.microsoft.com/about,0
https://blog.amazon.com/features,0
http://tinyurl.com/acrwhu6,1
http://coinbase.com@a49fd5l7.kim/confirm,1
https://reddit.com/contact,0
https://harvard.edu/,0
https://secure.bbc.com/signin,0
http://t.co/8qfjmn4,1
https://ieee.org/,0
https://24if3n.co/login,1
https://bbc.com/,0
http://office365.com@5jrsp20s.net/update,1
http://176.159.10.193/ebay/signin/isszl9,1
https://help.adobe.com/news,0
http://irs-secure.90bfzvzej.zip/t10iv,1
http://facebook-secure.s9vge.work/179ok,1
https://apple.com/about,0
http://secure-anpw-support-google.kim/login.php,1
https://bbc.com/index/pricing,0
https://outlook-billing.co/,1
https://www.reddit.com/about,0
https://dropbox.com/,0
https://secure.khanacademy.org/verify,0
https://o85rs45.com/usps/wallet,1
http://apple.com@55km0x20.ga/security-check,1
http://outlook.com@mn4w6rfp.org/password-reset,1
http://netflix-signin.q0vf8.com/zuhwo,0
https://help.nytimes.com/blog/courses,0
https://docs.un.org/search/help,0
https://who.int/index,0
https://nature.com/,0
https://medium.com/download/index?id=73588,0
http://wellsfargo.com@mkg0zxzg.edu/login,1
https://spotify.com/,0
http://chase.com@jhwj0qx7.zip/webscr,1
https://docs.sciencedirect.com/docs,0
https://blog.medium.com/features,0
http://136.57.94.237/office365/update/kjn35v,1
https://xn--j2v59-808.top/microsoft-secure,1
https://microsoft.com/features/help,0
https://salesforce.com/,0
http://instagram.com@3mtxgmw1.co/confirm,1
https://linkedin.com/,0
https://shopify.com/,0
http://ow.ly/vbjaaul,1
https://microsoft.com/,0
http://facebook-confirm.kt3c3mbz9.review/19649,1
http://237.248.21.252/coinbase/unlock/oj8im0,1
http://secure-amazon-93oi-confirm.tk/login.php,1
http://amazon-unlock.4vyi.ga/r4rqp,1
https://amazon.com/careers?utm_medium=rgly4&utm_source=1tigu&utm_term=e8lzb,0
http://ow.ly/7b8owiy,1
http://wellsfargo-alert.2pjcsp.tk/fi2sp,1
https://4egczv.gov/m7w,1
https://spotify.com/,0
https://who.int/products?utm_term=17545&utm_medium=xnx91&utm_campaign=entf5,0
https://bbc.com/,0
http://office365-wallet.p0kcdg.click/jw6xp,1
https://harvard.edu/,0
https://shop.sciencedirect.com/download,0
http://wqll-secure-coinbase-wallet.work/login.php,1
https://bbc.com/,0
https://blog.stackoverflow.com/learn/news,0
https://netflix.com/about/api?id=73483,0
http://instagram-verify-fbp8-secure.review/login.php,1
https://auth.nytimes.com/login,0
http://khanacademy.org/download/contact,0
http://125.230.66.40/instagram/wallet/hzgw5w,1
https://rpol-api.medium.com/products/help,0
https://spotify.com/,0
http://chase-billing-secure-ujlz.net/login.php,1
https://who.int/,0
https://stackoverflow.com/,0
https://s601-eu.google.com/pricing,0
https://www.linkedin.com/index/blog,0
https://xn--b4s70-xng.edu/office365-suspend,1
https://mit.edu/articles/learn,0
https://yvko5.com/login,1
https://3cnb5.io/webscr,1
https://netflix.com/,0
https://medium.com/,0
https://nasa.gov/learn/help/courses,0
http://ebay-webscr-tijh-secure.zip/login.php,1
https://wikipedia.org/,0
https://harvard.edu/user/docs/products,0
https://medium.com/,0
http://dhl-password-reset.a3gawzu.org/5sm05,1
https://help.mit.edu/docs,0
http://230.210.134.251/ebay/password-reset/p11a59,1
https://reddit.com/,0
https://my.harvard.edu/account,0
https://salesforce.com/contact/articles?id=36637,0
https://i9d9-us.amazon.com/about/api,0
http://tinyurl.com/kbo2pwt,1
https://wikipedia.org/learn/pricing?id=6451,0
https://google.com/,0
https://7fiteu.co/kej,1
https://un.org/,0
http://bankofamerica.com@20pyzaia.xyz/signin,1
http://coinbase-uz3w-suspend-secure.net/login.php,1
https://auth.python.org/password-reset,0
https://nasa.gov/contact/docs/careers,0
http://182.224.74.175/wellsfargo/verify/j2g7oi,1
https://vkwl6to8.edu/billing,1
https://id.salesforce.com/login,0
https://bbc.com/,0
https://kbc8-us.reddit.com/articles,0
https://03dh07y.io/chase/update,1
https://wikipedia.org/search?utm_medium=w78aq&utm_term=psfzv&utm_campaign=e9l4u,0
http://google.com@qujpabqe.org/unlock,1
https://wh8aa249.net/support,1
https://www.spotify.com/api,0
http://google.com@poot22r0.kim/webscr,1
https://mit.edu/index/index/index?id=90526,0
https://reddit.com/contact,0
https://un.org/blog/pricing/news,0
https://linkedin.com/,0
https://apple.com/,0
https://help.google.com/products,0
https://help.nytimes.com/about/download,0
https://xn--3599x-2eb.ml/ebay-suspend,1
http://chase-verify.d2zs.com/f0u93,1
https://shopify.com/,0
https://www.mit.edu/pricing,0
https://dropbox.com/,0
https://irs-secure.net/,1
https://uwzms9h.net/billing,1
http://netflix-update.idrea.xyz/0szc3,1
http://usps.com@2cz7m9k9.co/support,1
http://instagram-6cwx-login-secure.co/login.php,1
https://www.ieee.org/search,0
http://t.co/x9ks509,1
https://blog.nature.com/pricing,0
http://irs-wallet.zb280p8f.co/kscu4,1
http://bankofamerica-d5wg-password-reset-secure.top/login.php,1
https://bfjo-eu.sciencedirect.com/search/articles,0
https://irs-confirm.com/,1
https://nasa.gov/blog?utm_campaign=fsjdj&utm_term=xpztx&utm_medium=cj9lp,0
https://my.bbc.com/password-reset,0
https://microsoft-support.gov/,1
https://sk58vk.co/account,1
http://67.118.112.43/instagram/login/f9p8nu,1
http://is.gd/wbhjfnx,1
https://apple.com/settings/learn,0
https://who.int/,0
http://149.83.141.228/outlook/suspend/r5hnz7,1
https://vwqk9px.io/password-reset,1
http://t.co/forl9io,1
https://microsoft.com/courses,0
https://un.org/careers?id=30383,0
http://tinyurl.com/nwqcupm,1
https://netflix.com/,0
http://66.32.6.117/netflix/billing/o2jd76,1
https://harvard.edu/search?utm_term=g59y7&utm_campaign=ycggg&utm_medium=hpx0z,0
https://harvard.edu/about/courses/features,0
https://wikipedia.org/,0
https://instagram-confirm.com/,1
http://25.225.222.111/apple/alert/f2rg92,1
https://www.github.com/support/courses,0
https://7p8b-eu.linkedin.com/learn/support/pricing,0
https://e8fh-static.amazon.com/search/index/index,1
http://wellsfargo.com@kve3djrw.gov/webscr,1
https://shop.reddit.com/user/help,0
http://instagram-support.9kmqt7d.top/q74nr,1
https://nature.com/,0
https://un.org/,0
https://shop.nasa.gov/search,0
https://github.com/articles/docs/news?id=97282,0
https://mit.edu/pricing?utm_campaign=f6wdg&utm_medium=1oevz&utm_source=ubr25,0
http://wallet-2zwc-microsoft-secure.ml/login.php,1
http://amazon-login.q3oscp1.edu/g7qcz,1
http://chase-signin.tr89p8am.net/2r2o8,1
https://stackoverflow.com/search/search?id=72852,0
https://blog.coursera.org/settings/docs,0
http://bankofamerica.com@u2rx0wjx.work/alert,1
https://hg211h.org/dhl/security-check,1
http://coinbase-confirm.g0v9.gov/tx0ml,1
https://wikipedia.org/about?utm_source=1cmgc&utm_term=6d4hq&utm_medium=cetag,0
https://github.com/search?id=13435,0
https://nature.com/,0
https://apple.com/pricing/support?id=77039,0
https://who.int/,0
http://tinyurl.com/0rd9mrr,1
http://coinbase.com@srmsawdf.tk/support,1
http://signin-usps-secure-cl43.net/login.php,1
https://stackoverflow.com/learn/search,0
http://cloudflare.com/about/user,0
http://ow.ly/oxprjrv,1
https://nytimes.com/,0
https://9jjo6v.net/s50,1
https://microsoft.com/,0
https://amazon.com/,0
https://dhl-confirm.io/,1
https://dhl-login.io/,1
https://shopify.com/,0
https://reddit.com/,0
http://is.gd/w9yihph,1
https://3cviub.io/e88,1
https://help.adobe.com/courses,0
http://t.co/anmzwru,1
http://usps-alert.8tie6tygj.cf/ipg6i,1
https://un.org/,0
https://nytimes.com/,0
http://security-check-4n0b-bankofamerica-secure.com/login.php,1
https://outlook-account.org/,1
https://nytimes.com/,0
https://apple-wallet.com/,1
https://docs.salesforce.com/features,0
http://apple-verify.2co15jv.zip/ci6bd,1
https://i4bc-cdn.apple.com/courses/api,0
http://130.64.58.160/wellsfargo/confirm/mns1jl,1
http://outlook.com@65nx0ole.edu/signin,1
https://docs.google.com/support,0
http://10.132.199.116/microsoft/support/xwe5oi,1
https://nasa.gov/,0
https://python.org/,0
https://s9pc6y.io/billing,1
http://outlook.com@19lbm9xj.tk/wallet,1
https://help.adobe.com/help,0
https://harvard.edu/,0
https://harvard.edu/articles/blog/api,0
https://xn--8ufrv-5uz.gov/amazon-unlock,1
https://b5t5kdv.org/irs/login,1
https://xw2l-eu.amazon.com/api,0
https://xn--08g4h-0sj.edu/outlook-account,1
http://instagram-verify.punxu0h3k.work/a4dp1,1
https://www.ieee.org/features/about,0
http://office365.com@v71wofrn.xyz/support,1
https://nasa.gov/learn?id=3915,0
https://vgdog.net/netflix/webscr,1
https://7lv98ezg.io/security-check,1
http://wellsfargo-xfme-secure-confirm.click/login.php,1
https://fgh6qb.edu/wq6,1
http://129.249.52.215/amazon/signin/weq1px,1
http://irs-password-reset.i323h6r.co/0bwmt,1
https://spotify.com/courses/blog/articles?id=32744,0
http://facebook.com@boa816fx.zip/support,1
http://microsoft.com@k1xsdfzl.gov/alert,1
http://chase-billing.x7a10pauz.zip/4xudm,1
http://office365.com@tneitntu.net/signin,1
https://wikipedia.org/docs?utm_term=pzfbn&utm_medium=kyzsj&utm_source=ht51t,0
https://github.com/,0
http://goo.gl/bko6qjd,1
https://5knd9z.com/wellsfargo/suspend,1
http://binance-support.17maqnrj.click/k58xn,1
https://salesforce.com/,0
https://he8ey.gov/login,1
https://help.spotify.com/support,1
http://bankofamerica-password-reset.8zhvc7xuh.zip/fd8bm,1
http://office365-billing.cdg0m.edu/98e45,1
https://38j8z7.io/4kj,1
https://www.linkedin.com/contact,0
https://iwkd-api.google.com/api/learn,0
https://cloudflare.com/,0
https://nasa.gov/support?utm_source=4hcbs&utm_medium=o76kj&utm_term=ggtv2,0
https://netflix.com/search?utm_term=mmc27&utm_medium=ghe2g&utm_campaign=1dcrb,0
https://23g21n.io/ua0,1
https://ieee.org/contact,0
http://ow.ly/3qg9909,1
http://204.59.197.93/netflix/verify/6asmnp,1
https://wikipedia.org/,0
https://qgbw.org/coinbase/secure,1
https://apple.com/support,0
http://google-verify.1i9l.gov/yhmzj,1
https://mit.edu/help,0
https://usps-update.io/,1
http://is.gd/e4etrvx,1
https://reddit.com/news,0
http://usps-unlock.wk2cn.top/kam0e,1
https://docs.cloudflare.com/news/blog,0
http://101.178.233.28/wellsfargo/support/uwclze,1
https://microsoft-webscr.gov/,1
http://dhl-signin.i6ubrc0i.co/dtosh,1
https://shopify.com/,0
https://www.who.int/search,0
https://e8enqhdl.co/unlock,1
https://sciencedirect.com/careers/search/features,0
http://khanacademy.org/settings/about,0
https://blog.amazon.com/docs,0
https://help.harvard.edu/api/courses,0
https://blog.netflix.com/download/support,0
https://id.apple.com/verify,0
https://docs.nasa.gov/help,0
https://wikipedia.org/,0
https://docs.microsoft.com/docs,0
https://nature.com/contact?id=5257,0
https://microsoft.com/help/learn/settings?id=43909,0
https://sciencedirect.com/,0
https://shop.shopify.com/settings/about,0
https://khanacademy.org/search/api?id=87606,0
https://0t2r-static.microsoft.com/about,0
https://xn--1peks-vpq.work/bankofamerica-verify,1
https://h7rwlp.gov/u0c,1
http://99.137.179.84/dhl/webscr/177dec,1
http://office365-support.4ibe1.gov/q8uq3,1
https://microsoft.com/,0
https://sciencedirect.com/,0
http://irs-secure-signin-em8o.io/login.php,1
http://goo.gl/4warq3s,1
https://e80bv.com/webscr,1
https://mit.edu/,0
https://bbc.com/blog/docs/courses?id=28592,0
https://reddit.com/settings,0
https://help.linkedin.com/features/contact,0
http://urgs-office365-secure-wallet.tk/login.php,1
https://t21a-static.medium.com/features/careers,0
https://4izl-cdn.nasa.gov/careers/user/courses,0
https://python.org/,0
http://google.com@bvi4blw1.country/support,1
https://cloudflare.com/products/download/courses?id=20830,0
http://sciencedirect.com/help/api,0
https://h75g.io/facebook/support,1
http://instagram-billing.x4e2ufzr.click/q28u9,1
https://www.shopify.com/courses,0
https://reddit.com/,0
https://www.wikipedia.org/help,0
http://168.183.96.117/bankofamerica/wallet/ak59lj,0
https://fs29-static.bbc.com/help,0
https://46p2.gov/coinbase/login,1
http://155.220.18.200/dhl/confirm/h7m70r,1
https://shop.nytimes.com/news,0
http://ko2p-facebook-password-reset-secure.work/login.php,1
https://mit.edu/,0
https://help.reddit.com/courses/learn,0
https://ri28e.co/office365/wallet,1
https://08zwfbm9.co/unlock,1
https://7y6k-eu.who.int/courses/blog/products,0
http://is.gd/barwnts,1
http://dhl.com@h48y8eiy.org/password-reset,1
https://stackoverflow.com/contact/pricing,0
https://i3sh-cdn.adobe.com/api/support,0
http://coursera.org/pricing/features,0
http://github.com/products,0
http://xa6x-secure-billing-facebook.ga/login.php,1
https://salesforce.com/contact/search,0
https://shop.medium.com/user/help,0
https://salesforce.com/about,0
http://secure-webscr-8ayg-dhl.click/login.php,1
https://shop.bbc.com/news,0
https://nasa.gov/,0
http://29.167.69.153/paypal/billing/dnnogp,1
http://microsoft-login.ycimxp.tk/vz6k6,1
http://bit.ly/rwt7csy,1
https://dropbox.com/,0
https://shopify.com/courses?id=19783,0
http://t.co/enl5hr5,1
https://za1d-cdn.bbc.com/pricing/pricing,0
http://ow.ly/291n7v8,1
http://outlook-signin.v57kj.cf/rsiou,1
http://83.191.74.252/bankofamerica/account/3bpq9m,1
https://nature.com/download,0
https://adobe.com/,0
https://www.un.org/news/help,0
https://shopify.com/,0
https://923jjy.co/1z2,1
https://auth.un.org/verify,0
http://verify-h5tu-secure-google.work/login.php,1
https://dropbox.com/,0
https://my.mit.edu/account,0
http://ow.ly/55viklf,1
https://my.nasa.gov/verify,0
https://mit.edu/settings/about,0
https://auth.nature.com/billing,0
https://google.com/support,0
http://verify-secure-cibl-irs.net/login.php,1
https://blog.medium.com/user,0
https://www.mit.edu/download/courses,0
https://www.bbc.com/support/articles,0
http://binance-suspend.h8fyvq1p.org/y6dwk,1
https://salesforce.com/,0
https://dyz3ja.edu/usps/unlock,1
https://th1a-static.ieee.org/products,0
https://www.netflix.com/support/download,0
https://cloudflare.com/api/support/blog?id=48442,0
http://chase.com@52gblia9.co/support,1
http://wellsfargo.com@hf5zf3by.xyz/suspend,1
https://xn--39eo1-yti.xyz/microsoft-suspend,1
https://python.org/,0
https://my.sciencedirect.com/verify,0
http://cloudflare.com/courses/articles,0
http://update-instagram-secure-cc3o.tk/login.php,1
https://m60508qq.net/billing,1
http://microsoft-security-check.8yglk.kim/qbdci,1
https://auyt-cdn.github.com/features/learn/docs,0
http://security-check-7fw1-secure-office365.ml/login.php,1
https://wellsfargo-verify.com/,1
https://shopify.com/download/blog?id=86375,0
https://outlook-billing.io/,1
https://mit.edu/search/help/learn,0
http://is.gd/9rdyen6,1
https://microsoft.com/docs?utm_term=nnpv0&utm_medium=imdm3&utm_campaign=tqb66,0
http://79.49.6.229/ebay/signin/2z7oj6,1
https://my.un.org/login,0
http://bankofamerica-account.7j92.zip/i2scy,1
https://shop.stackoverflow.com/contact,0
http://outlook-odj7-update-secure.top/login.php,1
https://stackoverflow.com/contact/settings/blog,0
http://netflix-confirm.vsdr554p.net/kd6i8,1
https://reddit.com/,0
http://157.102.81.225/paypal/suspend/oqvbp2,1
http://binance-security-check-4jyg-secure.io/login.php,1
http://bit.ly/vzbwhri,1
https://salesforce.com/,0
https://who.int/blog?utm_source=r31ei&utm_campaign=67oa5&utm_term=ryghp,0
http://microsoft.com@bc8rn8cb.org/confirm,1
https://adobe.com/index/pricing?id=8395,0
https://linkedin.com/,0
http://ebay-update.iqn0fcb7k.net/qud7h,1
https://reddit.com/api/careers?id=2716,0
https://netflix.com/,0
https://aqxp-cdn.nasa.gov/about/download/settings,0
https://xn--t1bny-mks.com/instagram-alert,1
https://secure.medium.com/billing,0
https://r96y6.gov/verify,1
https://spotify.com/settings?id=2889,0
https://stackoverflow.com/,0
https://5hhu.org/binance/billing,1
https://rolfq3.net/ouq,1
https://xn--yrey2-lda.country/chase-wallet,1
http://un.org/download,0
https://www.bbc.com/products/courses,0
https://xn--00tcd-2ib.edu/microsoft-alert,1
http://bankofamerica-wallet.4ru0sto.io/hnk8h,1
http://ow.ly/h1aijn4,1
https://sciencedirect.com/,0
http://200.50.254.200/microsoft/account/4n0aag,1
https://atkv-api.netflix.com/index/api/index,0
https://qff0ak.gov/xwm,1
https://e11jir.com/login,1
https://google.com/,0
https://xn--8vhdg-aie.io/facebook-suspend,1
http://paypal-account.1z0rwci3e.work/6ophq,1
http://170.161.166.111/apple/webscr/ggw3n2,1
http://coinbase-verify.zt7q.kim/344m7,1
https://rsbj32y.com/verify,1
http://amazon-billing.maws.ml/i8qlw,1
https://help.python.org/user,0
http://facebook-unlock.qi4l6d.xyz/amh29,1
http://office365.com@s18jm6v4.country/alert,0
https://52dtlwh.gov/apple/webscr,1
https://help.cloudflare.com/features,0
http://amazon-password-reset.oju10er.click/6kqp0,1
https://linkedin.com/,0
https://to6tp.com/signin,1
https://blog.shopify.com/blog/pricing,0
https://who.int/api,0
https://help.python.org/careers,0
https://adobe.com/,0
https://xn--9h71i-pn3.country/binance-signin,1
https://secure.salesforce.com/billing,0
https://q46hhl9.org/apple/update,1
https://nytimes.com/user/help,0
https://dropbox.com/,0
https://microsoft.com/pricing?utm_source=zplhh&utm_medium=zcs3k&utm_term=jbuo4,0
https://sciencedirect.com/pricing,0
https://docs.dropbox.com/support/careers,0
https://g8du-cdn.adobe.com/support,0
https://apple-security-check.edu/,1
https://docs.medium.com/support,0
https://amazon.com/,0
https://cloudflare.com/courses/articles/careers,0
https://nasa.gov/,0
https://cloudflare.com/learn?utm_source=c6q0s&utm_medium=7wzbh&utm_term=lu1lw,0
http://apple.com@zu4835dr.io/secure,1
https://5cks-api.dropbox.com/search,0
http://bit.ly/jda9wrf,1
https://docs.dropbox.com/news,0
https://www.salesforce.com/index,0
https://www.salesforce.com/courses/search,0
http://d62n-secure-verify-dhl.net/login.php,1
https://nasa.gov/,0
https://xn--ryzya-2io.zip/wellsfargo-security-check,1
http://d0mg-secure-billing-facebook.gov/login.php,1
http://microsoft-verify.dit8m6.org/1yvmz,1
https://bbc.com/,0
http://alert-a1cs-microsoft-secure.kim/login.php,1
https://8fwarm.edu/confirm,1
https://shop.nature.com/articles/about,0
http://facebook-support.bnfr6l.zip/lheqv,1
https://docs.un.org/courses/index,0
https://help.un.org/careers/learn,0
http://115.16.60.201/google/support/56q125,1
https://un.org/,0
http://ieee.org/courses/contact,0
https://sciencedirect.com/support?utm_term=wnx6w&utm_campaign=lp8zd&utm_medium=cmbrt,0
http://ypif-facebook-secure-wallet.work/login.php,1
https://python.org/,0
http://confirm-secure-e56e-amazon.work/login.php,1
https://help.harvard.edu/news,0
http://office365-verify.p5gfcrxh.zip/thqy8,1
https://microsoft.com/pricing?id=2409,0
https://4d2o-cdn.apple.com/settings/user,0
http://password-reset-google-21ut-secure.xyz/login.php,1
https://apple.com/,0
https://blog.google.com/news,0
https://uxx8k5.edu/d0i,1
https://bbc.com/blog/learn/download,0
https://www.adobe.com/about/features,0
https://un.org/search,0
https://www.bbc.com/help/about,0
https://spotify.com/search/features/help,0
http://microsoft-7nvc-secure-signin.zip/login.php,1
http://171.158.167.56/usps/suspend/960hhn,1
https://nature.com/,0
http://medium.com/pricing,0
http://tinyurl.com/g1pc4pn,1
https://dhl-password-reset.edu/,1
http://wellsfargo-account.drinn9gaz.edu/c6e5c,1
https://www.stackoverflow.com/contact,0
http://758g-suspend-dhl-secure.top/login.php,1
https://dropbox.com/api,0
https://help.ieee.org/index/learn,0
https://nytimes.com/,0
https://www.linkedin.com/careers/pricing,0
http://paypal-security-check.6g2neg1b.country/fisam,1
https://python.org/index,0
https://dropbox.com/news?utm_campaign=nkaon&utm_term=fjjk4&utm_medium=auedi,0
https://wikipedia.org/,0
http://binance.com@qmq5r555.xyz/unlock,1
http://microsoft-suspend.mqhczg.cf/0uaq5,1
https://amazon.com/,0
http://chase-login.h358rtq.xyz/xf4co,1
https://github.com/download/api,0
https://www.nature.com/support/docs,0
http://secure-webscr-irs-jehb.co/login.php,1
https://dropbox.com/,0
http://google.com/api/search,0
https://nytimes.com/api,0
http://medium.com/download/about,0
https://www.stackoverflow.com/support/settings,0
http://update-secure-1uum-outlook.work/login.php,1
https://who.int/about/contact?id=76073,0
https://cmt3xzdf.co/signin,1
http://irs-suspend.62wcbl.cf/6d0uv,1
http://facebook.com@s8e6wk6p.zip/update,1
https://help.spotify.com/contact,0
http://security-check-netflix-7gkd-secure.xyz/login.php,1
http://irs-billing.62qjnh.org/wgha9,1
https://reddit.com/search/about?id=12854,0
http://paypal.com@iitrhocy.gov/login,1
http://google-billing.n5lx7a.co/fvox7,1
http://facebook-confirm.8og94vdx.ml/67tht,1
http://google.com/careers/index,0
https://wikipedia.org/,0
http://apple-signin.c9rmdf1pw.click/75wgq,1
http://outlook-wallet.npuala1.cf/4jm9i,1
http://bankofamerica-unlock.l4p9q.co/8840e,1
http://secure-ktr0-ebay-password-reset.com/login.php,1
https://auth.apple.com/password-reset,0
https://xn--5xca5-3cd.io/outlook-billing,1
http://microsoft-secure-signin-muoj.net/login.php,1
https://xn--gcdtv-mer.review/dhl-support,1
https://ieee.org/support/help,0
https://qftc-cdn.stackoverflow.com/pricing,0
https://netflix.com/download/products/pricing,0
https://khanacademy.org/,0
http://bit.ly/e7kod4o,1
https://mo7q.edu/irs/alert,1
http://goo.gl/8dltyz7,0
https://docs.adobe.com/careers/contact,0
https://who.int/,0
https://wikipedia.org/,0
http://instagram-secure-unlock-z9cn.review/login.php,1
http://wellsfargo-verify.wilud8p.kim/9zcmd,1
http://nytimes.com/blog,0
http://office365.com@xh2okiio.zip/confirm,1
http://microsoft-suspend.634gx7i5.work/9gjw6,1
https://coursera.org/,0
https://ieee.org/blog/features,0
http://bankofamerica-webscr.3emzs0.kim/4qxgt,1
http://who.int/support,0
https://cloudflare.com/,0
https://3of4-static.linkedin.com/search,0
https://harvard.edu/,0
http://instagram.com@nxbhzl0i.review/billing,1
http://google.com/articles/articles,0
http://ebay-secure-verify-qc1x.click/login.php,0
http://134.75.10.71/paypal/password-reset/p9dd8y,1
https://k0oi0i.com/squ,1
http://68.144.13.51/usps/security-check/8nsma1,1
https://stackoverflow.com/,0
https://google.com/,0
https://shopify.com/,0
http://paypal.com@11cywb6x.com/alert,1
http://coinbase-security-check.83o1bxge.ml/amwnw,1
https://blog.who.int/user,0
https://khanacademy.org/,0
https://bbc.com/articles?id=62278,0
https://06ij-cdn.un.org/support/learn/courses,0
https://who.int/,0
http://coinbase-verify.rzq3kn1.country/zfe3z,1
http://amazon-wallet.pyjjppny.cf/r1wrt,1
http://wikipedia.org/search/api,0
https://myv04xzy.net/account,1
http://instagram.com@axxz5i74.tk/verify,1
http://cloudflare.com/api/courses,1
https://xn--fqmad-rb0.ga/google-password-reset,1
https://www.google.com/news,0
https://lwbpg.io/security-check,1
https://adobe.com/support?id=96498,0
https://spotify.com/learn/about,0
https://docs.harvard.edu/download,0
https://microsoft.com/,0
http://166.188.211.214/outlook/support/t65rml,1
http://bankofamerica.com@kjwwm21k.ml/support,1
http://chase.com@fze3qorw.org/update,1
http://tinyurl.com/cmujfyb,1
https://un.org/,0
http://is.gd/mqbv4nz,1
http://is.gd/3s9eu3u,1
https://b1l3tfx.edu/wallet,1
http://34.92.240.169/google/signin/dwzm0d,1
http://usps-verify.dnbz0xzm.work/bbcp6,1
http://office365-login.qnf2ifd.kim/rznee,1
https://auth.harvard.edu/support,0
http://t.co/v4yf5zx,1
https://amazon.com/settings?utm_campaign=o3c0i&utm_medium=4l8g0&utm_term=3mp2q,0
https://accounts.un.org/billing,0
https://xn--j1gkr-932.gov/microsoft-update,1
https://7qapif22.net/unlock,1
https://harvard.edu/,0
https://shopify.com/,0
http://9yqj-alert-secure-amazon.ml/login.php,1
http://office365-update.tq5b4qv.click/lisq8,1
http://253.26.117.200/google/webscr/3yynfh,1
https://apple-billing.gov/,1
https://netflix.com/,0
http://is.gd/qx5x73o,0
http://instagram-alert.oqzn7g1f.ml/bwu95,1
https://shop.ieee.org/index,0
http://tinyurl.com/2pqy8i9,1
http://secure-0szl-account-bankofamerica.xyz/login.php,1
https://bbc.com/,0
http://g4so-secure-webscr-wellsfargo.xyz/login.php,1
https://help.python.org/pricing/products,0
https://www.mit.edu/settings/contact,0
https://salesforce.com/pricing?utm_source=m8eqy&utm_campaign=mqilt&utm_term=kgx3p,0
https://www.python.org/user,0
http://netflix.com@ql4p81z1.org/webscr,1
https://apple.com/learn,0
http://goo.gl/rh4je0v,1
https://who.int/,0
https://cloudflare.com/docs,0
https://amazon.com/api/blog/support,0
https://blog.microsoft.com/courses/user,0
https://mit.edu/support/api,0
https://id.salesforce.com/login,0
http://google-alert.m0a2s.top/h5d1a,1
https://j8275g.net/netflix/account,1
https://spotify.com/about/api/contact,0
https://secure.coursera.org/support,0
http://bankofamerica.com@p346bxvi.zip/signin,1
https://office365-login.com/,1
https://dropbox.com/,0
https://shop.bbc.com/features/help,0
http://57.50.103.248/outlook/account/hza1md,1
https://uvjapl.io/wallet,1
http://salesforce.com/pricing,0
https://harvard.edu/blog/support?id=60333,0
https://shop.cloudflare.com/news,0
http://25nj-office365-secure-support.zip/login.php,1
http://secure-instagram-account-buwc.co/login.php,1
http://amazon.com@fkdqvo64.co/login,1
https://www.salesforce.com/api,0
https://29rh-static.salesforce.com/courses,0
http://2jak-secure-paypal-login.work/login.php,1
https://salesforce.com/docs?utm_campaign=314hb&utm_medium=wi625&utm_source=a2swf,0
https://tui5-cdn.nytimes.com/help/api/support,0
https://bjd09.org/apple/confirm,1
http://outlook-alert.ikg23.xyz/vdiwq,1
https://stackoverflow.com/learn/courses/blog,0
https://who.int/features?utm_campaign=kdsbs&utm_source=5fi6e&utm_medium=rqirr,0
https://blog.wikipedia.org/blog,0
http://irs-verify.ofv5g.net/1crly,1
https://wikipedia.org/index?id=30829,0
http://apple-alert.8xqzaxjf3.review/niepn,1
https://github.com/,0
http://irs-signin.surtmba3.zip/sv254,1
http://coinbase-billing.6z94e45ud.ml/lr6mh,1
https://wgyo.org/paypal/password-reset,1
https://id.ieee.org/signin,0
http://secure-login-coinbase-j3jo.com/login.php,1
https://www.wikipedia.org/careers,0
https://google.com/support,0
https://netflix.com/pricing?utm_campaign=3agxc&utm_term=g154i&utm_source=biwei,0
http://is.gd/w58hkmm,1
https://4a8a-api.python.org/contact/index/help,0
https://shop.nytimes.com/blog/courses,0
http://3x1s-billing-secure-irs.net/login.php,1
http://tinyurl.com/vqj5b6n,1
https://secure.amazon.com/account,0
http://224.14.92.137/outlook/wallet/s4qp9s,1
https://docs.github.com/features,0
https://6scasj.com/a57,1
http://secure-ebay-squ0-webscr.edu/login.php,0
https://wikipedia.org/,0
https://netflix-support.co/,1
http://secure-x5e0-billing-facebook.work/login.php,1
https://xn--nnzi4-yg3.ga/ebay-secure,1
https://cloudflare.com/contact,0
http://ow.ly/onv8uhw,1
https://mit.edu/,0
https://apple.com/learn?utm_term=yxlam&utm_source=2x7ma&utm_campaign=tvgxq,0
http://secure-chase-update-5h4f.gov/login.php,1
https://56vh.org/dhl/security-check,1
https://nature.com/contact/settings?id=46391,0
https://salesforce.com/,0
https://kkvov.com/binance/support,1
https://spotify.com/about/products,0
http://amazon-login.ki3j.kim/rmb15,1
http://facebook-security-check.44rp2kf.work/jo6r6,1
https://nytimes.com/download?utm_source=78m2f&utm_term=3av7t&utm_medium=qvgrn,0
http://secure-binance-gj1u-billing.cf/login.php,1
https://python.org/user/about,0
https://shop.adobe.com/courses/about,0
https://accounts.wikipedia.org/login,0
http://dhl-password-reset.gol8v.net/fvxi3,1
http://instagram-webscr.9hkwhfno7.xyz/54l5d,1
https://who.int/,0
http://update-secure-6zhf-dhl.net/login.php,1
https://apple.com/,0
https://reddit.com/user/products?id=88007,0
http://195.199.15.181/facebook/unlock/pqfeo2,1
https://nasa.gov/courses,0
https://coinbase-confirm.org/,1
http://binance.com@w3hux00f.country/signin,1
https://tmyrtx.edu/login,1
http://ebay.com@e1isttab.top/wallet,1
https://cloudflare.com/blog,0
https://apple.com/settings/contact?id=53789,0
https://shop.adobe.com/index/docs,0
http://goo.gl/cy0a12w,1
https://amazon-alert.net/,1
https://h475-us.python.org/learn,0
https://nasa.gov/help/api?id=53844,0
https://xn--ywxf3-n4i.work/usps-unlock,1
http://alert-binance-77if-secure.click/login.php,1
http://71.47.111.89/irs/update/se18nl,1
https://shop.coursera.org/contact/articles,0
https://xn--njx0h-6m4.co/chase-wallet,1
https://my.google.com/support,0
http://dhl.com@mtv3hb3g.edu/secure,1
http://office365-billing.becf8wwr.click/ax5qs,1
https://nytimes.com/,0
https://shopify.com/learn?id=89395,0
https://khanacademy.org/,0
https://netflix.com/pricing/contact?id=16187,0
http://amazon-secure.mhpv.zip/xv3ti,1
https://docs.apple.com/help/index,0
http://124.169.244.63/apple/update/sam0l4,1
http://microsoft-secure-alert-qa99.edu/login.php,1
https://stackoverflow.com/,0
http://instagram-support.dysyr.tk/04yq3,1
https://ipncq32.edu/office365/support,1
http://ebay-security-check.f4yfg.ga/q276i,1
https://blog.coursera.org/about/help,0
https://un.org/articles/products,0
http://paypal-alert.9qvz7.click/rx9yf,1
https://shop.dropbox.com/features,0
https://nasa.gov/contact/features/download?id=14722,0
https://vxr18q.edu/k3z,1
https://h15za.co/amazon/wallet,1
https://xn--6aikv-cgn.co/chase-support,1
https://6xs9w7.edu/verify,1
https://reddit.com/articles?utm_term=7s9kj&utm_source=9udhe&utm_campaign=078bk,0
https://wczt2w.edu/zgm,1
https://wcyygi8.net/irs/update,1
https://secure.dropbox.com/password-reset,0
https://www.khanacademy.org/search,0
http://184.107.192.236/office365/support/fousui,1
http://office365-login.cvunb1i.top/52f90,1
https://x49rh3.com/account,1
http://chase.com@65975aii.kim/account,1
https://help.medium.com/about/support,0
https://shop.github.com/products/download,0
http://amazon-support.08jirn.work/fifjw,1
https://shopify.com/,0
https://mshlnk.com/yab,1
https://google-unlock.com/,1
http://un.org/search,0
https://3s027s.net/i3p,1
https://stackoverflow.com/,0
http://facebook-sw3v-account-secure.click/login.php,1
https://8g6h-cdn.google.com/news/blog,0
https://7vwhv2c.org/support,1
https://teokes1.com/support,1
https://linkedin.com/docs?utm_campaign=pr00b&utm_source=2uyqs&utm_medium=rz12j,0
https://nasa.gov/,0
http://secure-usps-0wk1-security-check.tk/login.php,1
http://ebay-account.dxegz40.top/avrpv,1
https://www.bbc.com/api,0
https://microsoft.com/,0
https://harvard.edu/pricing/blog?id=32944,0
http://tinyurl.com/07t5r0r,1
http://is.gd/fecma82,1
https://chase-confirm.com/,1
http://coinbase-verify.03s1ykc.net/mv0yd,1
http://ow.ly/sndbvb3,1
https://un.org/courses,0
https://nasa.gov/contact/news,0
https://docs.un.org/articles,0
http://coinbase-confirm.6sum7hkh1.ml/1drab,1
https://python.org/,0
https://auth.nature.com/signin,1
https://xn--gad04-c21.kim/instagram-billing,1
https://shopify.com/,0
https://dhl-update.edu/,1
http://ewd6-secure-coinbase-support.xyz/login.php,1
https://shop.dropbox.com/docs/courses,0
http://paypal-iuce-webscr-secure.ga/login.php,1
https://www.cloudflare.com/learn,0
https://auth.cloudflare.com/signin,0
https://ccr8-static.amazon.com/products/docs/docs,0
http://bit.ly/wpfcqob,1
https://facebook-billing.org/,1
http://251.233.72.51/binance/login/6zvl07,1
http://usps.com@hdknfp26.xyz/webscr,1
https://auth.spotify.com/billing,0
https://nasa.gov/articles?id=9824,0
https://adobe.com/search?id=45106,0
http://t.co/pv57sye,1
https://adobe.com/learn/learn/index,0
https://nytimes.com/,0
https://mit.edu/,0
https://netflix.com/,0
https://khanacademy.org/articles,0
https://dropbox.com/features/features/search,0
http://30.125.173.34/binance/security-check/8pza1y,1
http://coinbase-wallet.4ngx8rh.com/3gr3y,1
https://1wt4.org/apple/login,1
http://outlook.com@wnewaax8.click/secure,1
http://150.24.106.100/wellsfargo/support/2oljh3,1
https://reddit.com/contact/articles?id=43104,0
https://ieee.org/contact/support?id=82461,0
https://blog.medium.com/articles,0
https://uptj-us.ieee.org/api,0
http://8.130.26.130/chase/billing/wr8buf,1
http://netflix-webscr-6yws-secure.cf/login.php,1
http://outlook-secure-signin-bsyl.zip/login.php,1
https://apple-security-check.gov/,1
https://bbc.com/contact?id=38368,0
https://blog.adobe.com/help,0
https://www.salesforce.com/user,0
https://www.python.org/help/learn,0
http://who.int/blog/support,0
https://coursera.org/contact/support,0
http://237.134.159.153/microsoft/account/5agf51,1
https://ag8g-api.un.org/user/products,0
https://sciencedirect.com/,0
https://dvxva1k.edu/confirm,1
https://www.adobe.com/search/pricing,0
http://password-reset-ey02-usps-secure.country/login.php,1
https://mit.edu/search?id=25314,0
https://azeo-static.bbc.com/help/blog,0
https://medium.com/,0
https://xn--y7pdk-6k2.review/amazon-signin,1
https://xn--bnb4a-oc9.zip/wellsfargo-update,1
http://outlook-secure.hlvwrkxd.ga/rptsi,1
http://goo.gl/2zgl0vd,1
http://bankofamerica.com@tajnridm.top/login,1
https://bhjr-us.cloudflare.com/settings/support,0
https://my.nasa.gov/billing,0
http://outlook.com@uwfdjopx.work/security-check,1
http://tinyurl.com/rlzq07v,1
https://bbc.com/courses/about/help,0
http://goo.gl/2qg3mv2,1
https://nature.com/articles,0
https://25k07.io/login,1
https://bbc.com/,0
https://who.int/courses?utm_term=8nl4i&utm_medium=m9yx0&utm_campaign=jsiia,0
http://212.107.167.61/dhl/password-reset/2c5cqp,1
https://www.adobe.com/learn/index,0
https://66v1-us.apple.com/settings/api/support,0
http://facebook-unlock.m0fas6.gov/b69au,1
https://my.mit.edu/verify,0
https://khanacademy.org/pricing/api/features,0
https://ieee.org/careers?utm_medium=igyu6&utm_campaign=y0prz&utm_source=vs2ii,0
http://instagram-verify.ppbedwxfy.edu/9mpe5,1
http://facebook.com@v71clgpe.review/webscr,1
https://dropbox.com/courses/support,0
https://my.microsoft.com/verify,0
https://nytimes.com/,0
http://254.234.125.59/microsoft/secure/v9ed2d,1
http://ow.ly/m7pqf0i,0
https://shopify.com/blog/index/search?id=34408,0
http://is.gd/g4rkxgs,1
http://usps-secure-swxn-wallet.org/login.php,1
https://who.int/learn/download,0
https://harvard.edu/learn/support/news,1
https://google.com/news?utm_campaign=g46mn&utm_medium=jv6r7&utm_source=z7m1c,0
https://amazon.com/docs/user/pricing,0
http://microsoft-wallet.6bct0bxr.ml/0bxc6,1
http://apple.com@mfo498dk.xyz/account,1
https://linkedin.com/,0
http://binance.com@2ujeokyt.io/wallet,1
https://docs.amazon.com/articles,0
https://harvard.edu/,0
http://binance.com@7187tjbb.com/webscr,1
https://www.salesforce.com/features/api,0
https://shop.microsoft.com/blog,0
https://dropbox.com/contact,0
https://auth.khanacademy.org/account,0
https://xn--1u8w6-j31.top/usps-confirm,1
https://f4bt-us.cloudflare.com/search/courses/user,0
http://secure-8m8y-wallet-apple.click/login.php,0
https://who.int/,0
https://shop.bbc.com/learn/careers,0
https://www.netflix.com/user,0
https://sciencedirect.com/careers?id=12354,0
http://chase.com@6gj0796h.net/suspend,1
https://help.wikipedia.org/courses,0
https://shop.reddit.com/products/api,0
https://harvard.edu/,0
https://blog.un.org/support,0
https://xn--vro50-m0z.ml/office365-update,1
http://secure-dhl-suspend-4ul5.country/login.php,1
https://help.shopify.com/support,0
https://linkedin.com/docs?utm_medium=aegvs&utm_term=zh4w7&utm_source=d8dn7,0
https://xn--lk4g1-4ao.click/instagram-login,1
http://goo.gl/5tkawcd,1
https://xnntoz.net/signin,1
https://adobe.com/docs?id=24266,0
https://bbc.com/support?id=80259,0
http://246.33.14.64/binance/wallet/yj1von,1
https://google-support.edu/,1
http://191.101.233.30/office365/alert/yksimn,1
http://irs.com@5ced1xmz.review/billing,1
https://xn--wbj69-3mp.edu/google-verify,1
http://bankofamerica-billing.0ay25.xyz/74hkr,1
https://5qzjp.gov/bankofamerica/password-reset,1
https://xn--cdw0i-7ss.edu/usps-password-reset,1
https://www.amazon.com/contact,0
https://google.com/download,0
http://164.47.138.168/ebay/signin/02mgqh,1
http://ebay-secure.8whib0.kim/giy64,1
http://66.170.54.187/amazon/verify/5u4s05,1
http://google.com@wx2woedc.work/webscr,0
https://a0zutu.io/d8w,1
https://xn--pg9zc-ucm.click/netflix-account,1
http://206.224.173.102/netflix/login/bx6b8u,1
http://netflix.com@1wujjbum.cf/password-reset,1
http://confirm-s6b9-secure-instagram.cf/login.php,1
https://blog.google.com/download,0
https://secure.mit.edu/password-reset,0
http://signin-instagram-6vl2-secure.kim/login.php,1
http://goo.gl/739cr8p,1
https://u72jnv.edu/outlook/signin,1
http://bit.ly/xecbgl7,1
https://dclghjte.edu/security-check,1
http://secure-billing-usps-wavb.com/login.php,1
http://secure-gu45-secure-bankofamerica.review/login.php,1
https://id.spotify.com/password-reset,0
http://harvard.edu/index/contact,0
https://un.org/,0
http://201.60.100.171/apple/suspend/pjbfwt,1
https://blog.nature.com/courses/contact,0
https://dropbox.com/,0
https://ycb3srhg.co/signin,1
http://tinyurl.com/piz80jx,1
https://xn--4rlgt-fu4.cf/irs-signin,1
https://docs.khanacademy.org/index/download,0
https://wellsfargo-confirm.org/,1
https://sciencedirect.com/courses/user/support,0
https://6hshsaf.org/verify,1
https://blog.nytimes.com/courses,0
https://www.google.com/pricing,0
https://m909gno4.io/suspend,1
https://nasa.gov/features/download,0
https://docs.python.org/courses,0
http://79.28.153.117/instagram/login/5oibnz,1
https://y2aio.io/support,1
https://www.python.org/pricing/index,0
http://secure-binance-k09c-secure.zip/login.php,1
https://docs.github.com/features/support,0
https://shop.python.org/settings/search,0
https://ieee.org/,0
https://shop.khanacademy.org/help/about,0
https://4f28xy.gov/g3y,1
https://wikipedia.org/blog,0
https://id.linkedin.com/billing,0
https://8utx9.gov/wellsfargo/password-reset,1
https://dx0p.net/coinbase/support,1
http://login-wellsfargo-secure-zyz5.net/login.php,1
https://4cn9pt.com/office365/support,1
https://id.github.com/account,0
http://billing-apple-secure-hhj2.net/login.php,1
https://nasa.gov/,0
http://facebook.com@3v50qtyp.xyz/password-reset,1
https://bbc.com/,0
https://adobe.com/articles?utm_term=cyrjv&utm_source=za654&utm_campaign=1ze8o,0
https://medium.com/,0
http://secure-5lbk-wallet-office365.gov/login.php,1
https://sciencedirect.com/,0
https://docs.amazon.com/contact,0
https://un.org/support?id=14757,0
https://khanacademy.org/index/learn,0
https://linkedin.com/help,0
http://248.63.214.250/outlook/update/8a1v60,1
https://help.dropbox.com/articles/user,0
http://office365-login.4se09q.org/o0zpp,1
http://ebay-secure.rqbzbb.cf/vnlw9,1
http://amazon-alert.5pn7n.edu/k40gh,1
http://goo.gl/6uqjb91,1
https://www.nytimes.com/support/about,0
https://khanacademy.org/articles?id=2216,0
https://wikipedia.org/,0
https://xn--6uc2b-t3x.gov/wellsfargo-alert,1
https://rbln2ond.io/password-reset,1
https://bbc.com/,0
http://paypal-unlock.9ofgztx.kim/2z52z,1
https://medium.com/docs/articles,0
https://nature.com/,0
http://67.90.41.85/wellsfargo/webscr/ug2yu0,0
http://outlook-secure.m5juw1gz.gov/89m5u,1
https://google.com/,0
http://office365-suspend.jxcp.edu/4dcgf,1
http://coursera.org/learn,0
http://billing-secure-6k8a-binance.work/login.php,1
https://www.nasa.gov/api/index,0
https://help.apple.com/learn/download,0
http://7.75.152.171/irs/password-reset/pu29hs,1
https://amazon.com/,0
http://ebay-secure.hdhv7uj.ml/ynknf,1
http://outlook.com@swmp7m3o.com/webscr,1
https://5rxc9d.io/office365/password-reset,1
http://outlook-signin.nmmfz4kyy.io/sbpd2,1
https://blog.microsoft.com/api/articles,0
http://is.gd/rysuzyv,1
https://56x5gd.org/webscr,1
https://nytimes.com/blog/api/download,0
http://224.239.177.187/wellsfargo/password-reset/4p0xk4,1
https://stackoverflow.com/,0
https://ovtpk6.net/bankofamerica/secure,1
http://office365-suspend.djao.gov/k75d2,1
http://secure-mal5-irs-account.click/login.php,1
https://shop.netflix.com/support,0
http://apple.com@ljpbkvna.tk/alert,1
https://stackoverflow.com/,0
http://irs-wallet.4dfvsji5.io/cxx43,1
https://shop.microsoft.com/user,0
https://nytimes.com/articles/index/about,0
https://harvard.edu/,0
https://un.org/,0
https://ieee.org/download/pricing?id=35586,0
http://office365.com@9e5y3oht.net/alert,1
https://www.coursera.org/careers/careers,0
https://adobe.com/courses/user/careers,0
http://facebook.com@3fca0x0j.tk/suspend,1
https://nature.com/support/download/user?id=56114,0
https://g6hk3x.gov/f4d,1
https://docs.coursera.org/contact,0
https://mit.edu/pricing/settings?id=4976,0
https://usps-update.net/,1
http://khanacademy.org/help/user,0
https://blog.cloudflare.com/download/blog,0
https://bbc.com/,0
http://secure-signin-hxvb-dhl.work/login.php,1
http://google.com@5l8l6qbg.review/unlock,1
http://tinyurl.com/esdgsjf,1
http://91.25.249.98/chase/billing/1mh6q9,1
https://shopify.com/,0
http://microsoft-password-reset.iki01.click/vc8bh,1
https://adobe.com/download/search,0
https://l34yww.co/outlook/unlock,1
http://137.55.52.125/chase/confirm/wx2o58,0
https://salesforce.com/learn/careers,0
http://46.25.246.205/chase/secure/iqsznm,1
https://www.adobe.com/settings,0
https://jt27-api.apple.com/download,0
https://docs.reddit.com/features,0
https://www.un.org/user/help,0
https://github.com/,0
https://shop.nature.com/support,0
http://bankofamerica-verify.9pqi33.org/pdlsd,1
https://kpki-us.mit.edu/news,0
http://ebay-i1c6-secure-suspend.top/login.php,1
https://krkx-eu.netflix.com/search,0
http://secure-alert-facebook-41je.xyz/login.php,1
https://python.org/,0
http://amazon-security-check.f4qfr0.review/wxtuf,1
http://medium.com/features,0
http://dropbox.com/products,0
http://usps-secure.6b8mflq.org/1wma5,1
https://sciencedirect.com/settings?utm_medium=atqnj&utm_term=sbb0f&utm_campaign=x3j2y,0
https://stackoverflow.com/support?utm_source=3x51h&utm_term=5g1kd&utm_campaign=sk8xh,0
https://help.sciencedirect.com/blog/articles,0
https://docs.netflix.com/user/settings,0
https://auth.linkedin.com/verify,0
https://eucs-static.nasa.gov/news,0
http://88.162.33.81/coinbase/wallet/vtjqv9,1
https://c3zy26q.org/suspend,1
http://goo.gl/dj39yky,1
http://coinbase.com@g883lmd2.edu/password-reset,1
http://paypal-wv9u-secure-account.com/login.php,1
https://www.nature.com/docs/courses,0
https://xn--eb6r8-xv3.tk/usps-billing,1
https://apr2xd.net/u45,1
https://jlxh-static.stackoverflow.com/support,0
http://tinyurl.com/vcclj94,1
https://www.khanacademy.org/search,0
https://netflix.com/,0
https://cloudflare.com/,0
https://mit.edu/,0
https://amazon-account.io/,1
https://www.who.int/products/courses,0
http://coinbase-lszg-signin-secure.tk/login.php,1
https://xn--nue28-m63.gov/instagram-alert,1
https://google-verify.edu/,1
https://xn--rered-ffi.tk/binance-confirm,1
https://shopify.com/news,0
http://e42d-irs-secure-login.ga/login.php,1
http://usps-webscr.ynzm9hnji.review/lndsl,1
https://xn--r4e3m-77z.net/outlook-unlock,1
http://irs-webscr-secure-jsx7.io/login.php,1
http://37.22.192.72/amazon/login/7dc8q2,1
http://facebook-secure.njxi02tr.click/illf1,1
https://auth.dropbox.com/login,0
https://www.harvard.edu/careers,0
https://8fgd-us.medium.com/api/learn/index,0
http://chase-signin.z602qq271.click/72mia,1
https://blog.microsoft.com/help,0
https://2exgds.com/confirm,1
https://docs.salesforce.com/contact/docs,0
https://docs.mit.edu/user/api,0
https://xn--rsvuc-4tk.io/ebay-update,1
http://ngo6-signin-bankofamerica-secure.top/login.php,1
http://99.135.212.23/instagram/security-check/eoqoev,1
https://un.org/,0
https://dropbox.com/help?utm_source=cp23h&utm_medium=b5crr&utm_term=ytfdr,0
https://coinbase-wallet.gov/,1
https://wikipedia.org/,0
http://dhl-account.2i62cjqx.gov/ztuoh,1
https://nytimes.com/features?id=11559,0
https://nature.com/index?id=82929,0
https://www.stackoverflow.com/blog/search,0
https://pqaw-cdn.who.int/careers/index/contact,0
http://binance-signin.67f5.cf/ghu62,1
https://adobe.com/courses?utm_source=4ndnb&utm_medium=1rqlf&utm_campaign=jerzf,0
https://blog.apple.com/careers,0
https://blog.harvard.edu/search,0
https://help.ieee.org/settings/features,0
http://coinbase-confirm.jsu84.org/23m8l,1
https://6yyn-static.nytimes.com/pricing/user,1
https://apple.com/articles?utm_term=honmr&utm_medium=s5yi1&utm_campaign=nnsm0,0
https://apple-account.edu/,1
http://paypal-billing.l7jha.ga/ihwjm,1
https://5dlrbo.edu/suspend,1
https://jat72.org/binance/billing,1
https://yb94-cdn.harvard.edu/courses/contact,0
http://176.64.222.8/bankofamerica/webscr/8dq9a8,1
http://apple-suspend.d5ggo1q1.zip/8dy87,1
https://www.salesforce.com/articles,0
https://ieee.org/,0
http://secure-4fgs-alert-instagram.co/login.php,1
https://q3h9-us.nature.com/articles,0
http://178.219.178.164/office365/secure/c31jp5,1
https://github.com/user?id=20749,0
http://goo.gl/a07blxx,1
https://usps-update.io/,1
https://www.nytimes.com/learn,0
http://irs-secure-security-check-oej7.kim/login.php,1
https://xn--aglne-xzy.cf/office365-security-check,1
https://pqfb1x.co/3i2,1
https://docs.adobe.com/articles/contact,0
https://bbc.com/blog,0
https://dhl-password-reset.org/,1
http://secure-5xhx-facebook-confirm.gov/login.php,1
http://74.66.121.147/apple/security-check/oge4h5,1
http://secure-4qhx-outlook-unlock.gov/login.php,1
http://152.226.214.158/google/confirm/bnthpe,1
https://vmqq-us.microsoft.com/articles/contact/about,0
https://3jre2qli.io/signin,1
http://verify-secure-microsoft-iynu.top/login.php,1
http://197.120.41.185/amazon/alert/pb8szz,1
https://sciencedirect.com/features,0
https://help.reddit.com/settings/settings,0
https://stackoverflow.com/articles/about/help,0
https://dukhsau.io/security-check,1
http://binance-unlock-nyvk-secure.net/login.php,1
http://cloudflare.com/about/download,0
https://salesforce.com/blog?id=69392,0
https://adobe.com/products/settings/products?id=86437,0
https://nytimes.com/,0
https://xn--o1atn-706.io/dhl-unlock,1
https://google.com/,0
http://binance-security-check.5f9ww.co/eo3dn,1
https://blog.dropbox.com/products,0
https://mmu0.org/dhl/account,1
http://wellsfargo.com@b22n3xnt.cf/billing,1
https://github.com/download?utm_medium=vynzl&utm_source=axaew&utm_term=b9hjs,0
http://goo.gl/wivoelw,1
https://shop.dropbox.com/blog,0
https://medium.com/,0
https://help.bbc.com/user/courses,0
https://bvyg-eu.google.com/learn/api,0
https://salesforce.com/contact/support/support,0
https://khb4-static.spotify.com/careers/download/careers,0
https://medium.com/,0
https://salesforce.com/,0
http://240.84.1.196/coinbase/account/1p0kj8,1
https://cloudflare.com/,0
https://microsoft-alert.com/,1
https://docs.spotify.com/products/help,0
http://coursera.org/help/docs,0
https://help.stackoverflow.com/pricing/courses,0
http://38.18.81.115/bankofamerica/password-reset/kogq99,1
https://blog.mit.edu/about,0
https://docs.bbc.com/careers,0
https://5goi-api.mit.edu/download/news/user,0
https://medium.com/about/download,0
https://who.int/,0
http://binance-qbcz-security-check-secure.org/login.php,1
https://www.github.com/contact,0
https://who.int/search/products/docs?id=44400,0
https://salesforce.com/courses?id=76583,0
https://shop.adobe.com/index,0
http://secure-office365-4pom-billing.com/login.php,1
http://chase-wallet.rdb9.com/gtwi9,1
http://instagram-support.vxms.edu/mupxz,1
https://xn--4a546-8zh.xyz/outlook-update,1
https://nytimes.com/,0
https://my.apple.com/verify,0
http://secure-h1qq-secure-coinbase.edu/login.php,1
https://apple.com/,0
https://nature.com/,0
http://secure-security-check-iwsk-office365.work/login.php,1
https://netflix.com/,0
https://www.microsoft.com/search,0
https://shop.salesforce.com/user/courses,0
http://outlook-support.3gz2.net/fr7w3,1
https://blog.google.com/contact,0
http://166.128.11.132/paypal/password-reset/vf3z2v,1
https://sciencedirect.com/about?utm_term=ogswe&utm_source=vhxfc&utm_campaign=jl17v,0
http://goo.gl/grl1sio,1
https://salesforce.com/,0
https://secure.microsoft.com/password-reset,0
http://185.120.239.221/irs/secure/9yh1ad,1
http://microsoft.com@ira6mfvj.com/confirm,1
https://www.harvard.edu/courses,0
https://ktq46pb.edu/chase/secure,1
https://who.int/api?utm_medium=7t5tl&utm_source=kvz36&utm_campaign=5e667,0
http://apple-security-check.mfro8.click/i2zsz,1
http://chase.com@ztvcqc4s.country/suspend,1
http://stwr-secure-password-reset-apple.edu/login.php,1
http://google-login.o0btr.ga/5b3b0,1
https://nasa.gov/,0
https://wikipedia.org/,0
http://91.15.74.221/google/support/1p6l7l,1
https://0j4ox.com/wellsfargo/security-check,1
http://apple.com@1hfb9rap.co/support,1
http://bankofamerica-webscr.j63wdswo.ml/j7it8,1
http://oh05-secure-account-binance.review/login.php,1
http://amazon.com@30fw3sow.net/wallet,1
https://instagram-webscr.co/,1
https://www.harvard.edu/api,0
http://google.com@b9w2nrz7.click/billing,1
https://coursera.org/articles/help,0
https://harvard.edu/about/features,0
https://shopify.com/index/contact,0
https://hwzu6.gov/microsoft/security-check,1
https://who.int/support/help/courses,0
https://stackoverflow.com/,0
https://mit.edu/features/articles?id=89870,0
http://secure-apple-2yr1-support.com/login.php,1
http://instagram.com@v6o0e86m.work/update,1
https://docs.adobe.com/courses/api,0
http://binance.com@3uc07imp.top/secure,1
https://linkedin.com/,0
https://vd148k.com/n64,1
https://id.github.com/support,0
http://bit.ly/54og98v,1
https://secure.who.int/login,0
https://g1qy.com/coinbase/security-check,1
https://q7c1mq.co/ebay/webscr,1
http://176.180.142.93/paypal/support/c0k83o,1
https://m29nz6fk.net/update,1
https://8ftvrd.org/unlock,1
https://7jyi24n.org/login,1
https://shop.reddit.com/learn,0
https://coursera.org/,0
http://secure-account-wellsfargo-e8oi.work/login.php,1
https://qzbmns.org/wd8,1
https://help.mit.edu/articles,0
https://google.com/products?id=16658,0
https://mwwj-static.dropbox.com/contact,0
https://microsoft.com/products/articles,0
https://irs-verify.gov/,1
https://irqnlw.io/taw,1
https://www.medium.com/pricing,0
https://harvard.edu/search/user/pricing?id=83749,0
http://bit.ly/ux2jt53,1
https://docs.python.org/api,0
https://docs.python.org/news/courses,0
https://secure.nature.com/account,0
https://kgh86st.com/dhl/unlock,1
https://7wj6-api.khanacademy.org/pricing/index/careers,0
http://microsoft-unlock.m2ra.country/i8k0w,1
https://office365-signin.io/,1
https://xn--nz4c2-1k7.review/chase-confirm,1
https://pryflq.co/irs/verify,1
https://apple.com/courses?utm_medium=t9yvi&utm_campaign=7f16x&utm_source=bxtln,0
http://instagram-unlock.lk3dfjqy.net/3wu4y,1
https://dropbox.com/blog?utm_campaign=sveef&utm_term=9h8k6&utm_medium=f3me1,0
https://linkedin.com/about?utm_medium=vjp4n&utm_term=qgve3&utm_campaign=5pqvs,0
https://www.cloudflare.com/download/blog,0
http://netflix-suspend.xocps191.gov/2nbqd,1
https://sciencedirect.com/,0
http://93.31.75.90/bankofamerica/account/96vbh8,1
http://outlook-verify.icto9rucq.zip/zjg5y,1
http://143.212.202.25/microsoft/unlock/ydx9be,1
https://dropbox.com/,0
http://bankofamerica-password-reset.13v0y4g2.click/xitc3,1
http://chase-secure-secure-m3kj.edu/login.php,1
https://www.google.com/support,0
http://microsoft-secure-signin-6a6q.country/login.php,1
https://spotify.com/settings?utm_campaign=j8uad&utm_source=whee7&utm_medium=0kmpl,0
http://amazon-password-reset-secure-ah23.work/login.php,1
http://ow.ly/lajgps9,1
https://shop.dropbox.com/support/articles,0
https://bankofamerica-verify.gov/,1
https://nytimes.com/,0
https://cloudflare.com/careers?id=65065,0
https://shop.medium.com/pricing/courses,0
https://harvard.edu/,0
http://bit.ly/g44qsrc,1
https://nytimes.com/,0
https://ieee.org/,0
https://dropbox.com/support/features/features?id=28908,0
http://binance.com@39qb2aqh.cf/alert,1
https://amazon.com/,0
http://is.gd/ubgloka,1
https://medium.com/,0
http://google-wallet.w0ade.tk/q7az9,1
http://t.co/wrsfv63,1
https://microsoft.com/pricing/courses,1
https://who.int/pricing?utm_source=5byc5&utm_medium=f4q8f&utm_campaign=fpg3y,0
http://google-billing.myy2ffzkw.tk/mvlio,1
http://google-update.m0naht3lb.cf/a9cfi,1
https://sciencedirect.com/,0
http://121.41.106.234/coinbase/unlock/q76eav,1
http://secure-unlock-microsoft-0pic.io/login.php,1
https://a45o.net/irs/unlock,1
https://blog.amazon.com/contact,0
https://sciencedirect.com/pricing/contact,0
http://coinbase.com@4r9qa7xk.co/alert,1
https://s0ggu.co/coinbase/signin,0
http://dhl.com@2127eylz.tk/alert,1
https://apple.com/blog?utm_medium=xzch3&utm_term=bmygb&utm_campaign=e3wbc,0
http://206.164.70.86/amazon/login/ldwdcf,1
https://harvard.edu/,0
https://usps-wallet.io/,1
https://blog.coursera.org/help/about,0
https://docs.nasa.gov/articles,0
http://bankofamerica-wallet.qwdetpjw.top/3ak61,1
https://www.google.com/api/products,0
https://harvard.edu/products/contact,0
https://auth.google.com/signin,0
https://spotify.com/,0
https://shopify.com/,0
http://shopify.com/about/articles,0
https://instagram-billing.co/,1
https://xn--a9sli-y0v.com/bankofamerica-billing,1
http://is.gd/1k6hewa,1
https://www.reddit.com/articles/blog,0
https://python.org/help/courses/learn,0
http://19.73.244.227/instagram/security-check/9h9dlc,1
https://3ppyh.org/secure,1
https://wikipedia.org/,0
https://hdh2-api.apple.com/articles/download/news,0
http://25.218.135.245/usps/wallet/e3x30a,1
https://my.adobe.com/support,1
https://docs.nasa.gov/articles,0
https://xn--urxc9-byr.ga/apple-update,1
https://my.nasa.gov/billing,0
http://dhl-suspend.gtfmgcq.top/1xj5t,1
https://3xkx-api.bbc.com/user,0
https://s0l9tc.edu/gyn,1
https://docs.sciencedirect.com/contact,0
http://wellsfargo-login.s5mb74wmv.com/89nkr,1
http://206.99.172.5/outlook/account/1mkoe7,1
http://chase.com@1xw2zepw.top/confirm,1
https://docs.python.org/products,0
https://ax96cuk.io/amazon/secure,1
https://secure.wikipedia.org/login,0
https://help.who.int/download,0
http://binance.com@76jgd2yc.tk/signin,1
https://www.shopify.com/help,0
https://auth.un.org/account,0
http://ebay-security-check.l07gmhj.io/lrflo,1
https://who.int/,0
http://google-alert.jyck3u4.top/601m0,1
https://salesforce.com/,0
https://un.org/articles?utm_source=gzmtu&utm_campaign=16btr&utm_term=3mgq4,0
https://zfj6awt.co/secure,1
https://www.netflix.com/careers/about,0
https://netflix.com/products/pricing/index?id=94519,0
https://www.salesforce.com/docs,0
https://nature.com/settings?utm_campaign=2ba1k&utm_medium=pqurk&utm_term=0rc50,0
https://blog.spotify.com/help/docs,0
https://apple-security-check.com/,1
https://chase-verify.gov/,1
http://is.gd/twfyver,1
https://shop.wikipedia.org/search/docs,0
http://dhl.com@b5gwca1z.com/suspend,1
https://ieee.org/,0
https://coursera.org/features,0
https://www.nytimes.com/support,0
https://blog.shopify.com/blog,0
https://irs-update.com/,1
https://khanacademy.org/download/api,0
https://shopify.com/download/learn/courses,0
http://usps.com@wkjsfepq.country/verify,1
http://usps.com@xd8n09fz.org/webscr,1
http://193.248.253.107/office365/alert/7olz4b,1
https://khanacademy.org/features,0
https://shop.microsoft.com/support,0
http://paypal.com@fk66h0tc.ml/support,1
https://coinbase-login.gov/,1
http://ebay.com@7or4lpdv.click/password-reset,1
http://secure-wellsfargo-support-yvro.click/login.php,1
https://docs.microsoft.com/pricing,0
http://dropbox.com/docs,0
https://python.org/about/about/courses,0
https://blog.python.org/pricing/blog,0
https://shop.ieee.org/articles,0
https://sciencedirect.com/,0
https://65cd1q.edu/bankofamerica/suspend,1
http://4.62.65.20/wellsfargo/wallet/er1lwv,1
http://security-check-h97f-secure-binance.xyz/login.php,1
http://instagram-gs8a-account-secure.work/login.php,1
https://sciencedirect.com/careers/contact/products,0
https://wikipedia.org/learn?utm_term=2i0qk&utm_source=1ejhk&utm_medium=dn7qo,0
http://bit.ly/oxzx5r9,1
http://secure-cc37-apple-webscr.review/login.php,1
https://linkedin.com/learn/about,0
http://netflix-update.20fot854.work/ycgog,1
https://github.com/,0
https://apple-verify.org/,1
http://128.142.248.63/apple/wallet/ol8vy9,1
http://un.org/features,0
https://nasa.gov/download?utm_campaign=7zmvv&utm_medium=4a91f&utm_term=neqx9,0
https://1kkn3.edu/secure,1
http://bit.ly/c2euq5v,1
https://docs.microsoft.com/download/news,0
https://facebook-security-check.co/,1
https://microsoft.com/settings?utm_source=xs5e3&utm_term=8r77w&utm_campaign=1ys6o,0
http://bit.ly/nlph711,1
https://nytimes.com/,0
http://instagram-verify.01tf3k89.xyz/uxf8x,1
http://instagram.com@c98a8vdy.tk/signin,1
https://bbc.com/,0
https://google-password-reset.co/,1
https://il68-api.who.int/about/learn/pricing,0
http://microsoft.com/download/settings,0
https://spotify.com/,0
https://my.un.org/signin,0
https://ieee.org/,0
https://nasa.gov/,0
http://coinbase.com@2xen643e.edu/support,0
https://ebay-update.org/,1
http://is.gd/4lmravf,1
https://help.google.com/help,0
http://binance.com@mtbn49n8.click/wallet,1
http://binance.com@11eg5sxo.zip/billing,1
https://vp2r0y29.net/security-check,1
https://github.com/,0
http://who.int/blog/articles,0
https://shop.medium.com/learn,0
http://irs-secure-a61o-support.net/login.php,1
https://b9jz-us.who.int/pricing/contact,0
http://53.73.184.176/coinbase/security-check/oc3h9j,1
https://sciencedirect.com/index/articles/help,0
http://irs-update.wf4i3r.review/9s3l3,1
https://accounts.salesforce.com/password-reset,0
https://www.microsoft.com/features,0
https://who.int/careers?id=77708,0
https://adobe.com/,0
https://anib25l.edu/signin,1
https://sciencedirect.com/,0
http://214.244.213.66/bankofamerica/account/oik3ge,1
http://tinyurl.com/d36dl8k,1
https://coinbase-update.io/,1
https://python.org/,0
https://h62jdl6.com/webscr,1
http://dhl-account.emy52tpq.cf/gry2e,1
https://linkedin.com/,0
http://45.110.78.122/instagram/wallet/iimeq0,1
https://accounts.bbc.com/billing,0
https://www.nasa.gov/features,0
http://gvkv-bankofamerica-unlock-secure.edu/login.php,1
https://linkedin.com/index/support?id=51830,0
http://178.69.32.162/google/password-reset/2vywln,1
https://nytimes.com/learn?utm_campaign=3lhpk&utm_medium=ceyia&utm_source=s375z,0
https://adobe.com/,0
https://xn--7juq7-dv3.click/ebay-account,1
https://xn--r4jf3-hks.edu/dhl-support,1
https://apple.com/api/docs/index?id=9414,1
https://salesforce.com/about,0
https://www.dropbox.com/contact,0
https://stackoverflow.com/contact/contact,0
https://spotify.com/download?id=28300,0
https://python.org/contact?utm_source=ybi3w&utm_campaign=lpotm&utm_term=8pyqd,0
https://sciencedirect.com/,0
https://docs.nature.com/index,0
http://bit.ly/ffpkgw9,1
https://un.org/help/learn/support,0
https://id.wikipedia.org/billing,0
https://accounts.bbc.com/billing,0
https://2ohlqd.net/p7y,1
http://0qd5-wallet-outlook-secure.gov/login.php,1
https://www.stackoverflow.com/courses/api,0
https://coinbase-unlock.co/,1
http://t.co/9jy97l4,1
http://61.61.232.53/instagram/support/8phz5l,1
https://github.com/,0
http://ebay-account.ksv81hmr3.com/yeusa,1
https://netflix.com/,0
https://sciencedirect.com/products/help/courses,0
https://www.google.com/support,1
http://paypal-update.5i5mah1t.net/zxjg4,1
https://7l7n33.co/wlj,1
https://xn--d666a-2jr.edu/netflix-verify,1
https://binance-billing.co/,1
http://ow.ly/pt74blv,1
http://account-secure-netflix-kslc.cf/login.php,1
https://google.com/articles/search,0
http://ebay-webscr.qjszz.cf/dt5lq,1
http://apple.com@dtp94678.co/webscr,1
https://wikipedia.org/,0
https://cloudflare.com/settings/download/courses?id=84207,0
https://help.ieee.org/docs,0
https://adobe.com/,0
https://shop.khanacademy.org/pricing,0
http://t.co/yqv084t,1
https://xn--95j83-6jy.gov/microsoft-alert,1
https://docs.adobe.com/articles,0
https://netflix-password-reset.co/,0
http://j1rh-alert-secure-office365.work/login.php,1
http://amazon.com@g5jodai7.net/wallet,1
http://bankofamerica.com@jq8at167.top/suspend,1
https://www.coursera.org/features,0
https://bankofamerica-login.org/,1
https://adobe.com/,0
https://41mixh.edu/0ie,1
https://5jiu-us.shopify.com/help/support/blog,0
http://netflix-confirm.fnxet.review/7uvb3,1
https://apple-support.org/,1
https://383dp3g.org/unlock,1
https://2v5q-api.linkedin.com/articles,0
http://secure-paypal-login-iw20.work/login.php,1
https://xn--242pf-gak.review/amazon-login,1
http://instagram-verify.tzzwji.cf/73vop,1
https://amazon.com/support,0
https://nature.com/pricing/careers,0
http://ea1o-webscr-secure-dhl.io/login.php,1
https://www.salesforce.com/products/articles,0
http://secure-ssge-unlock-amazon.co/login.php,1
https://nasa.gov/contact/about/search,0
http://office365.com@wwok4534.gov/login,1
http://t.co/d2k5szi,1
https://khanacademy.org/about,0
http://bit.ly/0m8az1l,1
https://google.com/products?utm_term=vsot2&utm_source=wgzbq&utm_medium=pv6n7,0
https://blog.apple.com/download/products,0
https://docs.who.int/user/blog,0
http://chase-security-check.4ltlqk46t.edu/el850,1
https://bbc.com/,1
https://sx7v-us.khanacademy.org/news,0
http://bankofamerica.com@sg0j3vak.top/password-reset,1
https://help.spotify.com/user/api,0
https://hu3u6r.io/j31,1
http://prj8-alert-usps-secure.tk/login.php,1
https://google.com/settings?utm_medium=5x8w9&utm_term=0e776&utm_campaign=f46zd,0
https://salesforce.com/user?utm_campaign=n9quo&utm_medium=guynd&utm_source=pa4z7,0
https://python.org/docs,0
https://docs.nytimes.com/api/support,1
https://accounts.apple.com/account,0
https://docs.harvard.edu/settings/learn,0
https://adobe.com/blog?utm_source=4ob8o&utm_term=vkgf8&utm_medium=07ssk,0
http://86.177.170.167/paypal/confirm/q1x957,1
https://cloudflare.com/,0
http://reddit.com/download,0
https://coursera.org/news?id=62355,0
https://adobe.com/settings?utm_term=xme4d&utm_medium=65ncd&utm_campaign=jfbj3,0
https://z20ogf.net/pfd,1
http://secure-usps-eprm-confirm.tk/login.php,1
http://nasa.gov/news,0
https://who.int/,0
https://z4xnue.net/pq5,1
https://secure.salesforce.com/billing,0
http://89.70.193.23/binance/update/6nm597,1
https://spotify.com/about/articles,0
https://7ksc48k.gov/wallet,1
https://netflix.com/,0
https://binance-wallet.io/,1
https://python.org/,0
https://netflix.com/learn/index?id=88940,0
https://pvig1li.gov/login,1
http://239.110.67.195/paypal/unlock/zo89jj,1
https://ts2qy.co/binance/login,1
http://tinyurl.com/ngwd495,1
https://wellsfargo-verify.co/,1
http://secure-billing-netflix-sm1l.zip/login.php,1
https://netflix-secure.io/,1
https://prnlk.edu/confirm,1
http://wikipedia.org/download/careers,0
https://mit.edu/,0
https://microsoft.com/blog/features/api,0
http://microsoft.com/about,0
http://t.co/seodqc8,0
http://unlock-coinbase-fvkk-secure.review/login.php,0
https://apple-alert.net/,1
https://www.coursera.org/contact/news,0
http://bankofamerica-confirm.j6f6lz.io/xsbde,1
https://6ame-eu.cloudflare.com/settings/support,0
https://jyp7.io/usps/unlock,1
https://shop.microsoft.com/user,0
https://uozd06.net/suspend,1
https://un.org/blog/features/user?id=94080,0
https://cloudflare.com/,0
http://netflix-password-reset.2j8vv8y5.tk/phycj,1
https://www.microsoft.com/settings/products,0
https://ypbs-cdn.spotify.com/features/articles/download,0
https://scuf4e2.net/outlook/suspend,1
https://www.salesforce.com/user,0
https://nasa.gov/courses?utm_term=acipf&utm_source=rjaag&utm_campaign=8vfmi,0
http://185.199.220.217/ebay/suspend/5w2d1h,1
http://161.119.42.63/outlook/signin/nzpxgc,1
https://nytimes.com/features/api?id=23260,0
https://github.com/,0
http://webscr-secure-lowg-apple.co/login.php,1
https://adobe.com/blog?utm_medium=ql7zb&utm_source=sfn24&utm_campaign=4ko0j,0
https://python.org/,0
http://128.19.233.196/irs/support/tlqokf,1
https://nature.com/pricing/learn/api?id=17226,0
https://un.org/products/news?id=75425,0
https://docs.bbc.com/search/search,0
https://blog.nature.com/docs/about,0
https://help.un.org/contact,0
https://0p2u7f9.edu/outlook/confirm,1
http://kq77-secure-billing-netflix.kim/login.php,1
http://secure-5fl4-wallet-bankofamerica.work/login.php,0
http://secure-0maf-bankofamerica-webscr.gov/login.php,1
http://secure-pyzl-confirm-paypal.com/login.php,1
http://outlook-confirm.jpqm5i.click/0xghm,1
https://netflix.com/,0
https://ieee.org/,0
https://shop.cloudflare.com/index/products,0
https://shop.dropbox.com/support,0
https://salesforce.com/about/help/about?id=78526,0
http://binance-account-secure-o5rc.edu/login.php,1
https://netflix-security-check.edu/,1
http://s1tb-alert-secure-google.xyz/login.php,1
http://apple-webscr.g969.kim/2st4m,1
http://u2re-password-reset-secure-usps.io/login.php,1
http://outlook-unlock.qbh9d407h.edu/obeao,1
http://is.gd/7olakvn,1
https://un.org/,0
http://tinyurl.com/2j0ayv4,1
https://docs.spotify.com/news,0
https://shopify.com/download/blog/help?id=17173,0
https://nytimes.com/,0
http://update-ebay-secure-ugh8.org/login.php,1
https://xn--b2h08-inj.kim/amazon-signin,1
https://office365-login.edu/,1
http://126.4.63.67/usps/signin/b8s47u,1
https://sciencedirect.com/,0
http://221.174.49.196/bankofamerica/security-check/6i1riw,1
https://office365-login.gov/,1
https://dropbox.com/,0
http://tinyurl.com/3jc2te4,1
https://amazon.com/,0
http://ow.ly/ymdkow7,1
http://ow.ly/hylhrk4,1
https://cloudflare.com/,0
http://115.108.18.120/office365/suspend/bxhfcn,1
http://t.co/46csn8f,1
http://apple-webscr.7dyrc.click/dl67a,1
https://microsoft.com/features?utm_term=3mw5u&utm_medium=wejq2&utm_source=rfee4,0
http://usps.com@czztmkp5.org/suspend,1
https://oo5x-cdn.mit.edu/support/index,0
https://usps-security-check.net/,1
https://docs.github.com/index/search,0
http://ow.ly/0g73uk7,1
https://gxpcu6.io/password-reset,1
https://shopify.com/api?id=79333,0
https://z4tb3g.gov/xoo,1
https://xn--g49sf-1q3.cf/coinbase-wallet,1
http://dhl-update.0f0my24e.org/33ul0,1
https://docs.stackoverflow.com/settings/index,0
https://linkedin.com/,0
http://dhl.com@q8si5ts1.kim/support,1
https://auth.adobe.com/support,0
https://help.dropbox.com/learn,0
https://adobe.com/blog?utm_campaign=bgceh&utm_medium=nq8tn&utm_source=ogmol,0
http://tinyurl.com/4j0g5w0,1
https://xby6l.com/bankofamerica/confirm,1
https://harvard.edu/,0
https://khanacademy.org/articles/download/pricing,0
http://qs3u-secure-alert-google.top/login.php,1
https://qkz0-us.github.com/courses/settings/pricing,0
http://tinyurl.com/xpplfcg,1
https://nasa.gov/articles/pricing/pricing,0
http://goo.gl/r38dd4l,1
https://accounts.salesforce.com/signin,0
https://id.apple.com/support,0
https://microsoft.com/,0
https://www.stackoverflow.com/articles,0
https://netflix.com/download/learn,0
https://amazon.com/learn/api/user?id=63647,0
http://198.52.138.143/bankofamerica/alert/xzvz0x,1
https://apple.com/,0
http://office365-billing.m9ixjxsn.org/cmvpv,1
https://4jna-api.spotify.com/about/careers,0
https://xn--705sn-om9.ga/binance-webscr,1
http://wikipedia.org/user/index,0
https://mvg0-cdn.nature.com/features/about/download,0
https://harvard.edu/,0
https://nasa.gov/,0
http://54.13.131.207/bankofamerica/verify/asdk30,1
http://wellsfargo-secure-login-ed4o.io/login.php,1
https://shop.github.com/index/blog,0
https://1jhsu6t7.co/security-check,1
http://dhl.com@z1q47t71.edu/update,1
http://outlook-password-reset.uj6db.ga/mseo2,1
https://medium.com/user/careers/news,0
https://wikipedia.org/,0
https://binance-billing.io/,1
http://bankofamerica.com@uo097d91.top/login,1
http://paypal-billing.ry84.country/73hpw,1
https://8f3sr.org/secure,1
https://ik3fi09.com/account,1
http://179.245.31.220/instagram/verify/ib90xu,1
http://outlook.com@oa4b0s88.org/support,1
http://chase.com@z639d3ei.country/login,1
https://apple.com/,0
http://binance-account.mn6csg.com/e4fyd,1
https://shop.dropbox.com/docs,0
http://paypal-webscr.5a7y.ga/2vfsm,0
https://coursera.org/,0
https://help.github.com/help,0
https://help.amazon.com/help/api,0
https://my.wikipedia.org/billing,0
https://www.apple.com/contact,0
https://www.wikipedia.org/courses/index,0
http://secure-verify-chase-lpab.country/login.php,1
https://hm6o6dg.com/password-reset,1
https://my.medium.com/signin,0
https://google.com/,0
https://wvyf9mj.co/password-reset,1
http://142.154.221.116/irs/webscr/gqp10c,1
https://9cwppg8.net/account,1
https://adobe.com/blog/blog?id=40450,0
http://office365.com@9hxq9myf.edu/verify,1
http://234.82.207.37/apple/update/zld414,1
http://google.com@p29gsehx.zip/secure,1
https://h8lswm9.gov/secure,1
https://nytimes.com/blog?id=42907,0
https://stackoverflow.com/blog/careers/blog,0
https://umru74w0.edu/account,1
https://shopify.com/,0
https://help.microsoft.com/search,0
http://bankofamerica-suspend.uhlx.ga/pkiaz,1
http://netflix-suspend.2t7y9ccw.cf/x5nm7,1
http://48.137.23.230/netflix/support/d2z232,1
http://usps-password-reset.urz4n9v.gov/llg21,1
http://irs-wallet.3w8ad.xyz/ehe8g,1
https://help.google.com/api,0
http://amazon-security-check.2k3lh.io/p1b9z,1
https://docs.python.org/courses/docs,1
http://239.211.219.174/ebay/update/1gpy30,1
https://qnup-api.khanacademy.org/contact/settings,0
https://microsoft.com/,0
http://salesforce.com/articles/products,0
https://salesforce.com/features,0
https://medium.com/download?utm_medium=s1me4&utm_campaign=xla5g&utm_term=z27fh,1
https://blog.ieee.org/features,0
https://xn--b86ka-ngh.kim/chase-support,1
https://apple.com/index,0
https://nytimes.com/pricing/search/user,0
http://microsoft.com/user/articles,0
http://171.134.126.250/instagram/update/nugf93,1
https://linkedin.com/,0
https://rra9au.gov/paypal/webscr,1
https://www.bbc.com/about,0
https://medium.com/,0
https://pp3dl1x.edu/verify,1
http://alert-secure-y4cv-outlook.ml/login.php,1
http://dhl-wallet.olx4sto.io/o83jm,1
https://un.org/,0
https://yca7-api.reddit.com/careers/index/settings,0
https://docs.github.com/index,0
https://coursera.org/,0
http://bit.ly/24l1ijl,1
https://mit.edu/learn?utm_source=tvgcf&utm_term=camkz&utm_campaign=5grs7,0
https://docs.nytimes.com/about/docs,0
http://t.co/sk8zcf5,1
https://help.stackoverflow.com/contact/pricing,0
http://reddit.com/download/pricing,0
https://t5jp73.co/t6s,1
http://63.127.177.246/google/wallet/wlbgxy,1
https://tjao9a.com/binance/support,1
https://microsoft.com/,0
http://secure-i4n9-coinbase-webscr.kim/login.php,1
http://apple-suspend.sftriqjz5.work/b78dw,0
https://nasa.gov/user?id=45884,0
http://is.gd/ja0mv5i,1
https://help.linkedin.com/learn/articles,0
https://amazon.com/api/user/careers,0
https://blog.linkedin.com/articles,0
https://accounts.un.org/account,0
https://id.ieee.org/login,0
https://salesforce.com/api/blog,0
https://www.medium.com/news/features,0
https://harvard.edu/,0
https://shop.apple.com/articles,0
http://paypal.com@qwz76r7z.cf/secure,1
https://linkedin.com/,0
http://microsoft-billing.ka5o.xyz/b8eym,1
http://ugvr-secure-wallet-paypal.top/login.php,1
https://o6i5-api.shopify.com/blog/help/help,0
https://id.mit.edu/signin,0
https://www.netflix.com/careers/support,0
https://google.com/,0
http://101.2.150.167/paypal/login/trzgxa,1
https://shop.dropbox.com/docs,0
https://instagram-webscr.gov/,1
https://help.microsoft.com/courses/help,0
https://4el6b0fc.edu/alert,1
https://amazon.com/courses/products/courses,0
https://medium.com/courses/learn?id=20692,0
https://help.shopify.com/features,0
http://127.208.127.166/binance/support/7tbohb,1
http://158.135.5.55/bankofamerica/verify/j1neaf,1
http://251.33.69.8/binance/security-check/6i9nnd,1
https://github.com/user?id=92276,0
https://tohp8.co/confirm,0
http://microsoft.com@rab7uo7a.kim/secure,1
https://shopify.com/,0
https://4wy0.co/irs/login,1
http://apple-unlock.gwo7vd8e7.work/ery0r,1
http://shopify.com/help,0
http://secure-pj9a-update-bankofamerica.io/login.php,1
https://spotify.com/,0
https://salesforce.com/articles?id=70948,0
http://apple.com@71tw73da.edu/account,1
http://ow.ly/uustq4i,1
https://auth.cloudflare.com/verify,0
http://binance-verify.b8djp89pz.click/4aiw2,1
http://dhl-signin.6lopjcs.cf/1a7sy,1
https://www.nature.com/download/articles,0
https://help.github.com/careers/about,0
http://office365.com@8z5ekea0.zip/security-check,1
http://sciencedirect.com/news,0
https://nature.com/support/about,0
https://xn--a1kly-dne.ga/wellsfargo-wallet,1
https://xn--jrago-7v9.co/facebook-support,1
https://www.mit.edu/contact/careers,0
http://ebay.com@y427b619.country/verify,1
https://b4k8-static.nasa.gov/courses,0
https://xn--hdpw2-rof.io/irs-secure,1
https://shop.google.com/news/learn,0
http://chase.com@snebwf86.co/billing,1
https://xztetpet.com/update,1
https://khanacademy.org/articles?utm_medium=gc2dp&utm_source=cz2o8&utm_campaign=ndi6s,0
https://s6svltb.co/support,1
http://ow.ly/gkcwrs3,1
http://paypal-secure.e3s860.tk/iib08,1
https://sciencedirect.com/,0
http://tinyurl.com/huefize,1
http://ow.ly/7lrl9am,1
https://usps-password-reset.edu/,1
http://paypal-alert-iv23-secure.country/login.php,1
https://www.cloudflare.com/support,0
http://coinbase-webscr.2n9w.kim/ixj3s,1
https://q23oe.com/instagram/verify,1
https://xn--3bf5s-nu2.country/apple-secure,1
https://github.com/,0
http://nytimes.com/support,0
https://dropbox.com/news?id=21539,0
https://iydlgn.com/6b1,1
https://instagram-webscr.gov/,1
http://wellsfargo-secure.4fbpcno4.work/hze6v,1
https://salesforce.com/,0
https://khanacademy.org/search/index/index,0
https://bbc.com/articles/courses/blog?id=5398,0
https://znj1ko.edu/ubv,1
https://nature.com/,0
https://qdw8ev.com/apple/unlock,1
https://github.com/,1
http://paypal-webscr.nbp3.xyz/tcb1o,1
https://my.cloudflare.com/password-reset,0
https://nature.com/support/courses/features,1
https://shop.sciencedirect.com/api/learn,0
http://t.co/fqjkad3,1
http://85.185.235.147/dhl/signin/ph8bst,1
https://amazon.com/docs?id=52603,0
https://mit.edu/settings?utm_medium=ltfyx&utm_source=e9wq8&utm_campaign=p1yb3,0
https://stackoverflow.com/settings/help,0
https://nasa.gov/,0
https://medium.com/index/articles/download?id=62283,0
https://help.stackoverflow.com/search,0
https://nature.com/download,0
http://184.13.54.34/dhl/confirm/kg196c,1
https://q83g-eu.mit.edu/support/news/user,0
https://16wt-us.google.com/contact/contact/support,0
https://reddit.com/courses?utm_campaign=ss879&utm_term=mkp3v&utm_medium=a5lj7,0
https://174echs.gov/office365/verify,1
https://nasa.gov/help?utm_medium=pfb4t&utm_term=k3b33&utm_campaign=izlx3,0
https://wikipedia.org/,0
http://secure-signin-paypal-2462.click/login.php,1
https://coursera.org/courses/articles?id=97881,0
http://is.gd/ig7czap,1
http://7.99.127.243/amazon/signin/5o08ul,1
https://y2no-cdn.bbc.com/api,0
http://191.2.50.127/netflix/wallet/yqtfmp,1
https://blog.reddit.com/careers/news,0
https://vzlgjb.org/xqb,1
https://www.coursera.org/contact,0
https://nasa.gov/blog?utm_campaign=pk8wf&utm_source=rwymq&utm_medium=ce9w6,0
https://github.com/,0
http://ebay-verify.e6r7abdba.edu/fopdk,1
https://shopify.com/,0
https://nytimes.com/pricing/features/pricing,0
http://usps.com@q4zc9wia.com/webscr,1
https://docs.khanacademy.org/settings/products,0
http://48.185.102.7/paypal/security-check/z0xrnh,1
https://id.nytimes.com/login,0
http://netflix-secure-g702-secure.review/login.php,1
https://python.org/,1
http://202.72.51.173/coinbase/confirm/mh1fja,1
https://dropbox.com/api/news?id=45383,0
http://update-bc9h-secure-outlook.ml/login.php,1
https://nytimes.com/,0
https://id9o97.gov/t1f,1
https://stackoverflow.com/news/help/products,0
https://adobe.com/contact/index,0
http://222.31.180.69/netflix/billing/oseyyo,1
https://docs.medium.com/index/careers,0
https://python.org/,0
http://python.org/careers,0
http://paypal-security-check.nowlskm9.country/tq9ip,1
http://wellsfargo-login.2ozm3.xyz/w4c7e,1
https://reddit.com/,0
https://shop.adobe.com/settings/about,0
http://irs.com@s1w7v29x.edu/password-reset,1
http://instagram-alert-secure-sk2n.net/login.php,1
https://u4q7w.edu/bankofamerica/webscr,1
http://tinyurl.com/rdz5vqh,1
https://mit.edu/articles/settings,0
https://reddit.com/,0
https://shopify.com/help,0
https://dropbox.com/docs/learn,0
http://binance-r489-secure-password-reset.top/login.php,1
http://t.co/kzzl0nw,1
https://secure.sciencedirect.com/verify,0
http://052x-confirm-binance-secure.co/login.php,1
http://goo.gl/7ohulin,1
https://shopify.com/products/user/blog?id=83863,0
https://vckm-eu.google.com/user/about/api,0
https://coursera.org/,0
https://who.int/settings/pricing/news,0
https://docs.harvard.edu/search,0
https://ieee.org/,0
http://bankofamerica.com@m71h3hy9.org/update,1
https://paypal-billing.gov/,1
http://mf2x-alert-amazon-secure.work/login.php,1
https://www.cloudflare.com/docs/search,0
https://help.un.org/about/help,0
https://amazon-update.co/,1
https://wop5-api.stackoverflow.com/courses/news/courses,0
http://coinbase-billing.gzb7p.kim/tck63,1
http://hmxk-dhl-login-secure.click/login.php,1
https://www.google.com/contact,0
http://cloudflare.com/search/help,0
http://is.gd/5vqg7k5,1
http://138.115.15.92/irs/unlock/vq7acw,1
http://253.169.223.157/bankofamerica/update/yv2xm5,1
http://mit.edu/learn/help,0
https://dhl-confirm.net/,1
https://adobe.com/api/pricing/settings,0
http://224.2.14.7/apple/security-check/zfwx7w,1
https://shop.spotify.com/help/courses,0
http://chase-billing.6wiq6ss.zip/3asht,1
https://amazon.com/index?utm_campaign=2h9ev&utm_medium=pxjp5&utm_term=mzcwd,0
http://bankofamerica-verify.sdfyluv.org/mqxr3,1
https://nasa.gov/support,0
https://help.dropbox.com/user/blog,0
http://153.172.78.74/office365/password-reset/n1br86,1
https://www.sciencedirect.com/products/index,0
https://docs.coursera.org/careers/support,0
https://bbc.com/features/download?id=56641,0
https://shop.amazon.com/pricing/features,0
https://vxqs-eu.bbc.com/support,0
https://12s1v6.co/6hs,1
http://110.67.11.228/usps/signin/k9ai9b,1
https://salesforce.com/search/help,0
https://9kpr8l.org/ls3,1
http://tinyurl.com/8snnifp,1
https://xt1pmp.gov/g48,1
https://amazon-signin.gov/,1
http://paypal-kmx2-account-secure.zip/login.php,1
https://python.org/,0
http://45.61.174.85/coinbase/verify/pi54o5,1
https://www.sciencedirect.com/download/help,0
https://github.com/courses,0
http://bankofamerica.com@cabjz3wv.net/secure,1
https://www.amazon.com/api,0
http://tinyurl.com/gop7m43,1
http://49.29.20.197/paypal/billing/1uhwij,1
https://www.dropbox.com/contact/about,0
https://bankofamerica-wallet.org/,1
https://blog.nytimes.com/features,0
http://binance-verify.8oxmir4.net/7fhah,1
http://65.31.135.62/microsoft/webscr/6rin0n,1
http://is.gd/d04k0rk,1
https://secure.nature.com/password-reset,0
http://outlook-secure.yuuha70g3.gov/a56nn,1
http://ow.ly/gkmr8pl,1
https://id.wikipedia.org/verify,0
https://ieee.org/,0
https://microsoft.com/download/articles/index,0
https://xn--nl996-q84.xyz/microsoft-webscr,1
https://shopify.com/careers/user?id=59590,0
http://irs-verify.usbimgms.com/ly9my,1
http://chase-security-check.fyd2.gov/j2pl6,1
https://x0spj4nm.org/unlock,1
https://accounts.netflix.com/support,0
http://142.38.136.163/binance/update/89gzfo,1
https://khanacademy.org/learn/about/articles?id=85120,0
https://blog.coursera.org/courses/index,0
https://xn--22u35-14n.country/google-support,1
https://github.com/support?utm_term=582bc&utm_source=vdvcz&utm_medium=hn738,0
http://2.127.253.148/ebay/webscr/fqknvk,1
http://129.73.201.149/bankofamerica/update/mj890y,1
https://ieee.org/,0
http://facebook-webscr.aaagf3yvn.co/lst7p,1
https://shop.sciencedirect.com/contact,0
https://cloudflare.com/,0
https://bbc.com/contact/features/articles,0
https://xn--gqwt3-cus.co/bankofamerica-account,1
https://shopify.com/products?utm_campaign=tyzme&utm_source=pgthc&utm_term=w81xe,0
https://adobe.com/careers/help/support,0
https://docs.stackoverflow.com/about,0
http://2zmq-outlook-secure-login.io/login.php,1
https://av8kzhh.com/netflix/verify,1
http://201.163.80.193/bankofamerica/login/eijjcp,1
https://instagram-alert.org/,1
http://secure-wellsfargo-faha-security-check.io/login.php,1
https://amazon.com/courses/contact,0
https://adqi-api.netflix.com/careers/pricing,0
http://55.150.127.27/facebook/account/chbrrn,1
http://confirm-chase-secure-tzd2.gov/login.php,1
https://idwpd.gov/unlock,1
http://irs.com@jx1s1s5e.edu/unlock,1
https://id.github.com/signin,0
http://dhl.com@93k5syll.ga/confirm,1
http://47.241.53.230/microsoft/security-check/6ic3we,1
http://wellsfargo.com@8dwf7nqm.co/secure,1
http://is.gd/g8we06n,1
https://nytimes.com/download/api?id=5784,0
https://amazon.com/support/careers?id=24465,0
https://nytimes.com/careers/courses,0
https://docs.sciencedirect.com/articles/settings,0
http://paypal.com@o1aera9e.xyz/verify,1
https://827ad.io/wallet,1
https://nature.com/courses?utm_source=zmnyh&utm_medium=fl67h&utm_campaign=knh5w,0
http://bankofamerica-wallet.5l4k.edu/aq18e,1
http://office365-login.6psq.com/jvhf6,1
http://dhl.com@wmtaxos5.top/signin,1
http://binance.com@0y1a0nwt.io/password-reset,1
https://shop.netflix.com/about,0
http://tinyurl.com/r2gog0u,1
http://amazon.com@5t3vr5m2.work/signin,1
https://www.shopify.com/user/docs,0
https://google.com/,0
http://binance.com@0ky0kjmh.io/login,1
https://id.linkedin.com/billing,0
http://70.29.141.201/wellsfargo/account/f8so4d,1
https://shop.nasa.gov/news,0
https://www.nasa.gov/about/courses,0
https://chase-verify.gov/,1
http://office365.com@c6sp100s.cf/suspend,1
http://ujw5-coinbase-secure-password-reset.gov/login.php,1
http://149.92.38.236/microsoft/security-check/gszjd5,1
https://www.python.org/features,0
https://www.github.com/settings,0
https://wikipedia.org/,0
https://nasa.gov/,0
http://binance-webscr.t8e8j3.com/lhpy3,1
https://rdqj.org/amazon/webscr,1
https://bbc.com/careers?utm_term=okc5c&utm_campaign=6pr6r&utm_medium=j15t8,0
http://nature.com/learn,0
https://glxw6r.io/ru2,1
http://ow.ly/k37hjc3,1
http://irs-secure.2g862.cf/w72vd,1
https://linkedin.com/download/courses/search?id=74511,0
https://docs.shopify.com/user,0
https://www.nature.com/features/help,0
http://171.182.135.165/outlook/security-check/kpdd24,1
https://coursera.org/learn/docs/features?id=72804,0
http://idj8-paypal-secure-wallet.com/login.php,1
https://guwpju.com/security-check,1
https://amazon.com/about/pricing,0
http://facebook-alert.xvyims.click/50t0e,1
http://215.38.40.113/wellsfargo/signin/1gw9qj,1
http://49.139.245.170/facebook/update/3kgihx,1
https://reddit.com/index/pricing?id=46382,0
https://www.spotify.com/learn/support,0
http://goo.gl/d6wjbzp,1
https://chase-account.org/,1
https://shop.nature.com/download/search,0
https://shopify.com/,0
https://stackoverflow.com/settings/download/blog?id=5827,0
https://microsoft.com/,0
http://jrhk-update-office365-secure.zip/login.php,1
http://nytimes.com/learn,0
http://tinyurl.com/qf09v6q,1
https://www.nytimes.com/blog,0
http://ow.ly/e14msje,1
https://nature.com/,0
http://coursera.org/settings,0
http://t.co/cq406d9,1
https://142jpy2.io/wallet,1
http://166.121.197.1/outlook/signin/ni9cpj,1
https://adobe.com/support,0
http://bit.ly/6oq5jjg,1
http://wellsfargo.com@o6kxxoyo.top/secure,1
http://chase-verify.4mrft7vd.ml/k3xb7,1
http://secure-umvx-office365-password-reset.ml/login.php,1
http://bankofamerica-secure.8joto.xyz/2gsls,1
https://www.microsoft.com/search,0
https://shopify.com/,0
https://reddit.com/,0
http://nytimes.com/learn/blog,0
http://coinbase-suspend.6ah2wdg.ml/34wr2,1
https://secure.un.org/password-reset,0
https://help.github.com/index,0
http://210.229.149.178/instagram/unlock/2aq86o,1
http://wellsfargo-unlock.uj14t97pv.org/fh22p,1
https://nasa.gov/,0
https://375k-us.sciencedirect.com/learn/support,0
https://github.com/,0
https://qq8vhwqr.org/signin,1
http://microsoft.com@c85tcl8o.ml/secure,1
http://tinyurl.com/gsicqg5,1
https://docs.un.org/blog/settings,0
https://jd1y21.edu/usa,1
http://bit.ly/ymrq3ar,0
https://shop.adobe.com/docs,0
http://facebook.com@tqwbolmh.zip/signin,1
https://help.harvard.edu/help,0
https://www.mit.edu/user/user,0
https://www.shopify.com/articles,0
https://www.bbc.com/user/features,0
http://nasa.gov/download/contact,0
https://m27uf.net/suspend,1
http://goo.gl/wkn7xkh,1
https://wikipedia.org/,0
http://135.95.247.33/bankofamerica/password-reset/o9rhys,1
https://v4skf9.gov/tlt,1
https://microsoft.com/user/features/user,0
https://ci8w-cdn.stackoverflow.com/news/search,0
https://accounts.salesforce.com/login,0
http://microsoft-login-secure-kmzk.net/login.php,1
http://179.38.223.246/facebook/verify/1gpvc0,1
https://www.nature.com/user/index,0
https://docs.who.int/docs/pricing,0
https://xn--6t9ho-vga.top/google-account,1
http://96.249.254.189/wellsfargo/security-check/58xsu4,1
http://dhl-support.b12m7.work/5ucj4,1
http://netflix.com/pricing/about,0
https://spotify.com/,0
https://auth.coursera.org/signin,0
https://shopify.com/pricing/search/docs,0
https://adobe.com/,0
http://outlook.com@l7av4l6p.gov/alert,1
http://123.189.59.253/apple/wallet/ireosp,1
http://microsoft.com@l86hxfr2.work/billing,1
http://binance.com@0ntl9omi.org/security-check,1
http://102.28.35.209/apple/update/jnk90h,1
http://247.102.6.179/google/webscr/zluecr,1
https://docs.ieee.org/blog,0
https://dhl-confirm.org/,1
https://adobe.com/careers?utm_term=tosr9&utm_campaign=hkoc8&utm_medium=pscjr,1
https://7v055e.com/sxy,1
https://oqwywh.io/coinbase/signin,0
http://office365.com@hvtiwtj6.ga/secure,0
https://ieee.org/support/docs/blog?id=58322,0
https://help.un.org/articles,0
http://8b5o-office365-secure-wallet.gov/login.php,1
http://instagram.com@bgtcv1va.co/unlock,1
http://nytimes.com/search,0
http://t.co/g44pkz8,1
https://who.int/,0
https://linkedin.com/learn/products,0
https://fxzmq.io/apple/verify,1
https://help.netflix.com/pricing,0
https://nasa.gov/about?id=75846,0
https://linkedin.com/api,0
http://secure-qa7a-google-suspend.edu/login.php,1
https://blog.wikipedia.org/pricing/products,0
https://blog.shopify.com/articles/settings,0
https://python.org/,0
https://xn--tq54l-brv.click/instagram-suspend,1
https://un.org/pricing,0
http://ow.ly/4qoomtn,1
http://binance-security-check.qx0amh.work/806yx,1
https://5jpyo.co/security-check,1
https://id.shopify.com/signin,0
https://blog.amazon.com/learn/docs,0
http://60.58.101.143/office365/alert/ycpe0c,1
http://netflix-update.2i1gbvr.ga/ckybl,1
http://wellsfargo-alert.l0bb.zip/k12rv,1
http://182.187.198.198/office365/billing/7rcef3,1
http://binance-support.a7wyl.edu/ylolr,1
http://dhl.com@b2m63v1u.cf/webscr,0
https://www.nature.com/courses,0
http://194.80.110.254/office365/wallet/uf8s1x,1
https://e3rzxz.org/7jx,1
https://linkedin.com/search,0
https://shop.coursera.org/support/courses,0
http://dhl.com@zh5lr3i5.ml/unlock,1
http://secure-paypal-djxg-security-check.xyz/login.php,1
https://python.org/,0
https://blog.medium.com/careers/courses,0
https://nasa.gov/articles/news,0
http://119.201.175.198/binance/password-reset/76znlg,1
https://harvard.edu/articles/news?id=13727,0
https://zf164.io/confirm,1
http://paypal.com@3vakrhob.click/unlock,1
http://2.65.181.253/netflix/confirm/wot26k,1
https://4t08yp.gov/alert,1
https://microsoft-update.io/,1
https://lze3.edu/binance/suspend,1
https://dropbox.com/user,0
https://www.shopify.com/news/support,0
https://spotify.com/user?utm_medium=fdnhh&utm_source=fiylh&utm_campaign=lqs3e,0
http://usps-support.itr3rylu.com/20iq0,1
https://www.medium.com/learn/courses,0
http://t.co/szv6895,1
http://medium.com/download/articles,0
https://nasa.gov/,0
http://webscr-secure-kdg6-google.zip/login.php,1
https://nasa.gov/,0
https://help.reddit.com/articles,0
https://bankofamerica-confirm.org/,1
http://secure-chase-confirm-vqmr.co/login.php,1
https://apple-verify.edu/,1
http://un.org/features/user,0
https://microsoft.com/features/contact/help,0
https://shop.python.org/support,0
https://github.com/,0
https://1o2kbm.io/2os,1
https://usps-security-check.edu/,1
https://khanacademy.org/,0
https://auth.mit.edu/verify,0
https://my.who.int/support,1
https://accounts.khanacademy.org/account,0
https://blog.who.int/courses,0
http://is.gd/l7y4gdz,1
https://www.wikipedia.org/user/settings,0
https://help.harvard.edu/about/user,0
http://harvard.edu/settings,0
https://help.medium.com/blog,0
https://un.org/support/settings,0
https://secure.python.org/account,0
https://nature.com/,0
https://my.github.com/signin,0
https://xuf9-api.amazon.com/contact/api/index,0
https://github.com/,0
https://1iqj1yo.gov/office365/account,1
http://bankofamerica-login.uz0caj69.org/vteee,1
https://google.com/,0
http://ebay-signin.7lq88.work/pftr1,1
https://nature.com/,0
http://bankofamerica-secure-4m3v-signin.io/login.php,0
http://security-check-bankofamerica-ec6m-secure.click/login.php,1
https://3a8s8z.edu/hh2,1
https://bbc.com/learn,0
https://sciencedirect.com/,0
http://chase-wallet.am6e817m.edu/kda3n,1
https://www.nature.com/articles/news,0
https://linkedin.com/about?id=53268,0
http://outlook-signin.slcuqd.net/xfxu0,1
https://xn--rvrxh-2om.net/irs-password-reset,1
https://harvard.edu/learn,0
http://goo.gl/k16b83o,0
http://ow.ly/uxr8v2v,1
https://harvard.edu/,0
http://goo.gl/8gz5m7n,0
http://amazon-signin.leh5dusy.review/yygq4,1
https://xn--k16ji-twd.gov/microsoft-secure,1
http://186.18.232.178/usps/wallet/2cbume,1
https://blog.wikipedia.org/search/search,0
https://zhvppa.net/9f8,1
https://linkedin.com/,0
https://q4lwa.edu/wallet,1
http://99.101.59.101/wellsfargo/webscr/t4l6ep,1
https://microsoft.com/,0
https://yn5me0.co/billing,1
https://0dmn-api.amazon.com/products/courses/careers,0
http://github.com/careers,0
http://74.167.172.33/irs/webscr/a3c55g,1
http://135.197.164.214/ebay/update/ftbazz,1
http://amazon-secure.i3kv.kim/23l1f,1
https://www.khanacademy.org/docs/articles,0
http://secure-facebook-signin-6h56.gov/login.php,1
http://facebook-webscr.u4rmngh0.ga/r28ze,1
http://paypal.com@by543vmi.tk/unlock,1
https://www.apple.com/support,0
https://nature.com/products/features/learn,0
http://apple-support.uop0c.co/gapeg,1
http://chase-8hx2-webscr-secure.tk/login.php,1
https://auth.reddit.com/account,0
http://apple.com@ukk4lr1u.edu/signin,1
http://77.243.44.89/amazon/password-reset/puixp2,1
http://goo.gl/1lv5717,1
https://adobe.com/pricing,0
https://amazon-signin.io/,1
https://vta74.net/login,1
https://x8c2-us.amazon.com/api,0
https://kjlxnv.io/1r0,1
http://suspend-secure-bankofamerica-h0ro.ga/login.php,1
https://salesforce.com/,0
http://bankofamerica-support.de6l6h.work/tnvnv,1
https://www.reddit.com/docs/support,1
https://cloudflare.com/download/contact,0
https://www.spotify.com/search,0
https://y4beq.co/unlock,1
https://svpt-cdn.wikipedia.org/news/contact/careers,0
http://harvard.edu/download,0
http://30.218.36.178/ebay/login/pv1ofz,1
https://id.wikipedia.org/verify,0
https://accounts.linkedin.com/signin,0
https://usps-confirm.com/,1
https://python.org/support?utm_term=26oc7&utm_medium=t3bd4&utm_source=z1g52,0
https://reddit.com/,0
http://alert-secure-qxhm-bankofamerica.org/login.php,1
https://1xjeij.net/zjq,1
https://9dn13y.edu/g33,1
http://usps-update.7mesch.zip/2hr4l,1
https://coursera.org/,0
https://7swi-eu.reddit.com/api/features/settings,0
http://tk3j-confirm-secure-dhl.org/login.php,1
http://4ond-signin-secure-apple.gov/login.php,1
http://48.147.150.34/office365/suspend/zom2cc,1
https://nytimes.com/about?id=23254,0
http://ow.ly/4o3exl5,1
https://xn--4i5s1-og6.click/google-billing,0
http://v2cd-secure-webscr-chase.co/login.php,1
https://xn--3swt1-zzl.click/binance-login,1
https://nytimes.com/settings/articles/settings?id=40286,0
https://jr3z-eu.wikipedia.org/about/contact,0
http://secure-office365-lb56-security-check.io/login.php,1
http://tinyurl.com/3gwv5j9,1
https://eoj7nc.edu/login,1
http://office365-account.tszmu8vif.xyz/fdh5k,1
https://auth.mit.edu/signin,0
https://nytimes.com/,0
https://docs.salesforce.com/products,0
https://secure.cloudflare.com/billing,0
http://office365-security-check.vgtz.review/a2m5l,1
https://usps-password-reset.net/,1
https://bbc.com/,0
https://t2uihe.org/2u1,0
http://facebook-account.1myg7txr.cf/rg8o6,1
https://stackoverflow.com/products/settings/about,0
https://r9epiq.org/login,1
https://57cvuc.com/tro,1
https://n3grclc5.com/confirm,1
https://blog.linkedin.com/features/user,0
http://184.233.48.109/usps/suspend/gt7ebv,1
https://salesforce.com/products?utm_campaign=wt4q2&utm_source=zvcbq&utm_medium=f66v1,0
https://spotify.com/,0
https://uvtra.org/login,1
https://shopify.com/learn/articles/download,0
https://help.cloudflare.com/learn/courses,0
https://nature.com/download/download,0
https://xn--mldxa-1wc.com/microsoft-wallet,1
https://nrlfhkg.io/account,1
http://bankofamerica.com@i6e5j4lr.edu/account,1
https://docs.coursera.org/products,0
http://is.gd/jjrtf2w,1
https://iepx-api.shopify.com/features/blog,0
https://binance-account.co/,1
https://shopify.com/contact?utm_term=5l8fk&utm_campaign=hyowd&utm_source=t1di1,0
http://apple.com@twkursve.kim/support,1
https://hy6ls33.com/login,1
http://83.188.128.17/ebay/signin/qg592t,1
http://wellsfargo-account.rnvt.top/xymz4,1
https://cloudflare.com/settings?utm_source=rad5s&utm_campaign=owomq&utm_medium=igct2,0
https://g0r3.gov/chase/confirm,1
http://tinyurl.com/o0k6kuv,1
https://hp2f0u.com/rkn,1
https://my.apple.com/support,0
https://spotify.com/news?utm_source=8r119&utm_term=5nama&utm_medium=j6vnk,0
http://instagram-billing.1ijx.kim/8creq,1
https://un.org/,0
http://netflix-password-reset.mzkd3r69.co/quely,1
https://wrdpx2.com/update,1
http://binance.com@sfvu58gp.xyz/security-check,1
http://secure-upzi-verify-office365.io/login.php,1
https://chase-confirm.com/,1
https://xn--g05gt-ik2.click/instagram-security-check,1
https://medium.com/settings/learn,0
http://96.34.177.236/facebook/security-check/109s9d,1
https://5uu7s.com/signin,1
http://outlook.com@wvxi0huh.zip/webscr,1
https://who.int/user?utm_medium=39xlj&utm_campaign=8lpau&utm_source=kr6b6,0
https://netflix.com/blog/support,0
http://193.8.123.214/chase/login/xp4fsk,1
https://harvard.edu/index?utm_term=bygz9&utm_campaign=dswbw&utm_source=kfejd,0
https://shop.apple.com/support,0
http://apple.com@tibxruxr.zip/suspend,1
https://apple.com/support/user?id=1778,0
http://wallet-paypal-5cr4-secure.country/login.php,1
https://sciencedirect.com/,0
https://medium.com/courses,0
http://confirm-facebook-secure-bbqm.country/login.php,1
https://who.int/,0
https://nasa.gov/settings/pricing/settings?id=37804,0
https://www.amazon.com/support/careers,0
https://8452svr.com/webscr,1
https://usps-billing.gov/,1
http://5uqm-wallet-instagram-secure.net/login.php,1
https://harvard.edu/,0
https://google-support.io/,1
https://linkedin.com/download/api/pricing,0
https://ftl5iaw.com/ebay/billing,1
https://54rlnnu.io/binance/update,1
http://coinbase.com@lgcg5i5r.ml/unlock,1
https://www.salesforce.com/news,0
https://9sq2xom.edu/verify,1
https://xn--oag6c-75i.net/facebook-wallet,1
https://www.reddit.com/news,0
https://3h8dm77.co/webscr,1
http://dhl-wallet.c8asu.ga/nmqnb,1
https://netflix.com/help/contact,0
https://microsoft.com/,0
https://www.google.com/news,0
http://chase-login.b37fcecgi.net/ss7ax,1
http://230.60.134.187/usps/login/jjn9kl,1
https://xn--3y6we-0sd.top/netflix-support,1
https://docs.python.org/api,0
https://www.ieee.org/blog/docs,0
https://docs.mit.edu/docs,0
https://github.com/careers/careers,0
http://coinbase-signin.o0ne.gov/oq2jg,1
https://xn--v6eni-1gm.kim/bankofamerica-support,1
https://adobe.com/,0
https://mq7m-api.amazon.com/api/settings/products,0
https://help.netflix.com/download,0
https://yv69o.co/bankofamerica/support,1
http://bit.ly/ab9tgzj,1
https://www.python.org/blog,0
https://9ssl6kpe.edu/alert,1
http://tinyurl.com/tgkzcnv,1
http://apple.com@7tmwd5rx.zip/update,1
https://bbc.com/,0
https://sihtzg.com/ebay/password-reset,1
https://apple.com/,0
https://docs.apple.com/courses/download,0
https://www.cloudflare.com/pricing,0
http://172.63.196.127/binance/alert/n985jq,1
https://accounts.medium.com/password-reset,0
https://377s69ax.gov/secure,1
https://xn--cmvbn-ric.org/apple-signin,1
https://bankofamerica-verify.io/,1
https://my.netflix.com/account,0
https://id.github.com/account,0
http://support-xrpa-secure-coinbase.cf/login.php,1
https://shop.apple.com/blog,0
http://p6bs-password-reset-secure-apple.com/login.php,1
http://216.131.239.6/microsoft/webscr/f08c3p,1
https://z52x-eu.amazon.com/index/docs,0
http://nasa.gov/search/courses,0
http://g612-coinbase-secure-wallet.net/login.php,1
https://stackoverflow.com/,0
http://paypal-security-check.u1jl2hk0b.io/iyeh9,1
http://coinbase.com@qzr4j6ns.ml/alert,1
http://coinbase-webscr.sb2y.click/kyyul,1
https://dropbox.com/user/settings/pricing,0
http://google-account.spuh.io/th38f,1
http://27.43.27.31/facebook/account/6sykpg,1
https://www.netflix.com/courses,0
https://github.com/,0
http://chase-signin.8puc.zip/sdssq,1
https://my.apple.com/password-reset,0
https://chase-update.co/,0
https://google.com/download,0
http://apple-signin.1pkoykxm.click/271nc,0
http://yu69-update-netflix-secure.edu/login.php,1
https://qkzjc1.co/support,1
https://nasa.gov/,0
https://blog.khanacademy.org/about/search,0
http://dhl.com@wm02gg5h.ml/webscr,1
https://secure.shopify.com/password-reset,0
https://google.com/,0
http://amazon.com/pricing/blog,0
https://cloudflare.com/docs/contact/careers?id=15457,0
https://jew008.org/update,1
http://tinyurl.com/mqtvjaq,1
https://accounts.linkedin.com/billing,0
http://apple-security-check.0ixln.edu/icz0j,1
https://64z6ba.com/431,1
https://42j3fe.io/puz,1
https://shop.microsoft.com/support,0
https://shopify.com/learn?utm_term=6xckf&utm_medium=wun9p&utm_source=b53vu,0
https://google.com/,0
https://cloudflare.com/,0
https://cumpak.edu/vj1,1
https://help.cloudflare.com/index/blog,0
http://ebay.com@96nocqs8.review/suspend,1
http://50.200.173.175/ebay/alert/pqq10z,1
https://xn--fgfnb-4o0.co/office365-alert,1
https://outlook-verify.com/,1
http://124.21.187.59/netflix/confirm/jbdtyy,1
https://amazon.com/,0
https://auth.reddit.com/account,0
https://who.int/,0
https://blog.salesforce.com/support/api,0
https://python.org/learn/api,1
https://help.ieee.org/careers,0
https://github.com/courses?utm_medium=ci0za&utm_campaign=qvdx1&utm_term=mle4s,1
https://python.org/,0
https://secure.google.com/login,0
http://goo.gl/kvyambi,1
https://python.org/,0
http://microsoft-secure.ii8k.country/c4svw,1
https://adobe.com/courses,0
https://www.adobe.com/index,0
https://who.int/news,0
https://ebay-wallet.co/,1
https://wikipedia.org/,0
https://coursera.org/,0
http://instagram-verify.n3dd51n.ml/nblkw,1
https://spotify.com/products?utm_medium=8ihn6&utm_source=08k49&utm_campaign=q2i1q,0
http://182.231.34.244/chase/security-check/rbjqh6,1
http://microsoft-signin.byo7j.net/erui8,1
http://instagram-alert.19l64.review/yw2xw,1
https://salesforce.com/,0
http://ow.ly/y6kz6wu,1
http://apple-security-check-ipc1-secure.net/login.php,1
https://coursera.org/,0
http://microsoft-update.hmbvkaz.zip/rbef2,1
https://7uvk-us.github.com/search/pricing,0
http://amazon-billing.b5aophwz.cf/04avm,1
https://spotify.com/careers?utm_term=nwpda&utm_campaign=v8u1f&utm_source=xs2pf,0
http://adobe.com/blog/download,0
https://irs-security-check.gov/,1
http://outlook.com@5dmqudx8.ga/alert,1
http://ebay.com@c500t837.gov/wallet,1
https://paypal-password-reset.org/,1
http://linkedin.com/search,0
http://12.98.203.144/outlook/login/lrjp42,1
https://4gsl3c.gov/netflix/billing,1
http://netflix.com@opq86yut.kim/wallet,1
http://bankofamerica-login.f1vhu.review/x13pm,1
https://mit.edu/features/learn/about?id=81871,0
https://python.org/,0
http://security-check-secure-gja9-google.work/login.php,1
https://xn--85lhm-8mb.tk/paypal-signin,1
http://apple-signin-8fs2-secure.gov/login.php,1
https://medium.com/help/features/settings?id=7127,0
http://202.130.81.233/google/account/d22cin,1
https://secure.medium.com/signin,0
https://qr2qaev9.io/verify,1
https://harvard.edu/,0
https://85itu6.com/1xn,1
https://nytimes.com/,0
http://update-secure-microsoft-zadn.io/login.php,1
http://apple-unlock.2crmf.xyz/wkhf5,1
https://1bzs-cdn.coursera.org/courses/articles/articles,0
https://google-unlock.com/,1
https://bbc.com/,0
http://secure-nlm8-update-dhl.click/login.php,1
https://my.nytimes.com/password-reset,0
http://khanacademy.org/about/features,0
https://shop.reddit.com/docs,0
http://z2of-binance-secure-unlock.country/login.php,1
https://id.wikipedia.org/signin,0
http://bit.ly/e3w8arx,1
https://coursera.org/,0
https://v1k4ly.edu/secure,1
http://outlook-support.hro83.org/dyhev,1
https://microsoft.com/news/user/user,0
http://tinyurl.com/965j3xt,1
http://coinbase-signin.lj8hrdnm.top/q43wp,1
https://z3cmd5.org/alert,1
https://wikipedia.org/download/courses/features,0
http://binance.com@44bi95q9.ml/support,1
https://ieee.org/,0
https://shop.who.int/docs,0
http://239.150.198.244/amazon/signin/6qq0ui,1
https://harvard.edu/download/articles?id=60951,0
https://salesforce.com/download,0
https://docs.microsoft.com/news,0
https://mit.edu/,0
http://secure-update-fuz6-chase.work/login.php,1
https://docs.adobe.com/settings/api,0
https://spotify.com/,0
https://khanacademy.org/learn?id=66174,0
https://nature.com/,0
http://goo.gl/ywxte39,1
https://microsoft.com/,0
https://shopify.com/pricing?utm_medium=xpl4m&utm_source=uiseb&utm_term=n33p2,0
http://coinbase.com@gnrehij8.net/wallet,1
https://atq3xbg.edu/webscr,1
https://secure.who.int/password-reset,0
http://google.com@5h669rj3.co/billing,1
https://dhl-login.com/,1
https://wikipedia.org/,0
https://ieee.org/,0
http://64.128.233.227/instagram/account/s2777j,1
https://bbc.com/contact/settings/features,0
https://nasa.gov/,0
https://medium.com/articles/index/support?id=85930,0
https://blog.harvard.edu/settings/articles,0
https://ynlr5c.com/unlock,1
http://apple-login.9ggoicoz.review/bzbmo,1
http://240.48.32.198/paypal/account/jp2aoj,1
http://login-pld1-secure-dhl.work/login.php,1
https://linkedin.com/help/about,0
https://nasa.gov/about?utm_term=kuyro&utm_campaign=q4hi8&utm_source=5fvoe,0
http://70.91.167.99/coinbase/update/3s2uck,1
https://accounts.reddit.com/login,0
http://9.67.84.96/facebook/confirm/46z8vl,1
http://instagram-verify.466537.gov/96tw6,1
https://www.linkedin.com/news/articles,0
http://irs.com@byv3on7f.gov/signin,1
https://microsoft.com/download/articles/features?id=3851,0
https://dbn2yzc.com/confirm,1
https://who.int/help?utm_campaign=tzn82&utm_medium=agsux&utm_term=5aopq,0
https://blog.wikipedia.org/help,0
http://irs.com@q75jpv7m.com/secure,1
http://ebay.com@vbuh9in3.tk/security-check,1
http://ow.ly/4z6ej36,1
https://ieee.org/articles,0
https://vzsj20m.gov/coinbase/billing,1
https://khanacademy.org/download/index?id=88252,0
http://wellsfargo-webscr.9s6e.ga/23qvu,1
https://864msb.io/dhl/signin,1
https://docs.stackoverflow.com/docs,0
https://shop.nasa.gov/learn,0
https://amazon.com/careers/courses/api,0
https://salesforce.com/,0
https://xn--4dtun-718.co/office365-account,1
https://blog.google.com/courses,0
http://github.com/learn/careers,0
https://apple.com/,0
http://dhl-secure-ra6y-alert.ga/login.php,1
http://google-confirm.eaw3tc.work/yulwn,1
https://tta9s5.co/password-reset,1
https://netflix.com/user?utm_campaign=2i14z&utm_medium=xrf6k&utm_term=6g2r5,0
http://ebay-security-check.sqxgqu.top/jeaic,1
http://dhl-suspend.fzcms65.review/oeg1c,1
http://125.173.158.173/wellsfargo/wallet/rpsc3e,1
http://14.229.196.38/usps/unlock/mjw6z6,1
https://spotify.com/download/features,0
https://shop.un.org/courses/learn,0
https://nytimes.com/settings/pricing,0
http://wellsfargo.com@gd85314s.gov/webscr,1
https://harvard.edu/features?utm_medium=u4l5g&utm_campaign=tcyfd&utm_source=vw10h,0
https://tqxr-eu.linkedin.com/about/products,0
http://bankofamerica-security-check-secure-6p0v.top/login.php,1
http://253.164.213.204/microsoft/webscr/4oxfus,1
https://facebook-login.org/,1
https://shopify.com/download?id=47750,0
https://shopify.com/news/news/settings?id=91484,0
https://google-billing.net/,1
https://docs.spotify.com/help/features,0
https://nasa.gov/,0
https://shopify.com/blog/about,0
https://netflix-account.edu/,1
http://irs-8yoj-password-reset-secure.top/login.php,1
http://dhl-support.qw7a1g.tk/72dbf,1
https://i27k8k.net/login,1
https://xn--vowsk-n2k.com/apple-confirm,1
http://chase.com@yfcn9jhh.com/update,1
https://reddit.com/learn/courses,0
https://amazon.com/pricing/courses,0
http://103.74.54.227/amazon/verify/123sq3,1
https://netflix.com/contact,0
https://www.khanacademy.org/contact,0
https://xn--p83k2-93y.edu/office365-security-check,1
http://office365.com@buoztrpq.net/security-check,1
http://y27v-coinbase-secure-signin.cf/login.php,1
https://wikipedia.org/,0
https://salesforce.com/index,0
https://wikipedia.org/index/learn/search,0
http://secure-usps-qc29-suspend.top/login.php,1
https://www.nasa.gov/user/search,0
http://t.co/5s1ro6v,1
http://microsoft.com/api/user,0
https://t6qa.io/dhl/login,1
http://25.227.218.79/usps/verify/6okqcz,1
https://coursera.org/,1
https://shopify.com/,0
https://stackoverflow.com/,0
http://google.com/download/download,0
https://nature.com/,0
https://xn--i25za-qcl.co/netflix-password-reset,1
https://coursera.org/,0
https://reddit.com/,0
https://dhl-security-check.net/,1
https://microsoft-support.org/,1
http://binance-verify.lt1dy.country/o6g7a,1
https://l73nj.co/bankofamerica/alert,1
http://247.18.16.13/binance/login/jqu771,1
https://a3hni.io/account,1
https://www.python.org/about/api,0
https://stackoverflow.com/,1
http://tinyurl.com/jav7kb4,1
https://4gpypv.gov/fft,1
https://shopify.com/,0
https://z6a8-eu.wikipedia.org/blog/help,0
http://google.com@o1azu16g.country/secure,1
https://www.dropbox.com/pricing,0
https://mit.edu/user/pricing,0
http://ejq0-facebook-unlock-secure.cf/login.php,1
https://9m2pzu.io/support,1
http://alert-secure-zogv-office365.ga/login.php,1
https://kw4u-us.salesforce.com/blog/articles/settings,0
https://cloudflare.com/,1
https://niof-us.stackoverflow.com/index,0
https://google.com/,0
http://is.gd/za8wwci,1
https://spotify.com/,0
http://paypal.com@ryvxgfk9.top/suspend,1
http://42.74.81.221/apple/login/zabgk4,1
http://112.134.73.132/ebay/confirm/nuydaa,1
http://paypal-webscr.rm4kq.org/il2ms,1
http://7dx8-secure-amazon-confirm.country/login.php,1
https://y8g907.net/confirm,1
https://wikipedia.org/,0
https://help.stackoverflow.com/pricing,0
http://secure-sjqi-facebook-secure.ga/login.php,1
https://xn--35d3x-g7z.zip/outlook-account,1
https://zq9k-api.who.int/docs,0
https://apple.com/user/index,0
https://microsoft.com/,0
https://7wbv0.net/billing,1
http://2na3-secure-coinbase-suspend.com/login.php,1
http://khanacademy.org/api,0
https://acrf-eu.linkedin.com/contact/settings/about,0
https://github.com/news?utm_source=l8rz3&utm_medium=kad3m&utm_term=rlmc3,1
https://1xnvvw.org/rxd,1
http://23.251.192.161/irs/signin/w0oog7,1
https://wiaxpvqf.net/update,1
https://paypal-update.com/,1
https://www.google.com/search/user,0
https://www.un.org/help/learn,0
http://facebook-webscr.pmtye.net/36g54,1
https://github.com/,0
http://netflix-update.67y1.zip/zeg72,1
https://www.nasa.gov/index/help,0
http://office365-secure-wallet-3xid.click/login.php,1
https://spotify.com/,0
https://apple.com/news/courses/user?id=41796,0
https://8cap-cdn.adobe.com/blog,0
https://apple.com/,0
http://goo.gl/epqc3rf,1
https://dropbox.com/index/blog/courses,0
https://instagram-confirm.net/,1
http://instagram-support.awi7rp.kim/atspt,1
https://wikipedia.org/products/courses/careers?id=89205,0
http://ow.ly/v9q45cj,1
https://www.amazon.com/about/about,0
https://help.un.org/docs/api,0
https://auth.who.int/password-reset,0
http://nature.com/api/features,0
http://bankofamerica-unlock-secure-dasj.ml/login.php,1
https://wgaw-static.github.com/learn/articles,0
http://alert-bankofamerica-o0lt-secure.kim/login.php,1
https://irs-account.com/,1
https://un.org/support?utm_medium=wssag&utm_source=l64tp&utm_campaign=kuekl,0
http://coinbase-secure-itze-password-reset.click/login.php,1
http://office365-billing-6q5l-secure.review/login.php,1
https://help.reddit.com/user,0
http://google.com@l0ak49ry.ml/confirm,1
https://xn--12vxb-crm.edu/amazon-verify,1
http://arqm-facebook-signin-secure.top/login.php,0
https://google.com/products,0
https://paypal-account.edu/,1
https://docs.linkedin.com/download,0
http://218.176.49.95/google/verify/pnp1re,1
https://01e0z3y.co/verify,1
https://khanacademy.org/,0
http://ebay.com@vb7hzr94.gov/verify,1
https://my.github.com/verify,0
https://dropbox.com/careers?utm_source=cyxqb&utm_medium=wewpg&utm_campaign=vicw8,0
https://netflix.com/,0
https://medium.com/features/articles/docs,0
http://187.34.166.253/bankofamerica/signin/6pq60m,1
https://bbc.com/download/docs/pricing,0
https://blog.linkedin.com/blog/docs,0
http://binance.com@pnjcs7g0.com/confirm,1
https://www.coursera.org/articles,0
http://mit.edu/pricing/features,0
https://usoxe.org/outlook/wallet,1
http://dhl.com@i5q4a0xp.click/security-check,1
http://apple-password-reset.bff70.zip/z6l4k,1
http://binance-unlock.poybzj1m.cf/8johi,1
https://spotify.com/api/contact,0
https://nasa.gov/,0
https://salesforce.com/articles?utm_source=6kmoj&utm_term=g86ow&utm_campaign=l3e74,0
http://secure-billing-y59b-bankofamerica.top/login.php,1
https://zmiy0g.gov/wallet,1
https://sciencedirect.com/contact/settings?id=93604,0
http://126.52.70.131/dhl/security-check/d9uhqz,1
http://bit.ly/ju05plk,1
http://goo.gl/liid5yr,1
https://reddit.com/blog/pricing,0
https://binance-secure.org/,1
https://secure.nasa.gov/support,0
https://nature.com/careers/news,0
https://o0smxo.edu/hlg,1
http://unlock-secure-q3bu-outlook.kim/login.php,1
http://bankofamerica.com@poitaze7.click/account,1
http://binance.com@bswdtp6z.cf/verify,1
http://wellsfargo-security-check.7gtzl.io/psake,1
https://xfbcbny0.co/verify,1
https://blog.cloudflare.com/download/features,0
http://netflix.com@in8kkcxa.org/billing,1
http://94.22.122.105/office365/unlock/p60f9b,1
https://xn--fdcrj-6xz.gov/facebook-confirm,1
http://spotify.com/courses/support,0
http://wellsfargo.com@5esvv09l.org/password-reset,1
https://shop.nasa.gov/features/articles,0
http://paypal-wallet.890v.review/8ull6,1
https://linkedin.com/,0
https://khanacademy.org/,0
https://nytimes.com/about?utm_source=vbiac&utm_campaign=cjtxo&utm_medium=oepih,0
http://bankofamerica.com@vt4u2ego.work/unlock,1
https://salesforce.com/help?id=23256,0
https://my.python.org/login,0
https://blog.cloudflare.com/blog/pricing,0
https://48uwv20.com/dhl/support,1
http://paypal-secure-password-reset-iqdw.io/login.php,1
https://ib28qw7.net/chase/unlock,1
https://xpm75i.io/8pk,1
https://help.reddit.com/blog,0
https://xn--jvn0g-tro.cf/bankofamerica-secure,1
https://id.shopify.com/billing,0
http://j9jq-unlock-secure-binance.gov/login.php,1
http://update-apple-secure-6hqb.cf/login.php,1
https://harvard.edu/news?utm_source=aumiz&utm_campaign=bhhpf&utm_medium=ap8i4,0
http://t.co/i8bgdc0,1
https://coinbase-suspend.org/,1
https://dropbox.com/docs/careers/careers?id=55021,0
http://vugv-usps-secure-login.com/login.php,1
https://2jrt6p3j.edu/wallet,1
https://li8ouzc.io/suspend,1
http://confirm-chase-secure-wmoq.edu/login.php,1
https://xn--zervx-cfk.cf/wellsfargo-unlock,1
https://xn--m2oxa-lyl.top/google-password-reset,1
https://id.stackoverflow.com/billing,0
http://is.gd/kutv8m8,1
https://xn--yi5bz-xp9.cf/netflix-billing,1
https://my.ieee.org/signin,0
http://191.129.8.226/microsoft/billing/j647uk,1
https://linkedin.com/,0
http://coursera.org/pricing,0
https://oe45-cdn.python.org/contact/help,0
https://who.int/user/blog,0
http://microsoft.com@6vqhjyuv.gov/verify,1
http://facebook-signin.g5zywx.gov/0u0ac,1
https://nytimes.com/,0
https://netflix.com/,0
https://blog.apple.com/courses,0
http://is.gd/57qiowf,1
https://ovnishk.co/account,1
https://z6hwg.io/wallet,1
https://www.salesforce.com/news,0
http://microsoft.com@cwhnxzp3.ml/account,0
https://cloudflare.com/products/download/api,0
https://salesforce.com/careers,0
https://www.netflix.com/features/pricing,0
https://shop.reddit.com/learn,0
http://nature.com/docs/api,0
http://google.com@ej3vkn2g.edu/support,1
http://google.com@r6maoq7w.gov/alert,1
http://facebook.com@kcus62lh.ml/unlock,1
http://mit.edu/articles,0
https://coursera.org/api?id=27964,0
http://35.67.134.20/chase/webscr/5l5gne,1
https://ebay-password-reset.gov/,1
https://sciencedirect.com/,0
http://33.207.14.117/paypal/webscr/5s7ydl,1
https://shop.ieee.org/docs/index,0
https://www.un.org/about,0
https://my.microsoft.com/signin,0
https://ptlqwf.org/microsoft/billing,1
https://mcbf3oh.edu/confirm,1
https://dhl-support.net/,1
https://shop.coursera.org/download/courses,0
https://who.int/,0
http://202.154.62.161/chase/webscr/bgysxi,1
http://microsoft-alert.r0dapsf.ga/ax99l,1
https://cloudflare.com/blog/support/blog,0
https://ieee.org/,0
http://tinyurl.com/a4hwt9f,1
http://facebook-billing.9jhsktfo.net/4g4pa,1
http://unlock-google-azcj-secure.work/login.php,1
https://k7ep5i.io/qlc,1
https://docs.who.int/courses,0
https://khanacademy.org/download/support/features,0
https://stackoverflow.com/,0
http://secure-coinbase-n8ke-update.io/login.php,1
https://wikipedia.org/,0
https://salesforce.com/,0
https://blog.coursera.org/courses/contact,0
http://secure-4pyx-microsoft-wallet.zip/login.php,1
http://facebook.com@41sk6qy9.co/update,1
http://239.216.205.122/paypal/account/o291zu,1
https://id.mit.edu/billing,0
https://linkedin.com/courses/blog,0
https://h8l38t.com/x6i,0
https://ieee.org/support,0
http://181.62.173.69/instagram/secure/4rkzo0,1
http://netflix.com@13vimx0p.cf/unlock,1
http://218.155.188.82/google/alert/7cb8g4,1
http://185.217.195.74/ebay/security-check/8c6cqt,1
https://docs.linkedin.com/api,0
https://shop.bbc.com/search,0
https://www.python.org/about/index,0
https://amazon.com/search/search?id=89591,0
https://docs.cloudflare.com/careers/help,0
http://irs-update.6dznlse.com/1gfwr,1
https://nature.com/articles,0
http://chase-billing.ip1ha572.edu/kegym,1
http://6m4h-wallet-secure-facebook.io/login.php,1
https://linkedin.com/features?id=57513,0
https://microsoft.com/pricing?id=19816,0
https://irs-suspend.io/,1
http://password-reset-secure-vfd9-bankofamerica.edu/login.php,1
http://6u9s-secure-instagram-unlock.top/login.php,1
https://netflix.com/,0
http://bankofamerica.com@prvchvrh.cf/update,1
http://90.210.94.253/facebook/password-reset/jrega7,1
http://r0el-alert-google-secure.com/login.php,1
http://t.co/l2mfpkf,1
http://ebay.com@pct1sdd1.work/webscr,1
https://linkedin.com/,0
http://binance-password-reset.in4dr6.click/vxgmg,1
https://coursera.org/,0
https://yps523q.com/verify,1
http://1vpj-secure-amazon-wallet.ml/login.php,1
https://ftzbf.gov/support,1
https://xq5d28.gov/nxs,1
http://chase.com@8fi5v6r7.xyz/unlock,1
https://www.apple.com/docs,0
http://outlook.com@htgy5g9s.gov/suspend,1
https://docs.nasa.gov/about,0
http://jcyi-secure-signin-dhl.work/login.php,1
https://yyzvv.co/webscr,1
https://nasa.gov/,0
https://cloudflare.com/support,0
https://www.cloudflare.com/index,0
http://facebook-secure.ea0g4.co/ovw5h,1
https://stackoverflow.com/,0
http://update-ja06-office365-secure.tk/login.php,1
https://cloudflare.com/pricing/contact?id=15761,0
https://nature.com/blog/careers/about?id=15475,0
https://amazon.com/,0
https://wikipedia.org/courses?utm_medium=nuwzr&utm_term=psoy4&utm_source=bpe2b,0
https://shop.netflix.com/index,0
https://chase-update.org/,1
https://y8becx.com/confirm,1
https://ii0itf.net/binance/support,1
https://salesforce.com/support/news,0
https://netflix.com/support/settings/contact?id=11628,0
http://binance-support-34ah-secure.zip/login.php,1
https://xn--1fkau-j62.co/ebay-account,1
http://binance-signin.7f43c4z.io/mljn2,1
https://blog.apple.com/blog,0
http://office365-support.1h292cb.review/g3rvm,1
https://netflix.com/download/support/about,0
http://62.82.41.119/irs/webscr/6d628u,1
https://python.org/,0
https://auth.shopify.com/verify,0
http://159.70.132.9/irs/account/myx2w0,1
http://usps.com@1odwk5dq.click/confirm,1
https://nytimes.com/,0
https://un.org/,0
https://wikipedia.org/courses?id=90881,0
https://microsoft.com/index?utm_campaign=eu7ol&utm_medium=7e6k0&utm_term=88zfw,0
http://158.217.223.128/apple/account/tj6byz,1
https://auth.sciencedirect.com/support,0
http://tinyurl.com/tsucun3,1
http://coinbase.com@9and4gs0.kim/login,1
https://nasa.gov/,0
https://nytimes.com/user/blog/articles,0
https://netflix.com/download?utm_medium=43uqx&utm_source=9r4iy&utm_term=jcujf,0
https://nytimes.com/,0
https://help.harvard.edu/courses,0
http://outlook.com@d3tughvl.country/secure,1
http://is.gd/zsfqy2n,1
https://ekbxqcr.gov/wallet,1
http://coinbase-alert.4dnjo7t9.org/huaba,1
https://www.microsoft.com/blog,0
https://un.org/user/api,0
http://iknh-secure-wallet-outlook.ga/login.php,1
https://dropbox.com/,0
https://microsoft.com/contact?utm_medium=au0lj&utm_campaign=4eatm&utm_term=mg83v,0
http://binance-security-check.be48kyg.org/s4ob2,1
https://outlook-verify.org/,1
https://blog.nasa.gov/support,0
http://ieee.org/docs,0
https://axq7-static.microsoft.com/search/pricing,0
http://dhl-confirm.e91qdxp.tk/502cq,1
http://password-reset-secure-3rn7-ebay.click/login.php,1
https://wellsfargo-login.gov/,1
https://i4dtqp.org/confirm,1
http://irs-webscr.i2w4ovu.click/t9gs3,1
https://medium.com/pricing/articles?id=95535,0
http://tinyurl.com/532nbim,1
http://verify-7nvv-chase-secure.gov/login.php,1
https://h8dm-static.shopify.com/docs/help/support,0
http://57.6.150.4/bankofamerica/verify/71hkb6,1
https://qqvb-us.un.org/features/pricing/api,0
https://mit.edu/,0
https://wikipedia.org/,0
https://shop.wikipedia.org/news/support,0
http://outlook.com@ax4e1npl.io/login,1
http://l0ym-secure-secure-usps.tk/login.php,1
https://netflix.com/,0
https://www.wikipedia.org/docs/about,0
https://www.who.int/index,0
http://q96o-paypal-secure-secure.edu/login.php,1
https://shopify.com/,0
http://amazon-update.5i69jq1m.net/w9wnj,1
http://microsoft-wallet-m96s-secure.country/login.php,1
http://252.107.118.137/office365/login/etxyv4,1
http://goo.gl/8blf22l,1
http://office365.com@ky3tupoy.edu/secure,1
http://nature.com/news,0
https://xn--1yx7i-p6h.ga/paypal-update,1
https://python.org/search?utm_campaign=cc4xh&utm_medium=4fj7r&utm_term=37f7f,0
https://shopify.com/search/articles/contact,0
http://ft09-support-usps-secure.cf/login.php,1
https://salesforce.com/contact/settings,0
https://o2bbpg.org/alert,1
http://wellsfargo-password-reset.fwqnp6k.work/utg50,1
http://is.gd/ku7z2js,1
http://14.200.110.66/irs/webscr/sanbu4,1
https://mvj3n0.edu/tgm,1
https://cloudflare.com/download/products,0
https://8lcqdc.gov/alert,1
https://github.com/,0
https://github.com/,0
http://irs-account.x54mdyeqz.net/bf5qf,1
http://facebook-password-reset.qb4r.review/mn73k,1
https://auth.medium.com/password-reset,0
https://docs.dropbox.com/index/features,0
https://khanacademy.org/,0
https://microsoft-password-reset.co/,1
https://shop.un.org/index,0
http://binance-suspend.k2h6bqxuf.work/l8xhk,1
https://www.nasa.gov/settings,0
https://coursera.org/news?utm_source=j87yg&utm_campaign=6ib5a&utm_term=zychd,0
http://4hkd-secure-wallet-instagram.work/login.php,1
https://bbc.com/download?utm_source=8b6pj&utm_term=s1awp&utm_medium=0lf7x,0
https://cloudflare.com/help/features/careers?id=21158,0
https://help.spotify.com/courses,0
http://google.com/search,0
https://bankofamerica-security-check.org/,1
https://nytimes.com/,0
http://secure-unlock-5qsp-paypal.cf/login.php,1
https://maibpb.org/4ib,1
https://www.bbc.com/pricing,0
https://9k7v6e.net/78a,1
https://shop.linkedin.com/support,0
https://microsoft-wallet.org/,1
https://docs.adobe.com/index/careers,0
http://binance-login-fuud-secure.io/login.php,1
http://84.85.87.39/netflix/suspend/03idpz,1
http://180.179.138.111/netflix/suspend/u5io1s,1
http://cloudflare.com/search/features,0
https://77pgya.co/jub,1
https://www.nytimes.com/docs,0
https://znfzs5.org/2z7,1
https://nasa.gov/docs?id=44206,0
http://secure-paypal-zf2s-suspend.review/login.php,1
https://dropbox.com/news?utm_campaign=97i0c&utm_source=noxhd&utm_medium=gx2bd,0
http://33.46.129.241/bankofamerica/confirm/t1zh2f,1
http://apple.com@2zw51z3w.xyz/update,1
https://khanacademy.org/blog/settings,0
https://linkedin.com/courses?utm_medium=1xj4f&utm_term=5l3ll&utm_source=m5lsb,0
https://xn--dva08-nx6.tk/dhl-verify,1
http://binance-security-check.dwo8z4.cf/z23am,1
https://shopify.com/,0
https://dtjrgsj.io/support,1
http://binance.com@maezm16r.gov/signin,1
http://76.119.10.72/usps/billing/74dsi7,1
http://office365-login.s65p4iw.review/bgju1,1
http://apple-signin.7phrzxa.zip/boqxx,1
https://lar6sz.com/9dj,1
https://cloudflare.com/blog,0
https://blog.shopify.com/pricing,0
https://www.harvard.edu/learn/careers,0
https://www.harvard.edu/settings,0
https://zh4f.co/ebay/suspend,1
https://vhz597.net/wellsfargo/security-check,1
https://10qy1.gov/confirm,0
https://mhnj1.edu/facebook/account,1
http://chase.com@l5n3w3jo.zip/webscr,1
http://harvard.edu/search,0
https://wikipedia.org/products,0
https://secure.wikipedia.org/signin,0
http://goo.gl/c8tultb,1
http://dhl-update.ylfvo.tk/rqaya,1
https://xn--giov2-p5n.tk/coinbase-secure,1
https://shop.stackoverflow.com/help,0
http://python.org/index,0
https://google.com/download,0
https://help.linkedin.com/courses/index,0
https://nasa.gov/about?utm_source=r7eqe&utm_medium=536xd&utm_campaign=5kxkq,0
https://reddit.com/,0
http://bit.ly/6m0pkn2,1
https://j0h5-cdn.netflix.com/user,0
https://7bbxz3.net/security-check,1
https://ha73p4.edu/tls,1
http://ow.ly/ag95bvl,1
http://amazon-webscr.95ckvjgx.ga/frowg,1
https://wikipedia.org/features?utm_source=acyjt&utm_campaign=k0w37&utm_term=1nvx6,0
http://netflix-support.f03xb.ml/efxmi,1
http://netflix-security-check.ng3qc.top/i7ecy,1
https://medium.com/,0
https://xn--97dg4-3fd.org/coinbase-verify,1
https://reddit.com/about?utm_campaign=k9mle&utm_term=ieiqo&utm_medium=7rmb8,0
http://t.co/5qg0b3p,1
https://spotify.com/,0
https://who.int/search/features?id=633,0
http://linkedin.com/features/support,0
https://accounts.dropbox.com/billing,0
http://150.215.218.248/wellsfargo/wallet/81lu9z,1
https://shopify.com/,0
https://shop.harvard.edu/courses/index,0
http://is.gd/useokn2,1
https://un.org/contact,0
https://xn--cx3fk-0uy.edu/apple-unlock,1
http://microsoft.com@prgw6jif.work/account,1
http://ow.ly/b2r67lr,1
https://xn--1w8iz-obg.gov/bankofamerica-billing,1
http://instagram.com@d32y22w8.gov/alert,1
https://shop.salesforce.com/articles,0
http://68.157.188.229/facebook/unlock/03d5o6,1
https://netflix.com/,0
https://docs.python.org/support/courses,0
https://optayk.com/g01,1
https://nytimes.com/,0
https://fgurl.net/facebook/billing,1
https://3p8ce.org/chase/alert,1
https://gsxyi.io/facebook/security-check,1
http://microsoft-unlock.11ljq.co/521am,1
http://coinbase-security-check.89ba6tn.cf/6r9xh,1
http://secure-bjz5-bankofamerica-wallet.edu/login.php,1
https://y40k-cdn.cloudflare.com/blog,0
http://bankofamerica.com@fbjtjwcu.zip/billing,1
http://secure-fby4-facebook-billing.co/login.php,1
https://www.bbc.com/docs/careers,0
https://zfx0p1.gov/8zr,1
https://xn--83cqj-xo2.kim/office365-password-reset,1
https://bbc.com/news/api/features?id=84680,0
http://tinyurl.com/7jfw2bx,1
http://spotify.com/user,0
https://salesforce.com/,0
https://google.com/,0
http://is.gd/nrz2sr6,1
https://mit.edu/,0
https://khanacademy.org/,0
http://chase-security-check.xef7iu11v.org/hynh3,1
https://khanacademy.org/search?id=41501,0
https://v62f5d.org/security-check,1
http://apple-billing.dvdrhh3.org/421mg,1
http://irs.com@7jrvup7g.co/confirm,1
https://microsoft.com/,0
https://www.sciencedirect.com/products,0
https://nature.com/,0
https://medium.com/blog,0
https://1krtvl26.co/secure,1
https://3160-api.stackoverflow.com/support,0
https://xn--ew2o0-7va.net/netflix-security-check,0
https://blog.reddit.com/pricing,0
https://stackoverflow.com/,0
http://pdyz-wellsfargo-unlock-secure.review/login.php,1
http://instagram.com@ekkv9s03.kim/update,1
https://yx8ou.io/microsoft/update,1
https://xn--8xxj6-bci.io/paypal-update,1
https://netflix.com/,0
https://nv3dmx.edu/irs/update,1
https://www.stackoverflow.com/download/courses,0
http://facebook-security-check.0npvrlavb.com/vna2k,1
https://un.org/,0
http://instagram-suspend.9ut30la1o.io/s6y5n,1
https://wikipedia.org/docs/index/user,0
https://help.mit.edu/docs/careers,0
https://stackoverflow.com/api,0
https://shop.medium.com/about/settings,0
http://irs.com@vxbo4uah.xyz/unlock,1
https://nature.com/,0
https://help.stackoverflow.com/features/news,0
http://chase-security-check.5uqw7.edu/fsoaj,1
http://tinyurl.com/yu9xscu,1
http://usps.com@p018bl31.xyz/webscr,1
https://mit.edu/products?utm_medium=zdylv&utm_campaign=nxdyp&utm_term=4peh8,0
https://dropbox.com/settings?id=80615,0
https://qppvbm27.co/secure,1
http://login-secure-6hk2-ebay.xyz/login.php,1
http://office365.com@ij8wscra.top/account,1
https://adobe.com/,0
http://157.57.52.123/instagram/verify/ixfno8,1
https://shopify.com/,0
https://docs.sciencedirect.com/products,0
https://56xoeq.com/security-check,1
http://94.123.21.89/irs/signin/zlgadb,1
http://suspend-yn5s-coinbase-secure.io/login.php,1
https://help.apple.com/articles/careers,0
https://sp9s5.co/account,1
https://accounts.coursera.org/support,0
https://xn--3mlpx-moo.com/amazon-signin,1
https://tijf1x6g.com/confirm,1
http://microsoft.com@yc0gslqu.ml/update,1
https://o55e3.com/verify,1
http://45.182.114.78/netflix/unlock/ynuiov,1
https://rofn2.net/webscr,1
https://help.microsoft.com/courses,0
https://5pwcph67.net/unlock,1
http://cloudflare.com/news,0
https://7o4ex.gov/apple/password-reset,1
https://reddit.com/settings,0
https://docs.amazon.com/help,0
https://po2ul.com/webscr,1
https://dropbox.com/,0
http://office365-xcfl-secure-suspend.com/login.php,1
http://security-check-dhl-qobj-secure.work/login.php,1
https://python.org/learn,0
http://167.184.213.16/usps/account/efns8k,1
https://nytimes.com/help,0
https://onj0fp.com/aic,1
https://3vnqzm.net/irs/signin,1
http://microsoft-confirm.2jfeuy2.cf/7erb8,1
http://86.228.31.156/instagram/unlock/dn3x23,1
http://netflix.com/news/learn,0
http://khanacademy.org/about/settings,0
https://mabexan.gov/support,1
http://coinbase.com@utk16lpx.io/login,1
https://accounts.harvard.edu/billing,0
http://outlook.com@dw7618hd.review/security-check,1
https://accounts.harvard.edu/signin,0
http://facebook-confirm-secure-dwl8.ml/login.php,1
https://647hfd.co/ivl,1
https://id.mit.edu/password-reset,0
http://bit.ly/2kpzgjs,1
https://apple.com/,0
https://uyg3-us.nasa.gov/pricing/careers,0
https://wikipedia.org/,0
https://shop.sciencedirect.com/search,0
https://shop.python.org/search/blog,0
http://office365-password-reset.bvpcrv94x.click/wd6lw,1
http://bit.ly/g2vuuta,1
http://binance.com@bcbmadpv.click/alert,1
http://microsoft.com@ntfiu8eo.edu/confirm,1
http://secure-apple-wszy-webscr.co/login.php,1
https://github.com/,0
http://tinyurl.com/59neior,1
https://stackoverflow.com/help,0
http://208.83.34.95/outlook/wallet/yn5qr9,1
https://docs.khanacademy.org/blog,0
https://2efasp.io/wellsfargo/signin,1
https://instagram-password-reset.gov/,1
http://253.83.101.248/office365/confirm/24tzpf,0
http://secure-psr0-google-alert.xyz/login.php,1
http://37.189.90.80/bankofamerica/alert/pezoeu,1
https://1pfd-static.nasa.gov/support/settings,0
https://stackoverflow.com/,0
https://www.who.int/careers,0
https://r17o-api.apple.com/docs/settings/api,0
http://wellsfargo-secure-2p29-password-reset.net/login.php,1
https://mit.edu/,0
https://shopify.com/,0
https://1w34zut.org/outlook/secure,1
https://nasa.gov/learn/articles/support,0
http://coinbase.com@v4kcmqeo.kim/verify,1
https://xn--xc2iz-kbf.work/apple-unlock,0
https://8y1c-api.stackoverflow.com/user/courses/features,0
http://office365.com@tk96kf3q.com/account,1
http://netflix-update.0wqx005.top/dm2d2,1
https://o8li1cz8.edu/update,1
https://nytimes.com/,0
https://docs.microsoft.com/contact,0
http://usps-signin.x6btt.tk/odzu3,1
http://wikipedia.org/pricing/articles,0
https://xn--gm1k6-5gb.country/bankofamerica-verify,1
http://verify-secure-gu80-chase.io/login.php,0
https://wkjku.net/irs/unlock,1
http://wellsfargo-login.1s92.zip/eaj4a,1
https://wikipedia.org/,0
http://ebay-alert.cdduqp.zip/fkik0,1
http://netflix.com@8jkhpiw8.net/unlock,1
http://amazon.com@l3rnvgsi.com/verify,1
http://105.237.22.199/chase/support/89cd3j,1
https://sciencedirect.com/support?utm_term=pmszd&utm_source=vag10&utm_medium=59sc5,0
https://xn--xy4le-jpa.ml/coinbase-verify,1
http://google-wallet.k6laz11un.co/q52fc,1
http://tinyurl.com/97zw8b5,1
https://who.int/,0
http://dropbox.com/api/careers,0
http://ebay-login.wkkqi3u1.co/h2p2j,1
https://apple.com/about/pricing/search,1
http://coinbase-bd26-secure-webscr.net/login.php,1
https://ieee.org/,0
https://auth.un.org/billing,0
https://www.adobe.com/search/about,0
https://nasa.gov/,0
http://136.80.197.134/paypal/security-check/e6g8yz,1
https://bbc.com/settings?utm_term=5t4yt&utm_source=8suxo&utm_medium=1ukgo,0
http://apple-security-check.umj1yiwl.kim/94f1s,1
https://linkedin.com/,0
http://usps-alert.4e8ecw2q1.review/6oncx,1
http://ow.ly/2761ijp,1
https://id.ieee.org/login,0
https://dhl-signin.org/,1
https://u9wnc.gov/unlock,1
https://spotify.com/courses?id=5598,0
http://binance.com@6ejryx50.cf/security-check,1
https://1rbf-us.nasa.gov/courses/features/help,0
http://bankofamerica-account.l9b3uowr.net/6k5ey,1
http://203.42.143.29/wellsfargo/unlock/nq36u2,1
https://cloudflare.com/,0
https://docs.who.int/features,0
http://secure-confirm-rg15-usps.gov/login.php,0
https://shopify.com/download/articles/products,0
http://6gr9-account-instagram-secure.cf/login.php,1
http://goo.gl/kur2wu4,1
http://bit.ly/k5mw9w8,1
https://usps-update.com/,1
https://auth.mit.edu/account,0
https://auth.reddit.com/signin,0
https://xn--n97iy-2zr.zip/outlook-suspend,1
https://4rqpi.gov/suspend,1
http://binance-verify.a1yxy.co/mlx0j,1
http://229.126.41.10/irs/security-check/sxd9a1,1
https://xn--0xu3o-5q9.net/facebook-login,1
http://44.205.223.136/usps/confirm/90lnmx,1
https://my.salesforce.com/password-reset,0
https://bbc.com/download?utm_term=3xxht&utm_medium=e61r7&utm_campaign=kma67,0
https://shop.dropbox.com/download/contact,1
https://www.mit.edu/articles/pricing,0
https://yv2v-eu.medium.com/index/contact/settings,0
https://adobe.com/docs/contact/download,0
http://python.org/articles,0
https://shopify.com/settings/api/index,0
https://sciencedirect.com/blog?utm_term=4b2an&utm_medium=9xdpy&utm_campaign=cvuk6,0
https://xn--ufkfd-f6s.edu/dhl-secure,1
http://netflix-billing-4x05-secure.net/login.php,1
https://psiz-eu.stackoverflow.com/about/docs/docs,0
https://xn--wxugz-5u5.ga/instagram-account,1
https://xn--jc82i-z8y.org/microsoft-webscr,1
http://binance-billing-y0b5-secure.org/login.php,1
https://medium.com/contact/api?id=92049,0
https://my.harvard.edu/account,0
https://i2porb.gov/v8z,1
https://reddit.com/products,0
http://tinyurl.com/hr3z5mb,1
https://who.int/,0
https://www.sciencedirect.com/settings/blog,0
https://qf7rsr.edu/kcr,1
http://121.187.240.198/coinbase/password-reset/5174zb,1
https://medium.com/docs?utm_source=kcj79&utm_term=00hz8&utm_medium=cecps,0
https://bbc.com/,0
https://reddit.com/learn/about/articles,0
https://xn--62av6-a5e.org/chase-security-check,1
http://facebook-alert.b2fk.ga/c6eop,1
https://reddit.com/,0
https://8161kn.edu/6x2,1
https://xn--qadac-scb.gov/instagram-unlock,1
https://ieee.org/blog/download/index,0
https://accounts.ieee.org/signin,0
http://pdq4-wallet-secure-apple.io/login.php,1
https://xn--6iv48-xtw.io/chase-update,1
http://secure-tou4-apple-verify.io/login.php,1
https://xn--00vum-if8.tk/microsoft-password-reset,1
http://189.162.158.220/amazon/unlock/5cv5ou,1
https://docs.sciencedirect.com/articles/docs,0
https://5das4w93.com/alert,1
https://dropbox.com/features/support/articles,0
http://facebook.com@yoe1ftxw.edu/suspend,1
http://secure-irs-update-n4bg.ml/login.php,1
http://t.co/abfl9bb,1
http://250.109.27.218/binance/password-reset/921pqr,1
https://www.spotify.com/about/learn,0
https://blog.linkedin.com/courses,0
http://facebook.com@iufjnhev.com/confirm,1
https://nytimes.com/careers/news/products,0
http://dhl.com@e9dch6a4.review/webscr,1
https://blog.nytimes.com/api/help,0
https://adobe.com/,0
http://bankofamerica-password-reset.5xjhq4.xyz/qied1,1
https://s5w8x.gov/outlook/webscr,1
https://wikipedia.org/search,0
https://nytimes.com/,0
https://nytimes.com/,0
https://69g8-us.nytimes.com/blog,0
http://secure-unlock-u4to-usps.top/login.php,1
http://outlook-cukz-secure-secure.country/login.php,1
http://ow.ly/5t7j83u,1
http://134.38.88.218/bankofamerica/signin/qvhqot,1
http://dhl-suspend.f157u6rqr.review/c99un,1
https://apple.com/help/courses,0
http://239.54.96.223/wellsfargo/signin/s6o10k,1
https://bankofamerica-billing.org/,1
https://accounts.medium.com/verify,0
https://www.spotify.com/pricing,0
http://irs-8i8h-wallet-secure.io/login.php,1
https://sciencedirect.com/settings?utm_medium=kdor8&utm_campaign=bsis4&utm_source=0dbds,0
http://42.102.22.126/microsoft/wallet/i7i5ci,1
https://xn--ngp2o-gjx.work/wellsfargo-password-reset,1
https://www.microsoft.com/features/search,0
https://nytimes.com/,0
https://microsoft.com/search/learn,0
https://microsoft.com/,0
https://who.int/courses/blog/products?id=3119,1
https://2rjf49.io/support,1
http://209.121.131.107/chase/verify/dv22z2,1
https://github.com/api/download?id=40387,0
https://usps-login.org/,1
http://1tvu-secure-facebook-update.co/login.php,1
https://n01ylben.edu/login,1
https://qun1vzci.edu/password-reset,1
https://paypal-signin.io/,1
http://unlock-chase-bbf2-secure.co/login.php,1
https://j3lv.co/coinbase/update,1
http://binance-account.tmcj.cf/wjcai,1
https://coursera.org/,0
https://nasa.gov/courses/careers/about?id=95174,0
http://login-ebay-secure-un5l.country/login.php,1
http://ebay.com@y72ftqyn.zip/account,1
http://secure-eggk-wallet-outlook.cf/login.php,1
https://wikipedia.org/,0
https://netflix.com/settings?utm_term=d499h&utm_medium=jvplv&utm_source=gkf9b,0
http://coinbase.com@tngp4a7w.co/login,1
https://mqf2.edu/facebook/wallet,1
https://n7ghs9.co/3ry,1
https://u1983.gov/ebay/secure,1
http://72.122.224.28/bankofamerica/support/rhfozp,1
https://salesforce.com/,0
https://bbc.com/,0
https://netflix.com/,1
http://office365-confirm.2qxgfzve.ga/1a8zl,1
https://un.org/,0
http://ow.ly/jkxcftz,1
http://apple-signin.wz26mjnx.country/myahs,1
http://facebook-secure.efxtq2.io/xas1x,1
https://shopify.com/contact?id=43279,0
http://verify-secure-netflix-hyns.kim/login.php,1
https://github.com/download?utm_term=mzcaq&utm_medium=hiu35&utm_campaign=3ef9p,0
https://coursera.org/,0
http://login-secure-wellsfargo-5iak.ga/login.php,1
https://dhuhtgs.com/verify,1
https://xn--ekq70-mvb.kim/paypal-secure,1
http://251.46.34.60/netflix/account/2fzyto,1
https://spotify.com/,0
https://nasa.gov/,0
https://xn--0yeem-x68.review/binance-suspend,1
https://auth.reddit.com/password-reset,0
http://cloudflare.com/user,0
https://blog.bbc.com/support/learn,0
https://accounts.apple.com/login,0
http://xurx-verify-secure-usps.zip/login.php,1
https://help.dropbox.com/api/settings,0
http://secure-376r-netflix-confirm.io/login.php,1
https://harvard.edu/,1
https://stackoverflow.com/news/products?id=7604,0
https://ax8t2.com/coinbase/login,1
http://ow.ly/qzxgnj3,1
http://login-binance-secure-u3z9.ml/login.php,1
https://ieee.org/articles/contact/user,0
http://update-secure-vt1m-binance.tk/login.php,1
https://shop.who.int/help/news,0
http://bankofamerica-account.59a5mdct1.gov/ocy0z,1
http://ebay.com@7vh1oip6.gov/login,1
https://ieee.org/about/support,0
https://8y5efv.org/x4o,1
http://secure-update-7jio-usps.work/login.php,1
http://secure-bankofamerica-atac-unlock.click/login.php,1
https://harvard.edu/,0
http://microsoft-support.humjh9.zip/bggmd,1
http://paypal.com@3ewm39rl.top/update,1
https://nfmy-cdn.un.org/pricing/download,0
https://q9fob.co/facebook/signin,1
https://blog.linkedin.com/settings,1
https://google.com/settings/download/products,0
https://medium.com/,0
https://lq0n-cdn.bbc.com/settings,0
http://bankofamerica-secure-pxge-billing.ml/login.php,1
https://apple.com/contact?utm_campaign=2l6j2&utm_term=bc8ht&utm_source=sgwl7,0
https://docs.wikipedia.org/products/articles,0
http://goo.gl/rcgq91g,1
http://goo.gl/vomne2o,1
http://office365-security-check.gs7p.kim/mozn1,1
http://amazon-webscr.a7htd7.kim/21hx3,1
https://wikipedia.org/products/news/pricing,0
http://sa5f-update-bankofamerica-secure.review/login.php,1
https://un.org/user/search,0
https://xn--fcxx9-mff.xyz/binance-password-reset,1
http://google.com@d9z0q2a3.tk/login,1
http://office365.com@9ir6p4vf.com/update,1
http://dhl-unlock-secure-b52m.org/login.php,1
https://adobe.com/download?utm_medium=e2nk6&utm_term=h1jfd&utm_campaign=65ojk,0
https://nytimes.com/help?utm_campaign=1jek4&utm_term=yakxc&utm_medium=8l0gf,0
https://www.salesforce.com/support/learn,0
https://xn--dtn87-mml.edu/dhl-password-reset,1
http://cloudflare.com/docs,0
http://tinyurl.com/m1zw7ep,1
https://khanacademy.org/careers?utm_source=3qvz1&utm_medium=9o8wc&utm_term=5qjrf,0
https://0tru-api.coursera.org/docs/pricing,0
http://127.220.81.135/bankofamerica/billing/89ff8u,1
http://facebook.com@8x0sok3x.zip/confirm,1
http://microsoft.com@gi6nab1l.zip/account,1
https://irs-update.net/,1
https://shop.un.org/search,0
https://nasa.gov/contact?utm_medium=ffoya&utm_term=c0b7j&utm_campaign=35cuz,0
https://bbc.com/,0
https://amazon.com/,0
https://adobe.com/api?id=68080,0
https://sciencedirect.com/,0
https://stackoverflow.com/,0
http://github.com/search,0
https://dgu1ik.net/usps/webscr,1
https://github.com/careers?utm_medium=8x8o7&utm_campaign=kxkgk&utm_source=oj81m,0
https://docs.stackoverflow.com/news,0
http://42.197.229.164/ebay/login/haba1i,1
https://xn--ho9kj-w6e.zip/facebook-secure,1
https://un.org/,0
https://x15l0.org/microsoft/secure,1
https://xn--d83m4-0dl.cf/paypal-secure,1
http://apple-support.0xwniyq5.gov/rgqel,1
https://secure.adobe.com/support,0
http://wellsfargo.com@h1l3hqfm.org/password-reset,0
https://salesforce.com/,0
http://who.int/about,0
https://un.org/courses/settings/courses,0
http://r2u7-secure-usps-security-check.com/login.php,1
http://binance.com@19v1qlj1.zip/verify,1
http://office365-alert.c39ecwho.com/gt1ko,1
http://office365-verify.ymfe5ln.tk/866or,1
https://docs.coursera.org/search/articles,0
https://4evb-us.nasa.gov/download/courses/careers,0
https://help.shopify.com/help,0
https://adobe.com/support/features/contact?id=19746,0
http://t.co/506414t,0
http://usps-alert.nce15.tk/tocjg,1
https://www.sciencedirect.com/search/pricing,0
http://bankofamerica.com@dzpkkmyl.zip/login,1
http://apple.com@e9134f0r.org/unlock,1
https://1teuw4i.com/bankofamerica/unlock,1
https://python.org/pricing/learn?id=89792,0
https://dropbox.com/,0
https://harvard.edu/,0
http://dhl.com@h0j96w8t.top/alert,1
https://shop.adobe.com/courses/download,0
https://microsoft.com/,0
http://is.gd/gtgul6t,1
https://my.microsoft.com/billing,0
https://www.apple.com/blog,0
https://instagram-secure.io/,1
https://stackoverflow.com/contact/help/courses?id=54917,0
https://uqdk-api.adobe.com/index/pricing/news,0
http://bankofamerica-password-reset.tt78jui0d.net/h7xgg,1
http://ow.ly/jf7uy86,1
https://www.shopify.com/products,0
https://blog.microsoft.com/api/learn,0
http://bbc.com/blog,0
https://help.github.com/search,0
https://bbc.com/,0
http://usps-secure.jwh5.com/qptlh,1
http://instagram.com@sevs0mvh.gov/support,1
https://adobe.com/learn/api/docs?id=90366,0
http://bit.ly/ydybmj0,1
https://ieee.org/,0
https://bbc.com/,0
https://gtvj-cdn.nasa.gov/pricing,0
https://3h8iia.gov/login,0
https://un.org/help?id=2187,0
https://qstyct.gov/7mv,1
https://harvard.edu/,0
https://www.spotify.com/docs/index,0
https://shopify.com/,0
http://microsoft.com@s48lq3wg.click/secure,1
https://www.netflix.com/contact/news,0
http://bit.ly/w4om417,1
http://19.202.96.194/coinbase/signin/6dq0w3,1
https://auth.linkedin.com/signin,0
https://docs.stackoverflow.com/news,0
https://www.coursera.org/docs/support,0
https://ieee.org/search/features/about,0
https://nature.com/docs?utm_term=u6dxz&utm_source=j1xyx&utm_medium=aswwt,0
https://www.salesforce.com/download,0
https://docs.dropbox.com/search/about,0
https://6am2-eu.python.org/courses,0
https://who.int/index?utm_campaign=vlzju&utm_term=xyzt2&utm_source=lhpa3,0
http://microsoft-secure.riu9q.zip/zx7nm,1
https://shop.apple.com/search,0
http://usps-h8yr-support-secure.gov/login.php,1
https://nasa.gov/news?utm_source=2m6bv&utm_term=jdn98&utm_medium=gn216,0
http://144.39.191.39/usps/billing/xhyqiv,0
https://harvard.edu/,0
http://google-login.ig7bla535.country/md86f,1
https://www.medium.com/download,0
https://docs.nature.com/about/search,0
https://mit.edu/,0
http://174.63.29.166/usps/suspend/s2z7rz,1
http://facebook.com@3f6993qq.edu/signin,0
http://netflix-confirm-secure-oery.zip/login.php,1
https://xn--lyy7l-4oq.org/microsoft-webscr,0
https://xn--slavb-u48.net/usps-webscr,1
https://stackoverflow.com/,0
https://wikipedia.org/features/learn?id=17665,0
https://payl-eu.mit.edu/settings,0
http://127.53.206.228/amazon/signin/1tvcz5,1
https://shop.khanacademy.org/help,0
https://docs.wikipedia.org/api/pricing,0
https://jtlvyy.com/password-reset,1
https://www.mit.edu/download/articles,0
http://usps-i6xy-secure-secure.country/login.php,1
https://nytimes.com/search/user,0
http://secure-binance-j39w-suspend.work/login.php,1
http://google.com@zya7h1hf.tk/billing,1
https://www.salesforce.com/contact,0
http://outlook-password-reset.vpzo55.zip/11xwc,1
https://docs.github.com/blog/about,0
http://bit.ly/acr6wtg,1
https://lmut.io/coinbase/webscr,1
https://sciencedirect.com/search/blog/api,0
http://bankofamerica.com@9gg0d3zl.tk/suspend,1
http://goo.gl/uryrklb,1
http://nytimes.com/learn/api,0
https://xix4-cdn.nytimes.com/download,0
https://b2rhl1.io/daf,1
https://www.salesforce.com/support/courses,0
https://xn--69t02-q8j.work/microsoft-security-check,1
https://vvzere.io/wallet,1
https://apple-suspend.net/,1
http://wellsfargo.com@z8kpsl8q.country/verify,1
https://spotify.com/learn?utm_source=4e0lg&utm_medium=5jcs8&utm_campaign=77z9d,0
http://facebook-password-reset-c9kz-secure.edu/login.php,1
https://blog.coursera.org/help/products,0
http://246.176.137.246/facebook/security-check/rxutk4,1
https://www.reddit.com/careers/about,0
https://salesforce.com/,0
https://linkedin.com/,0
https://microsoft.com/,0
https://mit.edu/blog/search/features,0
http://116.5.54.21/ebay/unlock/4z8gdf,1
http://wellsfargo-login.vsm0lo.work/mfnej,1
https://github.com/,0
https://docs.linkedin.com/about,0
http://210.232.179.195/netflix/wallet/x06b9r,1
http://t.co/n6xe1bm,1
https://xn--ac2sd-3pp.edu/instagram-login,1
http://who.int/download/api,0
https://7wnd3q.gov/outlook/support,1
https://help.sciencedirect.com/blog,0
https://reddit.com/api/support/docs?id=77790,0
https://imc7ei.org/sm2,1
http://binance.com@uzetfayy.co/alert,1
https://thtidd.gov/login,1
http://ow.ly/o4t4a96,1
http://82.119.74.230/irs/wallet/43bzc7,1
https://nature.com/download,0
https://irs-unlock.org/,1
https://e2lr899.org/login,1
https://microsoft-webscr.org/,1
https://27urxncw.edu/webscr,1
https://www.nytimes.com/blog,0
http://security-check-secure-0nql-binance.ga/login.php,1
https://yvxy3plo.gov/billing,1
http://dhl-support.10r5fjr.top/nsz9o,1
https://coursera.org/,0
https://cloudflare.com/user/products?id=79058,0
https://xn--5wo3e-x1s.gov/bankofamerica-wallet,1
https://accounts.wikipedia.org/verify,0
http://coursera.org/api,0
https://amazon.com/,0
http://102.220.12.45/usps/support/omzf0w,1
http://50.140.167.5/dhl/account/en2clb,1
http://office365-confirm.izr7fopx.gov/iwrdb,1
http://chase.com@c26eql1z.work/confirm,1
https://shop.reddit.com/features/about,0
http://coinbase-secure-h86o-update.kim/login.php,1
https://docs.khanacademy.org/articles/api,0
https://coursera.org/,0
https://sciencedirect.com/news,0
https://netflix.com/news?utm_source=1j04b&utm_medium=vxhtp&utm_campaign=55znz,1
http://chase-account.a4a9.cf/0e91t,1
http://233.252.242.178/office365/unlock/3ecdm0,1
https://harvard.edu/contact/courses/careers,0
https://www.medium.com/user,0
https://shop.reddit.com/help,0
https://www.nasa.gov/learn,0
http://amazon-support.6tsodv.cf/ntq4v,1
https://ebay-signin.io/,1
http://secure-chase-alert-nc3o.ml/login.php,1
https://dropbox.com/pricing/products/settings,0
http://password-reset-secure-microsoft-6mt9.cf/login.php,1
https://my.coursera.org/account,0
https://harvard.edu/contact?utm_campaign=p8e0g&utm_term=wo6fg&utm_medium=z6m3f,0
https://g3217n0.co/confirm,1
https://sd833xn.edu/binance/suspend,1
https://harvard.edu/docs,0
https://apple.com/,0
https://www.spotify.com/careers,0
http://146.14.163.134/netflix/unlock/hw3mjr,1
https://sjh28v.io/4kk,1
https://tluwe.org/google/password-reset,1
https://secure.nytimes.com/signin,0
http://gvzw-wellsfargo-webscr-secure.cf/login.php,1
https://www.bbc.com/learn,0
https://medium.com/,0
https://help.nasa.gov/features,0
http://90.223.106.126/outlook/alert/llrgk6,1
http://t.co/7dd681u,1
https://www.coursera.org/download/download,0
https://accounts.python.org/password-reset,0
https://wikipedia.org/products/api?id=79606,0
http://goo.gl/gxp8tgc,1
http://t.co/6e6kvig,1
https://shop.netflix.com/settings,0
https://xn--yn42l-4ma.ml/coinbase-verify,1
https://xn--mrahd-3sd.country/irs-unlock,1
http://goo.gl/gulg7m0,1
https://www.microsoft.com/user/learn,0
http://155.223.22.2/binance/password-reset/omt9hd,0
https://office365-billing.net/,0
https://docs.un.org/help,0
https://xn--j9479-ewr.cf/paypal-support,1
http://binance-billing.yfim.kim/s1hei,1
https://www.shopify.com/about,0
https://auth.mit.edu/login,0
https://shop.stackoverflow.com/products,0
https://o4b2dc.org/wallet,1
https://docs.python.org/docs/api,1
https://python.org/,0
https://khanacademy.org/settings,0
http://google.com@qihrlvq8.edu/unlock,1
https://my.apple.com/password-reset,0
http://170.176.100.160/irs/unlock/2i12jd,1
https://spotify.com/,0
http://is.gd/ubrtbx5,1
https://help.khanacademy.org/careers,0
http://wellsfargo-verify.qvi2v.cf/02gvd,1
https://amazon.com/,0
https://netflix.com/,0
https://reddit.com/,0
https://apple.com/,0
https://9nse-cdn.medium.com/user,0
http://microsoft.com@7gyjnewp.country/signin,1
http://t.co/1z7indb,1
https://www.salesforce.com/support/news,0
https://id.who.int/login,0
http://244.244.27.126/chase/security-check/9729tt,1
https://d29o67.edu/wellsfargo/signin,1
https://nytimes.com/search,0
http://outlook-unlock.pgo1.ml/5vq7o,1
https://docs.adobe.com/articles,0
https://g6xrvxr.com/webscr,1
http://coinbase.com@7bjshbsf.top/update,1
https://reddit.com/api/features/blog,0
http://bankofamerica-verify.wlfgs7t1.gov/coym7,1
https://harvard.edu/,0
https://www.spotify.com/docs/contact,0
http://6v6y-secure-update-instagram.click/login.php,1
http://secure-alert-office365-8b95.net/login.php,1
http://180.190.8.248/chase/security-check/3lanjr,1
https://who.int/features?id=70372,0
http://facebook-signin.ysxj.net/5yfyw,1
https://h0qbkkz.com/usps/support,1
http://google.com@zmw3y600.co/unlock,1
http://bankofamerica-account.ufsa01qiu.org/cxvyj,1
https://shopify.com/products?utm_campaign=5gllj&utm_term=5yqpo&utm_source=93lkb,0
https://lvbpm1p.edu/security-check,1
https://coursera.org/index?utm_medium=k87au&utm_source=5bhxt&utm_term=pdpff,0
http://222.77.253.38/outlook/password-reset/we5dhm,1
https://6znyo.net/facebook/confirm,1
http://230.57.116.206/netflix/login/fqjhn4,1
https://shopify.com/docs/about,0
http://goo.gl/e0tfw0z,1
https://medium.com/,0
https://dropbox.com/products/products,0
https://jqjdw3.com/o1x,1
http://amazon-update.uy9p.io/92bl4,1
http://81.105.130.86/office365/wallet/tjb0y2,1
https://xn--hin3j-6fq.click/microsoft-update,1
https://who.int/articles/courses,0
https://docs.spotify.com/about,0
http://instagram-update-secure-aq45.work/login.php,1
http://secure-update-facebook-063a.kim/login.php,1
http://google.com@hiupcvnl.xyz/login,1
https://auth.reddit.com/support,0
https://microsoft-login.net/,1
https://mit.edu/,0
http://usps-wallet.qzfuzuto.ml/hbwfa,1
https://shop.bbc.com/about/courses,0
http://instagram.com@j24clx9s.ga/account,1
https://lrsg9afy.io/unlock,1
https://who.int/careers/features?id=34019,0
https://xn--7ykrn-8bg.click/bankofamerica-signin,0
http://binance-billing.b0e2eiw.net/vd2w8,1
http://paypal.com@ehta5wx3.click/billing,1
https://netflix.com/,0
https://apple.com/,0
http://update-secure-coinbase-0ueh.edu/login.php,1
https://help.sciencedirect.com/articles,0
https://accounts.cloudflare.com/password-reset,0
https://www.linkedin.com/about,0
https://help.harvard.edu/search/user,0
http://adobe.com/docs/api,0
https://cloudflare.com/blog,0
https://oyi0-us.nature.com/blog/user/download,0
http://233.230.192.187/paypal/alert/cw49bo,1
https://blog.sciencedirect.com/courses/api,0
https://docs.sciencedirect.com/news/courses,0
https://cloudflare.com/pricing?id=64175,0
https://0a0rf.edu/billing,1
https://shopify.com/blog/articles/user,0
https://shop.adobe.com/features/index,0
https://cloudflare.com/learn?utm_medium=1klhl&utm_source=jsl21&utm_campaign=44tzi,0
http://goo.gl/1wxf4qp,1
http://dhl-password-reset.o1oadsm.country/mucfw,1
https://auth.salesforce.com/signin,0
https://blog.reddit.com/courses,0
http://microsoft-secure.fofx.net/b8c1k,1
http://is.gd/95obp56,1
https://shop.linkedin.com/user,0
http://147.81.141.14/apple/webscr/srbz0t,1
http://chase-security-check.uvtw0vgvr.xyz/frlo8,1
https://7bu6pa.gov/2zb,1
http://google-unlock.hub6iqs0s.co/cpvb2,1
https://dropbox.com/,0
https://coinbase-confirm.io/,1
http://chase.com@o9g9k6my.ga/wallet,1
https://z6pi-cdn.sciencedirect.com/products,0
https://xn--xm3f5-ich.ga/outlook-alert,1
https://grun6k.co/billing,1
https://stackoverflow.com/news?id=20342,0
https://docs.salesforce.com/user/settings,0
https://xn--htkg5-if7.ga/facebook-login,1
http://134.36.209.8/paypal/unlock/0qwyjb,1
http://bankofamerica-support.3os6u1m.co/x4iim,1
http://wellsfargo-password-reset.z7uca.edu/3i9to,1
https://p3b1njn.com/webscr,1
https://harvard.edu/help/settings,0
https://microsoft.com/,0
http://microsoft-confirm.im53.co/qx7tg,1
https://6ppwef.net/8k4,1
https://ieee.org/about?id=72888,0
http://binance-secure-ql2d-wallet.cf/login.php,1
https://office365-signin.co/,1
https://medium.com/blog/products/careers,0
http://google-signin.wa3pnm.zip/c74co,1
http://paypal-signin.91x7szb2.io/sv0ku,1
https://help.medium.com/news,0
https://www.harvard.edu/blog,0
https://www.who.int/api,0
https://www.sciencedirect.com/pricing/docs,0
https://netflix.com/,0
http://paypal-verify.26hh138.click/0ialu,1
https://ieee.org/blog?id=38798,0
http://office365.com@qf9s61ou.gov/unlock,1
https://hc8vn.com/irs/update,1
https://mit.edu/,0
https://nytimes.com/pricing?utm_campaign=jajkq&utm_medium=9jq88&utm_term=zmep3,0
http://apple.com@gr7gk2e9.xyz/verify,1
https://khanacademy.org/,0
http://paypal-login.qnulua.net/ef0xo,1
http://amazon-webscr.j9ufzew.country/8jbfb,1
https://spotify.com/,0
https://google.com/help/user,0
http://dhl-alert.fot6gzra.work/nktjk,1
https://i2jbc9u.net/signin,1
http://ebay.com@9tdzex4m.com/signin,1
http://11.6.53.230/outlook/signin/k0z0f3,1
https://khanacademy.org/,0
https://python.org/blog/contact,0
http://bbc.com/help,0
http://netflix-wallet.ovbk212q.country/bythj,1
https://apple.com/,0
https://amazon-suspend.co/,1
https://sciencedirect.com/,0
https://coursera.org/,0
http://49.198.119.240/outlook/unlock/iqg2tc,1
http://shopify.com/articles/settings,0
https://harvard.edu/courses/index?id=36509,0
https://wrr2jws.edu/signin,1
https://auth.nytimes.com/billing,0
http://bankofamerica.com@s6w81t51.org/password-reset,1
http://instagram-suspend.7ns82wk.net/x0bs9,1
https://669xk.io/wallet,1
https://salesforce.com/,0
http://amazon-update.e0mx.ga/2zgpz,1
http://microsoft.com@3uq8ehe8.country/login,1
http://amazon-wallet.nx14se.cf/wsat0,1
http://212.164.87.229/bankofamerica/account/0ayw7v,1
http://irs-billing-l2zb-secure.io/login.php,1
https://dropbox.com/blog?utm_medium=qbw8c&utm_source=pwge6&utm_term=2h6ep,0
https://netflix.com/,0
http://netflix.com@1rbue5v7.ga/password-reset,1
http://oohy-secure-webscr-netflix.com/login.php,1
http://6.248.183.240/google/verify/a5qcrx,1
http://who.int/docs/pricing,0
https://blog.sciencedirect.com/search,0
http://bit.ly/sv8l29e,1
http://213.252.40.42/office365/wallet/2uats0,1
http://irs-alert.snofku.org/r5xyb,1
https://mit.edu/download/features/about?id=97742,0
https://coursera.org/api,0
https://xn--f8a5r-6aa.xyz/apple-suspend,1
https://apple.com/contact/api,0
http://2ce4-secure-chase-support.io/login.php,1
http://243.97.100.196/chase/billing/tsms3s,1
https://khanacademy.org/,0
https://xn--l1cc0-i8l.zip/bankofamerica-password-reset,1
https://my.github.com/verify,0
https://www.salesforce.com/docs/features,0
http://ebay-secure.je2n8h.tk/de72p,1
https://blog.nasa.gov/about,0
http://wellsfargo-secure-m1xj-account.edu/login.php,1
https://docs.python.org/api,1
https://linkedin.com/,0
https://4sco-api.wikipedia.org/settings/download/docs,0
https://adobe.com/contact/download,0
https://shop.bbc.com/courses,0
https://accounts.netflix.com/account,0
http://tinyurl.com/2sgfglg,1
http://signin-9w3g-outlook-secure.io/login.php,1
https://docs.adobe.com/about,0
https://eldp7l.edu/support,1
https://medium.com/,0
http://cloudflare.com/api,0
https://jzngsl.net/o8j,1
https://salesforce.com/help/pricing/user?id=83181,0
https://sg7bir.net/sd6,1
http://secure-nfr7-alert-outlook.io/login.php,1
http://nytimes.com/features,0
http://bankofamerica-login.ng9l.country/4pylg,1
https://harvard.edu/,0
https://my.nature.com/login,0
http://128.180.94.145/ebay/verify/3oili4,1
http://is.gd/ehxwmbh,1
https://pe92-us.google.com/articles,0
http://tinyurl.com/ke36a00,1
http://instagram-confirm.k33q7.kim/c51z0,1
https://ke4zk3l.net/irs/wallet,1
https://usps-secure.edu/,1
https://medium.com/about/features,0
https://www.nytimes.com/learn,0
https://secure.shopify.com/verify,0
http://ebay.com@jm0x49j1.kim/support,1
https://shop.linkedin.com/settings,0
https://khanacademy.org/search?utm_campaign=gy6tk&utm_medium=ects3&utm_source=77v1i,0
https://secure.salesforce.com/account,0
https://9i7a-static.amazon.com/courses/news/support,0
https://0wfr2v.org/ces,1
https://bbc.com/,0
https://harvard.edu/,0
http://t.co/vwnn3mt,1
http://goo.gl/u9f93c6,1
https://accounts.reddit.com/account,0
https://office365-alert.net/,1
https://6di9iv.com/0k8,1
http://tinyurl.com/vscbkia,1
http://netflix.com@e3grag7y.ga/confirm,1
https://2zka-us.linkedin.com/blog/api/features,0
https://oyyoxi.edu/pza,1
http://apple.com/help/docs,0
https://amazon.com/,0
http://microsoft-password-reset.g8xtdd.tk/t6zv1,1
http://signin-secure-dhl-i529.xyz/login.php,1
https://apple.com/settings,0
http://outlook.com@ls24mnei.gov/wallet,1
https://www.adobe.com/settings/features,0
http://office365-alert.v57c.kim/bu6oj,1
https://nature.com/,0
http://233.45.19.117/microsoft/webscr/4y225f,1
https://xn--8iqv9-cl6.com/netflix-login,1
https://who.int/courses,0
http://t.co/ien11hx,1
https://wikipedia.org/,0
http://204.238.252.194/dhl/confirm/5510du,1
http://usps-secure-alert-4er1.co/login.php,1
https://id.google.com/support,0
https://h9mj3z.edu/xi0,1
https://xn--ezb7s-gw9.co/bankofamerica-suspend,1
http://wellsfargo-password-reset.z3ofmgjhm.kim/eltmq,1
https://microsoft.com/contact?id=50206,0
http://microsoft.com@fusdkjr8.click/secure,1
http://tinyurl.com/wwqmmqk,1
http://81.172.1.73/outlook/verify/uyg2rd,1
http://25.246.33.230/netflix/suspend/t0bkxy,1
https://linkedin.com/support/download,0
https://salesforce.com/articles?utm_term=2se05&utm_campaign=itpqj&utm_source=1ye24,1
http://usps-unlock.u6qt0w.kim/33hp2,1
http://chase-billing.slqr.country/0zpcc,1
http://bankofamerica-gy29-confirm-secure.click/login.php,1
https://9alsqy.co/wallet,1
http://coinbase.com@14dfai5e.cf/alert,1
https://docs.who.int/articles,0
http://wellsfargo-kfb6-alert-secure.com/login.php,1
https://nytimes.com/,0
http://t.co/yg4pr5s,1
https://netflix.com/download/blog,0
https://xn--qi60g-7zh.tk/dhl-confirm,1
http://netflix.com@5aeica9s.top/wallet,1
http://wikipedia.org/about/support,0
http://goo.gl/63t74cv,1
https://582596cf.io/login,1
http://usps-secure.bth61yaxy.org/zgf9l,1
http://tinyurl.com/nnzgb8k,1
https://d1fp9l.co/h4k,1
https://dropbox.com/help,0
https://my.spotify.com/login,0
https://f6nlc9.gov/office365/webscr,1
http://99.227.42.141/dhl/verify/7oznv8,1
http://outlook-suspend.h5spy.co/j5gqh,1
https://dropbox.com/support/learn/download,0
https://2232-us.python.org/download/blog,0
https://linkedin.com/search?utm_campaign=2z1ub&utm_medium=yh8ae&utm_term=cew6g,0
https://auth.sciencedirect.com/login,0
http://office365-update.12t9y.click/59t74,1
https://stackoverflow.com/courses,0
https://docs.nature.com/products,0
http://instagram-login.yii3alvix.io/qghdx,1
https://09h9i.org/unlock,1
http://apple-verify.1a5s8.kim/ynv67,1
http://b04s-secure-secure-paypal.kim/login.php,1
https://python.org/products/search?id=33360,0
https://www.amazon.com/support,0
https://salesforce.com/products/download,0
http://5g8f-instagram-support-secure.zip/login.php,1
https://python.org/learn/api/about,0
http://binance.com@anrcpv6l.top/account,1
https://xn--i27n0-lfw.cf/chase-alert,1
https://who.int/api?utm_source=5hfvc&utm_term=gcezj&utm_medium=0ab6c,0
https://who.int/features/help/docs,0
https://help.dropbox.com/contact/search,0
https://y9wb.gov/microsoft/suspend,1
http://t.co/vnhj0qw,1
https://linkedin.com/contact/search/support?id=24593,0
https://nasa.gov/,0
http://126.146.171.151/wellsfargo/signin/1vglpq,1
http://107.229.27.5/instagram/security-check/8cecnb,1
https://52uh-eu.spotify.com/articles/about/courses,0
http://121.75.14.1/paypal/webscr/3de6ni,1
https://docs.reddit.com/user/download,0
http://usps.com@90xgk4au.io/alert,1
http://google-login.sfxbz6.click/9vfg8,1
https://3nvj-api.google.com/news/learn/courses,0
http://secure-update-29mr-amazon.io/login.php,1
http://tinyurl.com/xcd4zg1,0
http://8.97.124.36/apple/wallet/6ioya7,1
http://account-secure-ebay-52lb.review/login.php,1
http://mit.edu/download,0
https://xn--0qfhp-x7k.zip/binance-suspend,1
https://stackoverflow.com/blog,0
https://bbc.com/blog/news,0
http://159.75.232.162/ebay/verify/r21nm3,1
http://f5oo-coinbase-secure-account.kim/login.php,1
https://zx1a.gov/instagram/security-check,1
https://www.mit.edu/pricing,0
http://t.co/6bxeet3,1
https://xn--05fia-elq.kim/amazon-password-reset,1
http://billing-facebook-secure-uv1z.click/login.php,1
http://ow.ly/jzinj90,1
http://instagram.com@6rwov424.click/support,1
https://linkedin.com/settings?utm_medium=cxbvp&utm_campaign=5z11c&utm_term=7ghi1,0
http://74.55.243.228/dhl/password-reset/4v7ls8,1
https://xn--8kud8-onz.gov/facebook-account,1
https://reddit.com/articles/docs/news,0
http://usps-bl0j-unlock-secure.kim/login.php,1
http://229.105.139.77/google/secure/az2kkw,1
http://webscr-instagram-secure-zkek.country/login.php,1
https://nytimes.com/support?id=42085,0
http://bit.ly/vz3on6c,1
https://harvard.edu/,0
http://webscr-qmdj-bankofamerica-secure.cf/login.php,1
http://wellsfargo-suspend.1hh0gu.ml/trj0f,1
https://shop.sciencedirect.com/search,0
https://un.org/,0
http://bankofamerica.com@5bmsb2h8.country/security-check,1
https://www.khanacademy.org/settings/help,0
http://225.89.68.244/dhl/alert/hf7s5z,1
https://wikipedia.org/index?utm_term=r3vo1&utm_medium=u2tqk&utm_campaign=wjyqk,0
https://l93vmg6q.gov/unlock,1
http://163.219.26.27/chase/wallet/prqy8u,1
https://xn--i1012-071.zip/facebook-update,1
https://bbc.com/,0
https://www.adobe.com/user,0
http://is.gd/xf0h5kr,1
https://secure.harvard.edu/verify,0
https://ieee.org/products?utm_campaign=kanx3&utm_term=fptmi&utm_source=tdysl,0
http://secure-irs-7xjx-login.net/login.php,1
http://office365.com@q71pt84e.zip/wallet,1
http://goo.gl/bz11usc,1
http://dhl-signin.0jzw8zmyd.org/ixpy6,1
https://shopify.com/news/help?id=83207,0
https://who.int/contact/products,1
https://www.adobe.com/index/download,0
https://xn--zfnzn-4ub.cf/apple-confirm,1
https://docs.cloudflare.com/products/learn,0
https://linkedin.com/,0
http://bit.ly/amvwk3d,1
https://www.nasa.gov/help/pricing,0
https://tqoo2o.edu/irs/support,1
http://instagram.com@3b3d42dt.net/wallet,1
https://docs.cloudflare.com/pricing/news,0
https://my.google.com/password-reset,0
https://5z1d-api.dropbox.com/user/about,0
https://secure.linkedin.com/support,0
https://shop.who.int/features,0
http://cloudflare.com/contact/features,0
https://stackoverflow.com/,0
https://nytimes.com/download,0
http://google-secure.3n3i.co/kh5yr,1
http://239.115.227.85/binance/support/szx90h,1
https://vdsspk.edu/facebook/secure,1
https://sciencedirect.com/,0
https://se1m89k.gov/google/alert,1
https://u0pl4.edu/irs/secure,1
https://shopify.com/,0
https://salesforce.com/articles?id=99092,0
http://linkedin.com/docs/contact,1
http://billing-secure-ocog-usps.work/login.php,1
https://nytimes.com/products,0
http://bankofamerica-secure-account-1p7k.work/login.php,1
https://auth.wikipedia.org/support,0
http://184.92.99.253/office365/billing/d77bs1,1
http://facebook-billing.lh5ays.review/a1sfj,1
https://nytimes.com/contact?utm_term=1xdge&utm_campaign=4kbjx&utm_source=jfpea,0
https://help.github.com/download/pricing,0
https://docs.ieee.org/courses,0
https://67l6-api.mit.edu/blog/help/about,0
http://tinyurl.com/u06mv1i,1
http://office365-update.zjbg0.gov/wguuk,1
http://ow.ly/njgbnz4,1
https://medium.com/,0
https://shopify.com/,0
https://github.com/news/courses,0
http://usps-unlock.n7ivfg4.click/jmdmw,1
https://coursera.org/,0
https://docs.nytimes.com/news/about,0
http://95.145.212.45/instagram/account/oss0on,1
http://google-alert.h0cn8su.country/jzb06,1
https://xn--6pdqv-uyu.edu/binance-wallet,1
http://ayhn-office365-suspend-secure.ml/login.php,1
https://58tn-static.microsoft.com/contact/support/api,0
https://shopify.com/,0
http://secure-9h5y-usps-security-check.xyz/login.php,1
https://shop.ieee.org/api,0
http://apple.com/contact,0
https://salesforce.com/support/help?id=98796,0
https://n9y6ki.edu/3lp,1
https://microsoft.com/index,0
https://1aq4qt.edu/oa6,1
https://accounts.harvard.edu/password-reset,0
http://ow.ly/g86x8qc,1
http://dhl.com@7pjixdgx.edu/signin,1
http://login-4bn2-outlook-secure.cf/login.php,1
http://stackoverflow.com/user/pricing,0
https://ieee.org/contact?utm_source=ob4fk&utm_term=l0cd9&utm_medium=ij6o3,0
https://tvdpddy.edu/binance/unlock,1
http://coinbase.com@59dyy6yy.io/wallet,1
https://help.dropbox.com/features,0
https://shopify.com/api?id=63037,0
https://xn--ekats-02w.io/facebook-billing,1
https://www.reddit.com/contact/api,0
https://xn--zf1rh-nxg.xyz/irs-webscr,1
https://wikipedia.org/,0
http://microsoft-login.19sse.com/93318,1
https://spotify.com/search,0
https://2qij.co/instagram/alert,1
https://www.spotify.com/pricing,0
https://s7coxz21.com/suspend,1
https://docs.spotify.com/docs/articles,0
https://secure.who.int/verify,0
http://148.7.89.9/paypal/verify/ttk8g0,1
https://www.ieee.org/download/about,0
https://cdqv-static.harvard.edu/careers/learn,0
http://246.226.23.2/amazon/wallet/rxizw7,1
http://apple.com@j0azldhh.gov/signin,1
http://secure-chase-9m1h-account.ml/login.php,1
https://ieee.org/settings/about,0
https://id.nytimes.com/login,0
https://who.int/,0
https://cloudflare.com/,0
https://blog.dropbox.com/pricing,0
http://140.119.225.185/amazon/verify/zvceym,1
http://instagram-verify.oe0xr.review/miplr,1
https://github.com/contact/products/download,0
https://khanacademy.org/careers?utm_term=1250k&utm_medium=j6i53&utm_campaign=i67hn,0
http://google-login.dxtmor.tk/y77q4,1
https://accounts.python.org/billing,0
http://netflix-secure-levg-update.top/login.php,1
https://bbc.com/news/settings?id=73186,0
https://l5tpf.co/account,1
https://o48g.edu/paypal/alert,1
https://docs.netflix.com/pricing/news,0
https://office365-update.io/,1
https://dbpncx.co/eb5,1
http://dhl-verify.fd10.net/3yolr,1
https://reddit.com/news/help/support?id=84260,0
http://82.63.192.71/usps/security-check/uv4ras,1
https://harvard.edu/,0
https://i39k5kv.org/bankofamerica/secure,1
https://office365-password-reset.net/,1
https://po2r-api.google.com/blog/docs,0
http://wellsfargo-secure.5mgq.xyz/gj4lw,1
https://lrk89scz.gov/login,1
http://wellsfargo-secure-khbb-account.com/login.php,1
https://auth.adobe.com/billing,0
https://yfsp-cdn.salesforce.com/user,0
https://xn--vvf9t-wxk.country/office365-signin,1
http://bankofamerica-secure.991mnkbdl.zip/16n3d,1
https://xn--b7qtc-yws.edu/dhl-unlock,1
https://id.github.com/password-reset,0
http://paypal-billing.hdgwlk.gov/lqlrq,1
http://bankofamerica-unlock.rq8gwvg.io/34rps,1
https://cloudflare.com/,0
http://ebay.com@7s5sy57w.ml/account,1
http://secure-wallet-usps-i7dz.top/login.php,1
https://blog.dropbox.com/pricing,0
http://wallet-bankofamerica-i81a-secure.org/login.php,1
http://amazon.com@5o4j5kwb.com/alert,1
https://nature.com/,0
http://facebook.com@uemib3hp.io/update,1
http://208.57.218.145/apple/confirm/sl3hoq,1
http://paypal-secure.wu67i.kim/nq9gh,1
https://3dzh648.io/apple/support,1
https://shopify.com/settings?utm_source=yhp5e&utm_term=7axui&utm_medium=y0x8l,0
http://irs-update.gah9w.gov/d78d8,1
https://harvard.edu/,0
http://wellsfargo-secure.4ewfnnj1c.ga/f85m0,1
https://xn--hqs7z-ciz.gov/dhl-secure,1
https://6avxar.org/suspend,1
http://office365-support.8fohexg.review/6epyb,1
http://secure-alert-amazon-7mw6.gov/login.php,0
https://linkedin.com/blog/about/about,0
https://khanacademy.org/,0
https://id.khanacademy.org/verify,0
https://0ljt59.io/unlock,1
http://45.80.78.138/chase/account/wng5l1,1
http://ow.ly/ycsirru,1
http://facebook-secure.yya0k7.zip/woy5t,1
https://khanacademy.org/,0
https://microsoft.com/articles?utm_campaign=iye8t&utm_source=bix59&utm_term=2any7,0
http://signin-secure-6fgb-microsoft.ml/login.php,1
https://binance-security-check.io/,1
https://shop.reddit.com/user,0
https://shop.adobe.com/settings,0
https://dropbox.com/,0
https://www.wikipedia.org/help,0
https://adobe.com/,0
http://goo.gl/p5s5xd1,1
https://coursera.org/settings/help?id=67174,0
http://qhxw-confirm-secure-amazon.io/login.php,1
http://facebook-support.s8f888.ga/y27xb,0
http://ebay-wallet.f1asy.io/cgmna,1
https://u9ux-eu.shopify.com/api/news/index,0
https://www.salesforce.com/support/products,0
http://36.106.125.47/coinbase/unlock/ntc188,1
https://xn--plpim-15p.co/apple-webscr,1
https://zzpj.net/bankofamerica/alert,1
http://dhl-secure.ingi.cf/e57h2,1
http://bbc.com/articles,0
http://113.153.62.230/ebay/account/4qhx63,1
https://amazon-support.gov/,1
http://usps-login.3bydvom.tk/3dhpy,1
https://harvard.edu/learn/api,0
https://help.apple.com/docs/about,1
http://instagram-secure.ihxec9f.country/dbqso,1
http://secure-office365-dxqw-suspend.country/login.php,1
https://google.com/,0
https://www.dropbox.com/api,0
http://un.org/settings,0
http://secure-dhl-billing-tupu.gov/login.php,1
https://auth.nature.com/login,0
https://blog.microsoft.com/settings,0
https://0tgs4p.net/dhl/support,1
https://n6a5ww.net/amazon/suspend,1
https://linkedin.com/learn/careers?id=70283,0
http://wellsfargo-verify.tqrhyruyl.zip/qm9ra,1
https://www.stackoverflow.com/index,0
http://bit.ly/s5tf1hj,1
http://54.62.245.21/outlook/update/lvy55i,1
https://accounts.nytimes.com/account,0
https://dropbox.com/,0
https://amazon.com/blog/docs?id=41188,0
https://shop.ieee.org/careers,0
https://nature.com/download/learn/docs,0
http://paypal-suspend.9ulq2.ga/zuwsw,1
https://help.amazon.com/blog,0
http://ebay.com@f9tmkna4.ga/account,1
https://khanacademy.org/docs,0
https://28ar2a.net/c4m,1
https://ymhqvr.io/wallet,1
https://y7m7j.gov/confirm,1
http://kyf1-password-reset-secure-usps.gov/login.php,1
https://9g1lly.edu/r6t,1
http://verify-secure-g3yk-google.ml/login.php,1
https://www.salesforce.com/pricing/news,0
https://2sn0-static.apple.com/index/user/index,0
http://paypal-verify.czm5.edu/7eh81,1
http://dhl-support.vwz9.click/e0ayt,1
https://docs.python.org/docs,0
https://shopify.com/,0
https://nytimes.com/index/blog?id=24078,0
http://wellsfargo.com@2k5pt08k.kim/update,1
http://apple.com@k43t0r8l.io/account,1
https://coursera.org/courses?id=72444,0
https://6vzq-cdn.apple.com/news,0
https://xn--xj43d-fwy.org/amazon-wallet,1
https://www.cloudflare.com/articles/support,0
https://stackoverflow.com/pricing?utm_medium=ijdqf&utm_campaign=rr5rn&utm_source=i7he0,0
http://wellsfargo-alert.91e4oi230.io/b0mve,1
https://dhl-confirm.edu/,1
http://outlook.com@dufuynox.top/suspend,1
https://shop.adobe.com/about/support,0
http://chase-billing.jjre.top/f44hx,1
https://my.shopify.com/login,0
https://sciencedirect.com/,0
http://facebook-support.4qinothj8.ml/psp4b,1
https://spotify.com/,0
http://secure-z126-paypal-wallet.review/login.php,1
http://tinyurl.com/yomnp98,1
https://www.github.com/search,0
http://netflix.com@f9inmidd.xyz/alert,1
http://163.10.234.130/wellsfargo/support/4odo1w,1
https://coursera.org/news,0
http://142.161.97.19/instagram/support/pt2e5z,1
https://7s2yh.org/unlock,1
https://docs.adobe.com/contact,0
http://121.164.203.17/netflix/confirm/cvytcb,1
http://instagram-billing.w4yuen1.work/dgngo,1
https://g1i3zjr.org/irs/webscr,1
http://216.107.145.87/ebay/unlock/mxe5f3,1
https://un.org/,0
http://i29l-suspend-secure-bankofamerica.xyz/login.php,1
https://docs.linkedin.com/api,0
http://update-facebook-80pd-secure.work/login.php,1
https://nature.com/user/index/support?id=32312,0
https://secure.medium.com/signin,0
https://mit.edu/,0
http://1srl-update-secure-dhl.tk/login.php,1
https://shop.cloudflare.com/user,0
https://qh0fyn.io/bankofamerica/secure,1
https://4bns.net/usps/unlock,1
https://fq3uwqe.org/chase/billing,1
https://www.adobe.com/settings/articles,0
http://ow.ly/a6v2ykn,1
https://blog.who.int/index/download,0
https://blog.adobe.com/search,0
http://outlook-account.xxi8u.ml/95b1m,1
https://un.org/blog?id=56949,0
https://www.shopify.com/settings,0
https://nature.com/settings/contact?id=64156,0
http://201.45.253.156/office365/signin/sascej,1
http://is.gd/2ep1bsi,1
https://www.linkedin.com/blog/index,0
https://nature.com/learn/learn/download,0
http://wellsfargo.com@hj7ef4ne.io/support,1
http://password-reset-wc70-office365-secure.xyz/login.php,1
https://xn--ckc8y-5zc.xyz/amazon-verify,1
http://o6kg-secure-wallet-office365.ml/login.php,1
https://www.adobe.com/careers,0
https://bankofamerica-secure.org/,1
http://office365-unlock.p0pyq0av.top/xuh0h,1
https://dhl-confirm.gov/,1
http://office365.com@gh1a8hb5.com/suspend,1
http://tinyurl.com/gspf00w,1
https://nhsf9h.co/e20,1
http://ebay.com@f0vcqqgx.net/suspend,1
http://t.co/jawcqyx,1
https://accounts.nature.com/login,0
https://www.microsoft.com/blog/user,0
http://binance.com@hugx03tb.io/support,1
https://khanacademy.org/,0
https://blog.spotify.com/help/help,0
https://who.int/search/news?id=94410,0
https://bbc.com/api,0
http://t.co/9gkvffb,1
https://xn--2mpop-v1t.edu/amazon-account,1
http://amazon-account.qaa0en7yv.ga/r1zdk,1
http://security-check-secure-netflix-l1bd.top/login.php,1
https://cloudflare.com/,0
https://xuqe-static.un.org/docs/learn/docs,0
https://xn--z92a0-y16.co/coinbase-verify,1
http://facebook-c4lv-alert-secure.xyz/login.php,1
https://who.int/,0
http://office365-login.axwt51.tk/f19dy,1
http://update-secure-dhl-x1fr.kim/login.php,1
https://facebook-wallet.edu/,1
http://ebay-webscr.4zecxi5lm.country/5wtmu,1
http://46.113.22.103/outlook/account/sohzv9,1
https://reddit.com/,0
http://secure-update-instagram-dqwg.cf/login.php,1
https://bbc.com/,0
https://stackoverflow.com/docs/support,0
https://who.int/,0
http://bit.ly/2z9ahk0,1
https://docs.salesforce.com/download/features,0
https://reddit.com/,0
http://secure-5rrb-secure-netflix.cf/login.php,1
http://update-secure-wellsfargo-fpaz.top/login.php,1
https://2klz-api.cloudflare.com/pricing,0
http://is.gd/ychh1iq,1
http://p2ch-secure-apple-update.tk/login.php,1
http://vzzn-wallet-secure-apple.click/login.php,1
http://115.222.86.86/binance/support/acumu4,1
https://help.nytimes.com/about/news,0
http://apple.com@ga6aaqw6.net/webscr,1
https://ukfv-eu.un.org/user,0
https://3ccl-us.spotify.com/settings/products/support,1
https://5fnqaj.net/cb0,1
http://7.224.147.238/chase/secure/ypq59m,1
http://amazon.com/help/courses,0
https://shop.google.com/help/pricing,0
http://irs-secure.647pl.ml/okpy2,1
https://microsoft.com/api?utm_term=77p45&utm_campaign=ru4of&utm_source=qsfw9,0
https://apple.com/,0
https://adobe.com/news?utm_campaign=6g9zx&utm_source=xb57q&utm_term=y9ubu,0
https://yeyct4y.com/login,1
http://9.131.227.166/apple/support/cjahgd,1
http://fuqb-account-chase-secure.net/login.php,1
https://nasa.gov/,0
http://coinbase-account.ckox6.country/n33hk,1
https://google-login.edu/,1
http://87.171.106.12/outlook/webscr/z44xww,1
https://accounts.reddit.com/verify,0
http://irs-webscr.wtvdnq.zip/6hvqm,1
http://195.241.247.114/paypal/verify/qm26r5,1
https://who.int/articles?id=7631,0
https://harvard.edu/contact/products,0
http://wellsfargo-wallet.ed0ahrd.work/poy51,1
http://microsoft-support.qj9qj.edu/1570f,1
https://shop.apple.com/news/contact,0
https://google.com/user/about,0
http://paypal-alert.xhxjbnvc6.com/oz70b,1
https://206hhk.co/acw,1
https://nasa.gov/,0
https://3t8t7w.co/ebay/suspend,1
http://ow.ly/wv2h7dv,1
https://cloudflare.com/download?utm_campaign=jmsnd&utm_medium=8dudd&utm_term=467kd,0
https://9okw.io/amazon/login,1
https://www.harvard.edu/contact/contact,0
https://xn--epu96-f6s.xyz/paypal-suspend,1
http://140.116.230.114/ebay/account/hel36e,1
https://b93h0ud7.co/confirm,1
https://amazon.com/courses/courses/index?id=7717,1
http://220.104.247.113/binance/secure/7qxggo,1
http://outlook.com@iknetq98.tk/verify,1
https://tiup-eu.khanacademy.org/help,0
http://92.120.181.115/netflix/wallet/ak9c2h,1
https://adobe.com/,0
https://python.org/articles/search/careers?id=23715,0
http://dropbox.com/api,0
https://spotify.com/products/blog/features?id=70511,0
https://zywo2.org/webscr,1
https://medium.com/,0
http://microsoft-account.o26zl9k.net/ubtir,1
http://amazon.com@gnqopd1k.top/password-reset,0
https://blog.mit.edu/download,0
https://chase-wallet.gov/,1
http://coinbase.com@24ceuktl.io/secure,1
https://reddit.com/settings/products,0
https://08ev-static.nytimes.com/careers/support/help,0
https://amazon.com/,0
http://t.co/o6kquyl,1
https://python.org/,0
http://1.229.134.171/microsoft/alert/2r8upf,1
http://google-update.bs0kd95.co/o9toi,1
https://xn--p5in0-4d6.tk/microsoft-signin,1
https://nytimes.com/,0
https://sciencedirect.com/contact/blog,0
https://wikipedia.org/,0
https://secure.mit.edu/signin,0
https://6os8tkj0.io/verify,1
http://156.156.131.153/netflix/support/avj09g,1
http://7h72-secure-update-coinbase.zip/login.php,1
https://y3q40l.org/4bn,1
https://www.netflix.com/api/docs,0
http://bankofamerica.com@oe445o1s.review/update,1
https://5bzi7ec4.io/login,1
http://usps.com@7estf11y.org/login,1
https://mit.edu/,0
http://netflix-alert.73biltab5.ml/vfeal,1
https://blog.linkedin.com/download/learn,0
https://u1vgv8j.org/account,1
https://5s0kgn.org/txw,1
https://www.cloudflare.com/articles,0
https://who.int/learn/careers,0
https://netflix.com/learn/news/docs,0
https://blog.apple.com/articles,0
https://xn--8kq8p-imf.gov/irs-support,1
https://www.google.com/download/docs,0
https://358w-eu.dropbox.com/help,0
https://nasa.gov/,0
https://secure.medium.com/account,0
https://xn--k2kxq-vk7.co/binance-unlock,1
https://x973a.net/confirm,1
https://microsoft.com/support/support/support?id=52553,1
https://0pkqo.gov/coinbase/secure,1
https://glg06oi.org/confirm,1
http://bankofamerica.com@gej4asji.top/update,1
https://apple.com/products/download?id=57638,0
https://nytimes.com/contact?utm_source=usfw5&utm_campaign=b0kxq&utm_term=m6r7b,0
http://ieee.org/search/search,0
https://amazon.com/,0
https://sciencedirect.com/,0
https://who.int/,0
http://secure-bankofamerica-1b8i-webscr.xyz/login.php,1
https://khanacademy.org/news?utm_source=9vrnj&utm_campaign=5hzmd&utm_term=mpu0n,0
http://paypal.com@56o5e0qj.top/confirm,1
https://ztxrta.edu/z7t,1
https://auth.amazon.com/support,0
http://57.210.175.98/microsoft/signin/83x4rf,1
https://y0udpa.com/7vb,1
http://ow.ly/93vmrc4,1
http://microsoft.com@t3ylp6ck.tk/suspend,1
https://yhhqe.com/signin,1
https://www.microsoft.com/blog,0
https://un.org/search/blog/contact,0
https://stackoverflow.com/blog?utm_medium=vfdg0&utm_source=lks9l&utm_term=3xcft,0
https://xn--f2yzb-kss.cf/amazon-wallet,1
https://wikipedia.org/help/settings/user?id=75173,0
https://linkedin.com/docs/about/about,0
https://nasa.gov/,0
https://docs.who.int/download/api,0
https://nasa.gov/,0
https://blog.nature.com/features,0
https://shopify.com/pricing/search/help?id=72463,0
https://shop.coursera.org/download/search,0
https://netflix-secure.io/,1
http://qt8x-dhl-secure-password-reset.top/login.php,1
https://www.khanacademy.org/about,0
https://secure.dropbox.com/account,0
https://adobe.com/about/learn,0
https://xn--e5jhg-1kt.review/chase-secure,1
http://59.1.218.243/irs/login/kr0440,1
http://ebay-unlock.ojtw3.zip/715sd,1
https://docs.spotify.com/careers/careers,0
https://who.int/careers/courses/help?id=78977,0
https://shopify.com/,0
https://instagram-suspend.net/,1
https://9qn3fg4.io/binance/update,1
https://nasa.gov/features?id=74432,0
http://microsoft-verify.t0qcpeg8.ga/j93gq,1
https://ew0f41.io/amazon/suspend,1
https://bbc.com/,0
https://m8lb-us.salesforce.com/user/courses,0
https://id.netflix.com/support,0
https://blog.nytimes.com/articles,0
http://goo.gl/e1xn2y3,1
https://2bmkma9.gov/alert,1
http://80.166.236.132/facebook/unlock/wajt0e,1
https://shop.bbc.com/user/support,0
https://0rzi.com/facebook/password-reset,1
https://i8satn.gov/pxh,1
http://tinyurl.com/vu736ju,1
https://sciencedirect.com/,0
http://linkedin.com/docs,0
http://amazon-unlock.nufw2oca4.top/s0xir,1
http://microsoft-update.4k9e9j.com/hk598,1
http://56.102.70.50/facebook/support/jpxczp,1
http://t.co/w9rj26p,1
http://outlook.com@p2xlppwx.top/password-reset,1
http://ow.ly/77dmkb2,1
https://binance-confirm.com/,1
http://wallet-q8jh-usps-secure.zip/login.php,1
http://bit.ly/u3acbed,1
http://facebook-password-reset.06qhm9i7.country/993vy,1
https://office365-wallet.co/,1
https://accounts.sciencedirect.com/signin,0
http://goo.gl/nen47n3,1
http://h2wl-apple-unlock-secure.org/login.php,1
http://2agh-facebook-secure-unlock.review/login.php,1
http://bankofamerica.com@t0av8ggu.cf/password-reset,1
https://www.nature.com/api/download,0
https://medium.com/careers,0
http://amazon-unlock.ox29q20w.cf/avt5y,1
https://khanacademy.org/,0
https://salesforce.com/,0
https://docs.adobe.com/help,0
http://coinbase.com@3l7zoirt.tk/wallet,1
https://w5xt-cdn.mit.edu/user/products/features,0
https://vn5exw4.org/ebay/webscr,1
https://outlook-suspend.com/,1
https://1l36-eu.harvard.edu/download/courses/learn,0
http://paypal-confirm.m786.tk/lxym3,1
https://help.nasa.gov/help/docs,0
http://189.236.196.220/instagram/password-reset/52wtr9,1
http://70.163.174.36/chase/signin/5qs798,1
https://xn--nmk4c-i6z.kim/irs-confirm,1
http://t.co/tj9doew,1
https://medium.com/support/courses/blog,0
http://confirm-nklu-secure-google.com/login.php,1
https://help.medium.com/search/search,0
http://36.222.248.228/irs/security-check/v4udil,1
http://apple.com@wt7s2n7w.top/billing,1
https://shop.cloudflare.com/news,0
https://my.python.org/support,0
https://www.sciencedirect.com/search,0
https://adobe.com/docs/api?id=88313,0
https://amazon.com/,0
https://n2rz-eu.amazon.com/settings,0
https://accounts.mit.edu/verify,0
https://shop.python.org/about,0
https://3gn1qei.net/unlock,1
https://blog.python.org/courses/download,0
http://github.com/contact,0
https://a5mqgp.net/bvr,1
http://office365.com@bhj68qvl.com/unlock,1
https://bankofamerica-wallet.edu/,1
http://ebay.com@jp0h1cfb.gov/account,1
http://bit.ly/5tafjyg,1
https://www.salesforce.com/index/search,0
https://reddit.com/,0
https://mit.edu/blog?utm_campaign=593ob&utm_term=ajqt4&utm_medium=hs0l5,0
http://chase-secure.0i1e2.kim/5foun,1
https://www.nasa.gov/news/api,0
https://xn--5cq0r-9vu.zip/outlook-secure,1
https://wikipedia.org/,0
http://paypal-secure-9zm7-billing.co/login.php,1
https://blog.coursera.org/search,0
http://confirm-mi27-bankofamerica-secure.net/login.php,1
https://qd263dt.co/microsoft/login,1
http://bit.ly/wstmye8,1
https://apple.com/,0
http://dhl.com@v60btxfp.click/billing,1
http://amazon-unlock.v17vcdm.top/2a80e,1
https://dhl-suspend.org/,1
http://secure-suspend-a3ee-instagram.work/login.php,1
http://secure-account-microsoft-oixy.zip/login.php,1
https://accounts.apple.com/billing,0
https://auth.bbc.com/account,0
http://amazon.com@inr2oh8r.io/suspend,1
http://instagram-password-reset.nxv66ed6.country/ij22v,1
https://nytimes.com/,0
https://un.org/,0
https://shopify.com/products,0
https://xn--c2yew-j8n.ga/google-password-reset,1
http://google.com/settings,0
https://salesforce.com/,0
http://7moo-secure-confirm-outlook.gov/login.php,1
http://dhl-update.lnpvpaci.org/wwmvl,1
https://dropbox.com/,0
http://97.234.36.91/amazon/verify/2r6rzz,1
https://microsoft.com/,0
http://usps-account.jj76jyd.cf/3hou4,1
http://ebay-login.4nhefkbj.click/3klhz,1
http://87.126.68.249/netflix/signin/fixglg,1
https://ieee.org/,0
https://288d5.com/unlock,1
https://www.netflix.com/learn,0
https://fnya-api.who.int/user/index/settings,0
http://usps-secure-pdoy-wallet.review/login.php,1
https://instagram-password-reset.co/,1
https://python.org/,0
https://5fjd-cdn.un.org/products/blog,0
http://instagram-signin.hrk0.review/2ma2q,1
https://medium.com/,0
http://t.co/sfl1596,1
https://stackoverflow.com/,0
http://223.235.5.35/netflix/unlock/ysr3ox,1
http://135.107.45.218/netflix/password-reset/808uys,1
https://apple.com/api/search?id=43308,0
https://blog.shopify.com/news,0
https://who.int/articles?id=5772,0
https://y8ah58ik.edu/password-reset,1
http://reddit.com/products/settings,0
https://www.coursera.org/settings,0
https://2rxg-cdn.dropbox.com/courses/api/help,0
http://44.250.223.191/usps/unlock/4nwjae,1
https://netflix.com/,0
https://id.spotify.com/account,0
http://ieee.org/articles/articles,0
https://glcd-static.un.org/help/user/settings,0
https://docs.nytimes.com/products/contact,0
https://dkypca.io/gb2,1
http://netflix.com@eexz4g4e.review/webscr,1
https://auth.spotify.com/verify,0
https://harvard.edu/support,0
http://netflix-login.wkbx4.xyz/c9mij,1
http://tinyurl.com/bu5tieo,1
http://is.gd/xjh0wp9,1
https://jo9xux.com/2ml,1
https://secure.harvard.edu/signin,0
https://auth.sciencedirect.com/login,0
https://sciencedirect.com/,0
https://instagram-account.edu/,1
http://bit.ly/pjr93mw,1
https://9mcp-api.github.com/features,0
https://coursera.org/docs/support/api,0
https://shop.google.com/learn/blog,0
https://harvard.edu/news/user,0
http://irs-signin.snoy.gov/2v3vx,1
https://auth.amazon.com/billing,0
http://131.133.8.87/wellsfargo/wallet/b5uc56,1
http://72.97.238.119/coinbase/verify/uncfu5,1
http://apple.com@pkp9953n.org/login,1
http://tinyurl.com/qm1qy1o,1
https://xn--17b4c-rlo.io/bankofamerica-alert,1
https://harvard.edu/blog?utm_source=al3gf&utm_term=ul1fc&utm_medium=xo2di,0
http://coinbase-signin.l00270e.gov/zoo9z,1
https://5mmh.org/outlook/confirm,1
http://binance-security-check-sf73-secure.xyz/login.php,1
https://dhl-account.gov/,1
http://chase.com@rtig4unt.top/confirm,1
http://binance-login.4o3n.work/drfwa,1
https://shop.un.org/settings,0
https://ntk4-eu.dropbox.com/pricing/blog,0
https://reddit.com/,0
https://netflix.com/,0
https://who.int/,0
https://nasa.gov/,0
https://auth.nytimes.com/login,0
https://xn--0ur2x-639.org/coinbase-confirm,1
http://facebook-security-check.auh90xdz3.edu/0rveg,1
https://spotify.com/,0
http://t5xn-google-unlock-secure.click/login.php,1
https://nytimes.com/,0
http://facebook-wallet.7shdz.edu/ab1yh,1
https://salesforce.com/help?utm_source=j64l6&utm_campaign=rvtdg&utm_medium=6ik4k,0
https://coursera.org/,0
https://xn--lbh9p-iax.io/chase-update,1
https://my.microsoft.com/signin,0
http://google-es2s-account-secure.click/login.php,1
http://goo.gl/eemws2l,1
http://chase.com@xpvkrp43.com/wallet,1
http://dhl-password-reset.y9adwvei.net/z41qq,1
https://netflix.com/,0
https://cloudflare.com/,0
http://goo.gl/tvil4xq,1
https://stackoverflow.com/,0
http://paypal-suspend.sg6667z.xyz/zpg7n,1
https://id.dropbox.com/signin,0
https://www.sciencedirect.com/support,0
http://signin-7qtr-secure-amazon.edu/login.php,1
https://www.netflix.com/download/index,0
https://salesforce.com/learn/index?id=75304,0
https://j4xmon.co/v0x,1
https://docs.python.org/user,0
http://goo.gl/h1hffj7,1
https://www.linkedin.com/search,0
http://outlook-unlock.j2gojxopi.tk/w796q,1
https://bankofamerica-suspend.com/,1
https://www.sciencedirect.com/search/careers,0
https://xn--f7vrh-mnm.work/facebook-support,1
https://linkedin.com/blog/api,0
http://binance-billing.d12ft.cf/14dmf,1
https://www.harvard.edu/about/contact,0
http://bbc.com/user/articles,0
http://paypal-update.ev1u9h.gov/2gx49,1
http://irs-sqw4-secure-support.net/login.php,1
https://spotify.com/products?id=86416,0
https://apple.com/,0
https://spotify.com/,0
http://bwt2-account-secure-irs.com/login.php,1
http://support-outlook-53md-secure.tk/login.php,1
https://secure.amazon.com/login,0
https://khanacademy.org/courses/settings,0
http://secure-billing-h71d-ebay.xyz/login.php,1
http://usps-alert.ybs67.work/7ppzi,1
https://ieee.org/,0
http://206.148.105.155/microsoft/secure/cbrf6e,1
https://docs.mit.edu/settings/products,0
http://ow.ly/t170n82,1
https://xn--y6qlh-9h9.kim/office365-security-check,1
https://uqh3.co/irs/webscr,1
https://who.int/contact/articles/pricing?id=6506,0
http://github.com/courses,0
http://coinbase.com@js8rrqrd.review/update,1
http://tinyurl.com/i5rnujt,1
http://irs.com@phpui51l.co/unlock,1
http://login-outlook-w5ce-secure.ml/login.php,1
http://ow.ly/al3zbru,1
https://vqk5-static.dropbox.com/articles/blog,0
http://google.com@w1ypcx2k.click/suspend,1
http://instagram-alert.booz3ur.country/5fbn4,1
http://google-secure.yfbec1e.work/w6eyf,1
https://coursera.org/,0
http://instagram-alert.m2b1kx63.ga/nyb7d,1
https://help.nytimes.com/user/courses,0
https://bbc.com/,0
https://z5tx-eu.stackoverflow.com/docs/contact,0
https://microsoft.com/search/pricing/features?id=66513,0
https://bdvzl.edu/wellsfargo/secure,1
https://netflix.com/products?id=34737,0
http://114.16.114.17/dhl/suspend/ix4uhg,1
http://mfcv-confirm-wellsfargo-secure.com/login.php,1
https://mit.edu/pricing/about,0
http://dhl.com@alsfu9qr.cf/confirm,1
http://login-0m0c-dhl-secure.country/login.php,1
http://wikipedia.org/user/products,0
https://xn--zlz4f-pka.work/netflix-update,1
https://python.org/,0
https://xn--st5dq-904.ml/netflix-support,1
http://medium.com/settings/contact,0
https://help.wikipedia.org/articles/about,0
http://tinyurl.com/zb41fir,1
https://apple.com/news,0
http://office365-secure.6c8hrbmns.kim/bvc9h,1
https://stackoverflow.com/contact/user/blog,0
https://amazon.com/news?utm_source=8zs80&utm_term=q4916&utm_medium=0in3y,0
http://stackoverflow.com/careers,0
https://edywfu.io/gn6,1
https://shop.medium.com/download/articles,0
https://xn--3y1sv-nyj.xyz/netflix-suspend,1
http://binance.com@rto2nzy1.ga/suspend,1
https://mit.edu/courses,0
http://amazon-secure-btgk-signin.kim/login.php,1
http://sa2o-instagram-login-secure.ga/login.php,1
https://help.khanacademy.org/index/search,0
https://khanacademy.org/news/features,0
http://instagram-pbwb-secure-secure.ga/login.php,1
https://shopify.com/,0
https://sciencedirect.com/,0
http://instagram-secure.7nganr.gov/t0rnd,1
https://kb2nq3.gov/4ow,0
https://zxpal.io/support,1
http://ow.ly/q2cvqq5,1
https://blog.amazon.com/articles/articles,0
http://paypal-password-reset.52hqn1g2e.kim/ufids,1
http://cloudflare.com/about/user,0
https://irs-secure.co/,1
https://ck7d-us.medium.com/careers/docs/features,0
http://microsoft.com@293m48fv.country/verify,1
http://password-reset-czxb-secure-dhl.work/login.php,1
http://ebay.com@obj6zi6h.org/security-check,1
http://office365.com@rk21inf3.country/confirm,1
https://t1mlgx.net/op3,1
https://help.python.org/pricing,0
http://suspend-20rl-amazon-secure.gov/login.php,1
https://my.apple.com/signin,0
http://irs-secure-yl0o-account.co/login.php,1
https://rbit9qs.org/update,1
https://dtc8-api.cloudflare.com/index,0
https://google-billing.net/,1
https://ori3lld7.gov/secure,1
http://36.188.236.12/binance/login/ynpw5w,1
https://shopify.com/,0
http://bankofamerica.com@evqjwqmt.zip/alert,1
https://rq5jxh.co/wallet,1
https://sciencedirect.com/careers?id=59887,0
http://wellsfargo.com@x6qc4g3u.work/confirm,1
http://office365-password-reset.sioj1.ml/3qvjd,1
https://adobe.com/,0
https://nytimes.com/docs/settings/search,0
https://ivoaxw9.edu/update,1
http://237.175.19.169/bankofamerica/confirm/2wy5nv,1
http://wellsfargo-support.f2eoys.xyz/rvlp1,1
https://linkedin.com/,0
https://www.reddit.com/user/courses,0
https://my.microsoft.com/verify,0
https://amazon.com/,0
https://microsoft.com/help?utm_campaign=845gv&utm_source=0ljar&utm_medium=d5zpt,0
http://chase.com@w91rmmhh.io/webscr,1
https://ebay-confirm.net/,1
http://facebook-account.9hmzjq9.ml/ar144,1
https://9903.edu/dhl/password-reset,1
http://tinyurl.com/0k4ood6,1
http://171.157.114.109/netflix/account/ryxme5,1
https://docs.ieee.org/settings,0
http://netflix.com/api/learn,0
http://office365-suspend-kyri-secure.click/login.php,1
http://163.222.10.59/apple/password-reset/k0fvg9,1
https://www.shopify.com/index/user,0
http://instagram-verify.jbmodxy11.click/qjnsm,1
http://secure-p9af-wellsfargo-security-check.edu/login.php,1
http://is.gd/m4ypvks,1
https://who.int/,0
http://is.gd/iry95il,1
http://9jfj-secure-secure-paypal.com/login.php,1
https://netflix-update.net/,1
https://microsoft.com/support?utm_medium=hgkii&utm_campaign=b25x1&utm_term=b7x8g,0
http://dhl.com@ous6gbkf.co/support,1
https://microsoft.com/docs/courses/settings,0
http://secure-suspend-214p-instagram.review/login.php,1
http://secure-42qg-facebook-alert.xyz/login.php,1
https://ci8f165.co/suspend,1
https://python.org/features/contact/pricing,0
http://office365.com@7bsh5u1r.top/verify,1
https://netflix.com/,0
http://ow.ly/bv2mdhu,1
https://blog.cloudflare.com/pricing/learn,0
http://amazon-suspend.yjs8.ml/836ib,1
https://ak04hy.com/ssg,1
http://127.221.3.228/irs/wallet/bqhclm,1
http://ieee.org/news,0
http://249.102.245.109/chase/wallet/1pn8w8,1
https://stackoverflow.com/news/search?id=50276,0
http://244.147.136.186/bankofamerica/verify/0tr4fm,1
http://login-secure-pakr-irs.work/login.php,0
http://microsoft.com@yal2fi0e.com/alert,1
http://alert-binance-zb5g-secure.ga/login.php,1
https://un.org/articles/about/courses,0
https://xn--vecx8-n59.zip/wellsfargo-secure,1
https://www.microsoft.com/search,0
https://auth.linkedin.com/password-reset,0
http://76.195.10.105/amazon/confirm/jes0go,1
https://shop.ieee.org/search,0
https://cloudflare.com/articles?utm_term=eungl&utm_source=nqvwd&utm_medium=169l1,1
https://a2c4gcj.io/signin,1
https://www.shopify.com/careers,0
http://200.53.173.205/paypal/wallet/tqvojk,1
https://blog.wikipedia.org/support,0
https://github.com/learn,0
http://218.17.57.5/apple/update/ahhnes,1
https://help.stackoverflow.com/download,0
https://bbc.com/blog/contact/about?id=45062,0
https://nytimes.com/user?id=30804,0
https://rm5hc.net/google/update,1
https://paypal-signin.com/,1
http://facebook-alert-g9d4-secure.io/login.php,1
http://167.42.49.41/usps/webscr/dtibsk,1
https://harvard.edu/,0
https://blog.google.com/articles,0
https://outlook-login.org/,1
https://apple.com/blog/courses?id=73639,0
https://salesforce.com/articles/index/docs,0
http://outlook.com@vtk3irr2.kim/suspend,1
http://sciencedirect.com/courses/api,0
https://wikipedia.org/products?utm_source=em74m&utm_term=n3cmt&utm_medium=lstr2,0
https://z8bc-us.spotify.com/news/contact/features,0
http://google.com@88kjprbh.cf/password-reset,1
http://google-password-reset.u8g6.org/heazs,1
http://bankofamerica-wallet.qseha.review/klceo,1
http://irs.com@5ye79959.click/update,1
http://197.87.253.6/facebook/signin/50pfoj,1
https://www.sciencedirect.com/contact/features,0
https://python.org/search/pricing/blog,0
http://92.108.69.203/amazon/password-reset/gzwd1s,1
https://docs.linkedin.com/blog/download,0
https://google.com/,0
http://47.213.70.115/netflix/verify/tit19r,1
https://help.microsoft.com/courses,0
http://ow.ly/h5oiizx,1
https://uapj2x.org/iys,1
https://www.nature.com/courses/articles,0
http://17.204.37.191/paypal/login/8n2cjw,1
https://nytimes.com/,0
https://nasa.gov/courses/help/blog,0
https://sciencedirect.com/settings?utm_campaign=efkxx&utm_medium=fiuo6&utm_term=c57ef,0
https://harvard.edu/courses/news/about,0
https://bbc.com/help/search?id=32729,0
https://harvard.edu/index/blog,0
https://wikipedia.org/,0
https://sciencedirect.com/api/contact,0
http://ow.ly/806oihl,1
https://coursera.org/products/learn?id=94413,0
https://8wvt-eu.who.int/docs,0
https://www.shopify.com/blog,0
https://netflix.com/,0
https://python.org/learn/articles/download?id=1304,0
http://netflix.com@mx3b5yxa.co/wallet,1
https://help.cloudflare.com/products/courses,0
https://github.com/,0
http://tinyurl.com/t60gfv1,1
https://znnv5x.edu/billing,1
https://shop.sciencedirect.com/features/careers,0
https://chase-account.gov/,1
https://python.org/products,0
https://umjb1u.net/oi0,1
https://instagram-billing.org/,1
http://secure-password-reset-instagram-5468.xyz/login.php,1
https://blog.shopify.com/api,0
https://swsqxdat.com/webscr,1
https://iyhdpp.org/r94,1
http://dhl-confirm.c1vge7g.cf/zhm82,1
http://usps-account.5dpony2.top/53qtg,1
https://ebay-verify.co/,1
https://salesforce.com/,0
http://edmi-secure-alert-office365.top/login.php,0
http://secure-4pxh-alert-irs.zip/login.php,1
https://shop.coursera.org/courses,0
https://apple.com/learn/features/user?id=81614,0
http://outlook.com@t2faipl5.click/update,1
http://irs-password-reset.pxpuwq.click/1kij8,1
https://qlma-eu.harvard.edu/blog,0
http://binance.com@u96dtzkw.ml/wallet,1
https://qfz6-eu.adobe.com/contact/contact/support,0
https://khanacademy.org/,0
https://ebay-wallet.com/,1
http://goo.gl/ji7coc9,1
https://6m6e05.net/webscr,1
https://google.com/learn?utm_source=yrs3s&utm_medium=4adai&utm_campaign=093zt,0
https://j7ta1.net/ebay/confirm,1
https://accounts.adobe.com/signin,0
https://56g85.io/update,1
https://7c96vc1.gov/bankofamerica/confirm,1
http://netflix.com/news,0
http://irs-secure-confirm-w7mz.click/login.php,1
http://paypal-wallet.7bcv.country/dd9nc,1
https://khanacademy.org/,0
https://my.nasa.gov/support,0
https://wikipedia.org/,0
https://xn--t63ow-5xr.xyz/amazon-suspend,1
https://reddit.com/,0
http://is.gd/4t062u2,1
https://auth.mit.edu/account,0
http://bankofamerica.com@c2o4md73.zip/verify,1
http://secure-verify-outlook-cu0c.com/login.php,1
https://khanacademy.org/download/blog?id=84373,0
https://help.nasa.gov/support,0
http://stackoverflow.com/courses/index,0
https://b6b0nepv.gov/confirm,1
https://1mth0yd.net/google/confirm,1
https://w42tht.net/idf,1
https://shopify.com/download,0
https://bankofamerica-update.org/,1
http://shopify.com/pricing/features,0
http://182.103.149.206/apple/signin/yz15hu,1
https://python.org/docs/features?id=66903,0
http://paypal-signin.0y2nl58.co/myc57,1
https://shopify.com/,0
https://mit.edu/learn,0
https://shop.spotify.com/settings,0
http://hu4x-confirm-secure-instagram.io/login.php,1
https://netflix-secure.gov/,1
https://anc7n6.gov/irs/billing,1
https://shop.ieee.org/search,0
http://dhl.com@jct88juj.kim/login,1
https://dropbox.com/news?utm_source=wejrb&utm_term=vy8ky&utm_medium=lhtuc,0
http://secure-secure-nt5j-binance.click/login.php,1
https://hom6wb.co/wellsfargo/confirm,1
https://d8161ugq.edu/billing,1
https://chase-confirm.edu/,1
https://nasa.gov/,0
https://facebook-unlock.com/,1
http://tinyurl.com/9tphux0,1
https://9ng2-static.khanacademy.org/api,0
http://secure-54ps-confirm-instagram.edu/login.php,1
https://microsoft.com/,0
https://help.ieee.org/search/products,0
https://coursera.org/,0
https://microsoft.com/,0
http://t.co/ptz8pg9,1
http://56.81.205.235/amazon/account/9hx14e,1
https://amazon.com/support?utm_source=1bkei&utm_term=67y1w&utm_campaign=iz9ps,0
https://fgk8-us.sciencedirect.com/docs,0
https://my.google.com/account,0
http://apple-unlock.5gqa67.tk/35weu,1
http://t.co/gneisdg,1
http://netflix-verify.xyasdl9.country/3st33,1
http://secure-usps-ugh6-account.cf/login.php,1
https://blog.spotify.com/pricing/pricing,0
http://125.15.14.16/dhl/unlock/oo2bq2,1
http://ebay-wallet.mjum44slk.ga/02eys,1
http://paypal-verify.jg21.edu/tve43,1
https://7yb7ef.com/3gs,1
https://shop.adobe.com/pricing/about,0
https://www.python.org/learn/settings,0
https://office365-billing.co/,1
http://151.135.74.63/apple/webscr/llbmkx,1
https://wfmc.edu/instagram/login,1
http://233.103.61.30/apple/verify/rn33bg,1
https://reddit.com/,0
https://www.ieee.org/search,0
https://bbc.com/support/support/docs,0
https://spotify.com/,0
https://rsbk-static.medium.com/learn,0
https://dropbox.com/,0
https://7fp8op.com/n71,1
http://ebay-signin.9452t2.work/0m2eb,1
http://wellsfargo.com@49yr7bhd.gov/unlock,1
https://help.python.org/download,0
https://igpx-static.who.int/contact,0
https://6ppior.net/qij,1
http://0127-secure-netflix-signin.io/login.php,1
http://google.com@fqlhx3if.kim/unlock,1
https://un.org/,0
http://t.co/x1vt8py,1
https://my.amazon.com/verify,0
https://microsoft.com/,0
https://shopify.com/,0
https://harvard.edu/,0
https://blog.ieee.org/pricing,0
http://office365.com@2jqtr4hk.cf/password-reset,1
https://python.org/,0
https://xn--jx43q-gzh.com/netflix-confirm,1
http://apple.com@dbgajiih.edu/secure,1
https://8b26rt.org/qy3,1
http://secure-yrsn-coinbase-password-reset.edu/login.php,1
http://security-check-pqnp-facebook-secure.com/login.php,1
https://0liuvv.edu/tgq,1
https://bbc.com/articles/index/about,0
http://dhl-alert.xehr223h.click/ymhum,1
http://ow.ly/uc4aw1x,1
https://6kipv.net/chase/support,1
http://amazon-billing.46tb6lqwy.xyz/asojb,1
https://khanacademy.org/learn?utm_medium=gzh6u&utm_campaign=5xf2e&utm_term=dvd7d,0
http://google-alert.hvv8.org/s4m6t,1
https://vz4j26.net/apple/support,1
https://google.com/pricing?utm_source=wn06j&utm_medium=kloqm&utm_term=hld93,0
http://tinyurl.com/gkw91c1,1
http://irs-verify-emf5-secure.ga/login.php,1
https://netflix.com/help,0
https://pgxjne.org/password-reset,1
https://cloudflare.com/,0
https://help.reddit.com/help,0
http://is.gd/98ld9w7,1
http://netflix.com@ixollra7.org/signin,1
http://office365-secure.b7hdy2.org/hdg2y,1
https://ebay-alert.gov/,1
http://t.co/0cresj1,1
https://harvard.edu/user,0
https://blog.adobe.com/learn,0
https://nasa.gov/about,0
https://07is-cdn.dropbox.com/docs/api,0
http://goo.gl/8716za7,1
https://auth.netflix.com/login,0
http://ebay.com@n5zdd043.kim/unlock,1
https://xn--rmzlg-5yq.org/amazon-confirm,1
https://docs.netflix.com/careers,0
https://xn--3h4n9-inn.org/netflix-support,1
https://python.org/,0
http://194.91.154.77/office365/login/asksel,1
https://xn--ax8bh-796.io/apple-secure,1
https://apple.com/,0
https://www.harvard.edu/index,0
https://shop.dropbox.com/news/docs,0
https://xn--zmwej-q2a.gov/outlook-signin,1
https://yc64-cdn.wikipedia.org/courses/support/contact,0
http://is.gd/m3fundm,1
https://blog.stackoverflow.com/user/settings,0
https://cloudflare.com/docs,0
http://secure-google-webscr-wzj2.xyz/login.php,1
http://189.155.102.132/chase/account/vxzuke,1
https://7sfq-static.ieee.org/pricing/user/contact,0
https://shopify.com/,0
http://wellsfargo-password-reset.tr7vmhi.io/re5xg,1
http://office365-suspend.w6a7r.gov/y75ni,1
https://www.python.org/api/download,1
https://sciencedirect.com/settings/courses,0
http://office365.com@lkvzid8n.click/secure,0
https://xn--efzf0-qyy.co/netflix-webscr,1
http://google-unlock.5nhqa.review/jbobd,1
http://ow.ly/597m544,1
http://apple-zpox-secure-webscr.kim/login.php,1
https://docs.ieee.org/blog/user,0
https://accounts.apple.com/support,0
https://shop.microsoft.com/index/user,0
http://wellsfargo.com@tgsptszk.gov/webscr,1
https://help.netflix.com/download,0
http://suspend-secure-g2b1-office365.co/login.php,1
http://bankofamerica-billing.e8mu408wm.ga/7omuy,1
https://reddit.com/,0
http://outlook-billing.yrkvb6.click/7lpjq,1
https://j2z2h.io/verify,1
https://id.khanacademy.org/password-reset,0
http://116.24.163.118/ebay/webscr/o23ex3,1
https://salesforce.com/download/help?id=49515,0
https://khanacademy.org/courses?utm_medium=wljhk&utm_campaign=4dyvo&utm_source=recqd,0
http://is.gd/c5pr1cp,1
https://python.org/,0
https://spotify.com/,0
http://secure-update-m31p-coinbase.edu/login.php,1
https://help.nytimes.com/articles/courses,0
https://q7x6dq7.org/facebook/wallet,1
https://ieee.org/api/support/search?id=93281,0
https://coinbase-password-reset.co/,1
https://wikipedia.org/,0
https://s63q4f.net/giv,1
http://chase-confirm-qz9f-secure.kim/login.php,1
http://irs-secure-nd04-secure.co/login.php,1
https://nytimes.com/,0
https://help.microsoft.com/news,0
http://secure-login-facebook-impt.org/login.php,1
https://linkedin.com/features/api/courses,0
http://k5xw-paypal-secure-signin.net/login.php,1
http://tinyurl.com/r3eywzm,1
https://un.org/support?utm_source=s9rgd&utm_campaign=kuylw&utm_medium=89z4i,0
https://github.com/,0
http://outlook-8ylm-secure-webscr.country/login.php,1
https://apple.com/products?utm_campaign=k7k30&utm_medium=n1tpf&utm_source=us79v,0
https://my.who.int/billing,0
http://t.co/x8qcslf,1
https://salesforce.com/,0
https://wellsfargo-secure.edu/,1
http://office365-login.2ifeo9t5.net/dtdlk,1
http://wellsfargo-suspend.7be51k.work/hmr0f,1
https://2ovhdw3n.net/verify,1
https://www.salesforce.com/api/index,0
https://blog.apple.com/docs,0
https://bbc.com/,0
http://outlook.com@hgksc8ya.cf/suspend,1
http://184.178.221.227/chase/password-reset/omgw3l,1
https://i2ic1z3x.net/password-reset,1
https://a4trfg.net/update,1
http://44.165.236.177/coinbase/login/fpm38b,1
https://python.org/support,0
https://id.google.com/account,0
https://cloudflare.com/,0
http://14.22.229.81/apple/unlock/pehu0d,1
http://ebay-secure-account-ts6n.click/login.php,1
https://binance-account.co/,1
http://instagram.com@v9oc8jga.io/account,1
http://bankofamerica-webscr.vus0ka.ga/lhovq,1
https://salesforce.com/user?utm_campaign=zacsb&utm_medium=7itat&utm_term=onubr,0
http://outlook.com@elbvqhwi.kim/support,1
http://paypal.com@1zwutvtp.tk/login,1
http://55.81.28.193/bankofamerica/suspend/04agbp,1
http://90.221.44.216/irs/confirm/56qxhj,1
https://id.adobe.com/billing,0
https://spotify.com/,0
https://nature.com/blog,0
https://sciencedirect.com/,0
https://my.ieee.org/login,0
https://amazon-signin.io/,1
http://142.148.101.214/wellsfargo/security-check/59i1o5,1
https://auth.ieee.org/verify,0
https://coursera.org/docs?utm_term=6xse9&utm_source=owkui&utm_medium=xjd37,0
http://157.52.16.179/netflix/login/yq1hjy,1
http://143.93.220.171/chase/secure/d7uqjr,0
http://usps-m5e8-login-secure.review/login.php,1
http://facebook-alert.kwega.com/6t71f,1
https://xqfho3.gov/instagram/update,1
https://sciencedirect.com/search?utm_campaign=umu2j&utm_term=k7ia1&utm_source=shx59,0
https://xn--ybo0o-raf.org/apple-login,1
https://github.com/,1
http://is.gd/9805kug,1
https://linkedin.com/,0
https://adobe.com/articles,0
https://un.org/search?utm_medium=ij51r&utm_source=w3p73&utm_campaign=ceuxc,0
https://shop.linkedin.com/learn/search,0
http://7.159.224.36/irs/update/53etab,1
https://google.com/blog?utm_medium=6yrzk&utm_source=qotow&utm_campaign=q7zvl,0
https://help.python.org/api,0
http://secure-security-check-fntw-bankofamerica.net/login.php,1
https://adobe.com/contact/help?id=49787,0
https://id.bbc.com/signin,0
https://reddit.com/articles?utm_campaign=tt6h5&utm_medium=300ww&utm_source=817vh,0
http://chase-secure-lq3s-security-check.work/login.php,1
https://tkauliv9.gov/suspend,1
https://blog.reddit.com/features,0
https://wellsfargo-support.edu/,1
https://www.nytimes.com/products/articles,0
http://26.73.126.209/google/confirm/uyi298,1
https://2fa075m.co/wallet,1
http://usps.com@a92ivq55.com/unlock,1
https://sciencedirect.com/news,0
https://xn--oxzid-to6.io/apple-update,0
http://amazon-wallet.7si9et.cf/957ob,1
https://xn--hp784-du4.click/wellsfargo-webscr,1
https://secure.medium.com/account,0
https://irs-secure.com/,1
https://bbc.com/api/learn/pricing,0
http://96.204.220.82/facebook/login/epdzlt,1
http://bhxh-amazon-security-check-secure.xyz/login.php,1
https://04d9b.net/update,1
https://egnl29.co/w9l,1
https://apple.com/,0
https://iwlr455.edu/confirm,1
http://25.67.243.23/usps/secure/p3xj1h,1
https://auth.google.com/password-reset,1
https://docs.google.com/search,0
http://159.238.190.170/coinbase/unlock/9p622p,1
https://02u2-eu.microsoft.com/index/docs/about,0
http://who.int/pricing/search,0
https://netflix-update.gov/,1
https://nasa.gov/,0
https://dwd2v3.io/9ar,1
http://ebay-verify.ntofthqk.net/ewqtc,1
https://xn--g3dwz-r31.tk/outlook-login,1
https://id.harvard.edu/account,0
https://id.netflix.com/signin,0
https://harvard.edu/,0
https://blog.harvard.edu/docs,0
http://instagram.com@wfuhj5vr.country/webscr,1
http://30.113.119.194/apple/security-check/stzb8o,1
https://www.cloudflare.com/index,0
https://www.coursera.org/pricing/learn,0
https://harvard.edu/,0
http://apple-login.xv9psw.kim/wvx1l,1
https://accounts.mit.edu/support,0
http://228.46.214.155/apple/verify/gv7vhg,1
https://vjdzdu.edu/orh,1
https://help.dropbox.com/features/features,0
https://mit.edu/about,0
https://ikfq3f.com/wi0,1
https://docs.adobe.com/help/api,0
http://update-paypal-21g5-secure.ml/login.php,1
https://stackoverflow.com/contact?utm_medium=vgeac&utm_source=c0cwp&utm_term=a8906,0
http://salesforce.com/index,0
http://office365-update.t797xd.xyz/3njx3,1
https://blog.amazon.com/news,0
https://xn--xi8xg-qga.org/wellsfargo-support,0
https://b3szhj.com/q0v,1
https://www.medium.com/index/articles,0
https://reddit.com/products/news/docs?id=18513,0
https://bl4gul.co/i2p,1
http://119.100.37.25/ebay/verify/85spb0,1
https://shop.salesforce.com/pricing/blog,0
http://chase-support.p0ttt6h.gov/bzmi0,1
http://146.45.238.131/coinbase/suspend/misxgh,1
https://secure.github.com/login,0
https://blog.ieee.org/help,0
https://netflix.com/,0
https://amazon.com/,0
https://harvard.edu/learn/support/user,0
https://cloudflare.com/download/docs/index,0
https://23ll.net/bankofamerica/support,1
https://ieee.org/,0
https://bbc.com/about/pricing/support?id=85152,0
https://accounts.nature.com/password-reset,0
https://wikipedia.org/,0
https://apple-confirm.io/,1
http://outlook-support.reh8wf.work/cgvqk,1
http://secure-billing-sma4-facebook.gov/login.php,1
https://95w2d.net/password-reset,1
https://www.nasa.gov/index/blog,0
https://shop.who.int/support,0
https://shopify.com/features?utm_term=w48of&utm_campaign=2tx0q&utm_medium=jtaa7,1
http://tinyurl.com/ss29kcd,0
https://apple.com/user?utm_term=9nous&utm_medium=66nw5&utm_campaign=flgsz,0
http://bankofamerica.com@wp6zumfi.xyz/wallet,1
http://t.co/ht2l2q3,1
https://pcaj5a.org/3xd,1
https://nytimes.com/news/docs?id=72924,0
http://coinbase.com@wxuokgz9.xyz/account,1
https://www.wikipedia.org/download/settings,0
https://chase-unlock.gov/,1
https://my.python.org/billing,0
https://9zpg8l.edu/7y9,1
https://www.reddit.com/settings,0
https://python.org/support/features/search,0
http://apple.com@5q44idgf.org/support,0
https://xn--rqzit-f15.ga/apple-suspend,1
https://google.com/news/search/settings,0
http://178.211.224.163/facebook/alert/92mnwk,1
https://google.com/articles/help,0
https://google.com/,0
https://nytimes.com/courses/products,0
https://linkedin.com/api,0
https://github.com/docs/docs/blog,0
https://xn--07xlb-v10.ml/microsoft-webscr,1
https://1kerw5.edu/p0y,1
https://harvard.edu/download?id=23468,0
http://136.110.35.55/wellsfargo/billing/rjiosi,1
https://www.sciencedirect.com/settings/user,0
https://nasa.gov/download/docs,0
https://www.stackoverflow.com/courses,0
https://www.nature.com/help/news,0
https://python.org/news,0
http://ebay-support.m406j74rj.com/urm4p,1
https://dhl-account.gov/,1
https://help.spotify.com/api/api,0
https://xn--95rcd-5qo.click/chase-verify,1
https://fx4s-us.ieee.org/contact,0
http://119.71.13.59/coinbase/webscr/unccvy,1
https://docs.mit.edu/support,0
http://is.gd/5d1sut4,1
https://nasa.gov/features/pricing,0
http://nytimes.com/learn/courses,0
https://www.reddit.com/support,0
https://wikipedia.org/,0
http://chase.com@xhtiu6b5.edu/alert,1
https://shop.coursera.org/download,0
http://office365-verify.qotiqr.tk/evyhm,1
https://harvard.edu/,0
https://medium.com/,0
http://usps.com@yfugaan5.cf/signin,1
https://shop.bbc.com/support,0
https://linkedin.com/search,0
https://ieee.org/help?utm_campaign=vuht6&utm_medium=t0uzs&utm_source=9im0y,0
https://www.google.com/download/products,0
https://www.amazon.com/about,0
https://coinbase-login.org/,1
https://blog.harvard.edu/search/news,0
https://7skukr0.co/signin,1
http://irs-i91b-secure-suspend.tk/login.php,1
http://facebook-password-reset.rlgki67u.com/nuqgq,1
https://usps-secure.org/,1
https://my.nytimes.com/account,0
http://netflix-verify.xdwocqr.edu/of3td,1
https://nature.com/,0
http://amazon-secure.vyluetzw.org/7lzzp,1
https://xn--mv75a-va4.ml/dhl-signin,1
https://ck8l7f.net/6zw,1
http://86.249.35.142/netflix/signin/pp77i8,1
http://190.126.55.97/dhl/account/4fp75m,1
https://salesforce.com/learn/settings?id=10519,0
https://n1dyd3.gov/coinbase/update,1
https://reddit.com/about/docs,0
http://t.co/m1tx05e,1
https://linkedin.com/products/news,0
http://is.gd/eeobcfc,1
https://docs.who.int/courses/api,0
http://secure-ters-password-reset-dhl.gov/login.php,1
http://135.8.221.208/irs/security-check/vp6l89,1
http://google.com@wss4k275.work/password-reset,1
https://zmjwu7.co/1gp,1
http://230.153.229.194/chase/wallet/1x3k3j,1
https://help.shopify.com/courses,0
https://amazon.com/,0
https://58sq8.gov/billing,1
https://blog.netflix.com/index,0
http://241.31.125.63/google/suspend/cxevgn,1
http://confirm-secure-chase-bz7s.kim/login.php,1
http://191.12.221.101/facebook/login/3fwfuk,1
https://7kxx-api.who.int/api/news,0
http://ow.ly/b4nhj7k,1
https://accounts.google.com/support,0
http://instagram.com@ue48j2oo.click/password-reset,1
http://paypal-login.b8u3.review/99ku7,1
https://rjmw.io/netflix/password-reset,1
https://426bmsmg.edu/webscr,1
https://pw685.com/update,1
http://ow.ly/21pkp71,1
http://ow.ly/wsmjrsn,1
http://wellsfargo-login.7nc09q.gov/6n17h,1
http://bit.ly/h87e0e7,1
https://salesforce.com/,0
https://apple.com/settings/news?id=35830,0
https://nasa.gov/download/api,0
https://apple.com/help?id=21991,0
https://docs.khanacademy.org/features/search,0
http://binance-security-check.kmnv4bk.ga/qbp6z,1
https://shop.nature.com/settings,0
https://xn--1o0g5-uy9.click/ebay-security-check,1
https://medium.com/,0
https://xn--6uqz2-ot5.gov/irs-confirm,1
https://9zpi.io/dhl/alert,1
http://apple.com@i0nenkqg.gov/alert,1
https://cloudflare.com/help/about/contact,0
https://www.spotify.com/user/blog,0
http://wellsfargo-confirm.uewsg0nwh.top/gb05t,1
http://208.46.49.246/coinbase/billing/lju8oo,1
http://secure-amazon-security-check-em0o.click/login.php,1
http://dhl-signin.ygyz.edu/9r0t8,1
https://xn--5hh7v-ehh.top/usps-security-check,1
https://docs.dropbox.com/products/contact,0
https://apple.com/,0
https://o40i-api.wikipedia.org/courses,0
http://tinyurl.com/vajt8vu,1
http://t.co/ctgxzga,0
https://docs.netflix.com/pricing,0
https://amazon.com/blog?id=56622,0
https://xn--eddov-5cv.net/office365-signin,1
http://1.36.187.254/microsoft/account/mf0caq,1
https://python.org/,0
https://52gh.com/amazon/signin,1
http://office365-billing.jl27gr1w.top/pup07,1
https://xn--heod8-njf.tk/facebook-confirm,1
https://iiry4.org/coinbase/webscr,1
http://microsoft-alert.ajyrc.com/6ig6r,1
https://blog.google.com/careers,0
https://e70f2w9.gov/billing,1
https://xn--k12ox-7s6.review/usps-webscr,1
https://sciencedirect.com/careers/user/products?id=63157,0
http://dhl.com@cokph3z4.tk/confirm,1
http://148.49.54.95/amazon/support/pcnep9,1
https://zzzcj.gov/verify,1
https://secure.sciencedirect.com/verify,0
https://spotify.com/help/settings,0
http://spotify.com/support/courses,0
http://irs.com@jddza9pa.review/suspend,1
https://shopify.com/,0
https://guee4v.io/irs/secure,1
http://bit.ly/wy5njn0,1
http://microsoft-billing.lsx41d.cf/p0eb8,1
http://t.co/lna6uur,1
https://ieee.org/blog/learn/courses,0
http://112.235.13.80/outlook/security-check/ryjbn2,1
https://docs.un.org/courses,0
https://nubq6h.co/s8w,1
https://who.int/index/pricing,0
https://www.khanacademy.org/index/learn,0
https://auth.un.org/account,0
https://blog.shopify.com/support,0
http://ow.ly/1agnpt8,1
http://ebay-verify.g6k2w.org/ca0kg,1
https://xn--7l3ag-51c.edu/microsoft-account,1
http://138.94.85.66/netflix/webscr/5ae645,1
https://www.ieee.org/api,0
https://adobe.com/news?id=72986,0
https://google.com/settings/blog,0
https://outlook-unlock.edu/,1
https://facebook-suspend.org/,1
http://binance-signin.jp8lf0.kim/69cre,1
https://google.com/careers/careers/help?id=83451,0
http://irs-password-reset.4t7ynj.country/9ea5a,1
https://icemmd.org/tjk,1
http://office365-account.4wbrzgz.com/kj6sm,1
https://docs.amazon.com/docs/user,0
https://stackoverflow.com/courses/courses/search?id=55344,0
http://chase-secure.abtwk.xyz/c7kmu,1
https://my.who.int/account,0
https://ntxmr5.org/wellsfargo/support,1
https://mit.edu/api?utm_medium=ejan6&utm_campaign=3xd45&utm_source=ba890,0
http://secure-7aan-usps-support.cf/login.php,1
https://github.com/,0
https://microsoft.com/docs?utm_term=0pj1t&utm_campaign=v28in&utm_source=i8mit,0
https://github.com/blog,0
https://xn--bdfng-hp5.com/usps-verify,1
http://office365-8ppm-secure-billing.io/login.php,1
https://xn--l96fu-0zd.org/office365-secure,1
https://cloudflare.com/articles/help,0
https://microsoft.com/contact/learn/pricing,0
http://signin-99ug-secure-paypal.country/login.php,1
http://usps-suspend.9yir.edu/m09hm,1
http://irs-confirm.nrgg4.click/cj3ip,1
http://t.co/1c58pmw,1
https://bbc.com/,0
https://www.cloudflare.com/features,0
https://docs.bbc.com/blog/articles,0
https://apple.com/settings,0
http://who.int/news,0
https://coursera.org/contact?utm_term=n4o79&utm_source=33vfu&utm_campaign=m10n2,0
http://wellsfargo-secure.d6rw.tk/jvqca,1
http://microsoft.com/download,0
https://secure.coursera.org/account,0
https://plcl-eu.coursera.org/docs/settings/learn,0
https://google.com/articles?utm_campaign=px662&utm_source=jhf2b&utm_term=86s6b,0
http://apple-confirm.hv6nz.review/ncmi6,1
https://salesforce.com/,0
https://coursera.org/news/search/index?id=70338,0
https://tehq4.net/ebay/confirm,1
http://facebook.com@jq0snb6h.xyz/confirm,1
https://coursera.org/,0
http://254.162.239.142/coinbase/alert/gopa8p,1
http://114.8.95.118/wellsfargo/suspend/2mzrhs,1
https://help.cloudflare.com/careers,0
https://sciencedirect.com/,0
https://wellsfargo-billing.co/,1
http://bankofamerica-wallet.ziedcj7bw.edu/3vxbb,1
https://bankofamerica-login.com/,1
http://google.com@l9h0loyv.xyz/alert,1
https://bbc.com/,0
https://docs.github.com/download,0
https://adobe.com/,0
https://amazon.com/,0
http://goo.gl/wnqdgd3,1
https://gied4up.net/support,1
https://www.shopify.com/user/blog,0
http://nytimes.com/api/pricing,0
https://python.org/contact/help/news?id=77163,0
https://u1k9a5.org/oxb,1
https://xn--tt3xe-lqx.country/apple-signin,1
http://outlook.com@dwg7prtb.kim/billing,1
https://sciencedirect.com/,0
http://63.80.214.148/irs/support/t0vi1w,1
http://t.co/34exrh3,1
http://bit.ly/7ohrlxy,1
https://salesforce.com/learn?utm_medium=8k8th&utm_term=bz5j3&utm_campaign=uja86,0
https://www.python.org/support/docs,0
https://xn--q9mdm-81d.country/amazon-suspend,1
https://nytimes.com/learn?id=36810,0
https://bbc.com/download?utm_medium=ugppr&utm_source=ydg8t&utm_campaign=kjagp,0
https://80uay0b.com/bankofamerica/password-reset,1
https://auth.salesforce.com/signin,0
https://adobe.com/pricing,0
https://709b.gov/ebay/confirm,1
http://instagram-verify.5kor.zip/0gxcr,1
https://www.shopify.com/help,0
https://apple.com/,0
http://gyt6-chase-update-secure.country/login.php,1
https://khanacademy.org/api/support?id=94420,0
https://www.nature.com/help/products,0
https://i963-static.adobe.com/settings/index,0
https://www.mit.edu/settings/support,0
https://coursera.org/careers/news/articles,0
https://secure.harvard.edu/signin,0
https://python.org/,0
https://xn--p1bkf-nbw.top/usps-wallet,1
https://www.medium.com/articles/settings,0
http://138.1.173.6/office365/webscr/bepmcm,1
http://microsoft-password-reset.qb1b7l51.com/hbako,1
http://t.co/5o0vd4n,1
http://goo.gl/xevz7ok,1
http://wellsfargo-login.bpnqz9zk.net/d4vnh,1
http://143.141.176.209/chase/support/x4dgx8,1
https://coursera.org/,0
https://salesforce.com/blog/help?id=17883,0
http://outlook.com@cwfg4akr.org/signin,1
http://secure-ebay-wallet-6q53.org/login.php,1
https://shopify.com/careers/docs/user?id=80253,0
https://y94e-api.cloudflare.com/support,0
http://coinbase-sedn-account-secure.co/login.php,1
https://blog.linkedin.com/search/docs,0
https://nasa.gov/,0
https://nasa.gov/docs?utm_medium=rm60l&utm_term=atr9w&utm_source=hv3f3,0
https://apple.com/,0
http://secure-office365-5fg4-support.xyz/login.php,1
http://usps-signin.ax9ep7cv.net/2olho,1
https://help.amazon.com/blog,0
https://bankofamerica-billing.co/,1
http://google-billing.fvoov9omi.xyz/1xcah,1
https://netflix.com/articles/docs,0
https://google.com/courses/careers/news,0
https://xn--iyvil-3ha.io/coinbase-verify,1
http://microsoft-billing.v4hh.net/ok2ko,1
https://khanacademy.org/articles/news,0
http://netflix-account.v63q3.gov/trhis,1
http://netflix-alert.n5o1u.ga/dqnjy,1
https://blog.bbc.com/pricing/support,0
http://100.236.99.111/apple/verify/vd9xzj,1
https://uiqggr.co/kc2,1
https://adobe.com/,0
http://tinyurl.com/ij2vyg5,1
https://harvard.edu/api/contact,0
https://medium.com/api,0
https://n5cflomv.co/account,1
https://mit.edu/api/blog,0
https://blog.salesforce.com/settings/articles,0
https://blog.wikipedia.org/settings/products,0
https://dropbox.com/articles/products,0
http://alert-usps-s178-secure.click/login.php,1
https://iyjsb6.io/kyb,1
https://stackoverflow.com/,0
http://apple.com@zcv120x1.edu/unlock,1
https://kbf2juhi.edu/support,1
https://shopify.com/docs?utm_term=0oiis&utm_medium=7gvuq&utm_source=kaosc,0
https://www.stackoverflow.com/api,0
https://shopify.com/,0
http://wellsfargo-unlock.gmtc8m3.gov/w3fns,1
https://www.cloudflare.com/products/contact,0
http://204.157.51.3/binance/secure/vunrdb,1
https://amazon.com/,0
http://irs.com@2xcq2v3d.top/billing,1
http://coinbase-update.hxqjkqhku.net/an7nr,1
http://is.gd/zovwg5j,1
http://microsoft-unlock.0xpscklzy.top/5ng12,1
https://apple.com/careers?utm_campaign=kf8j8&utm_medium=4s57e&utm_term=jls6c,0
https://help.nature.com/blog,0
https://stackoverflow.com/,0
http://coursera.org/contact,0
https://wellsfargo-update.net/,1
https://mit.edu/,0
http://ow.ly/gy8zdyl,1
https://harvard.edu/products/careers,0
https://docs.khanacademy.org/download/docs,0
http://t.co/ktjtodw,1
https://s584o.edu/verify,1
https://github.com/,0
http://ebay.com@pffnl24n.cf/account,1
https://linkedin.com/articles/help/features?id=66516,0
https://www.khanacademy.org/search/courses,0
https://u2xr47.gov/support,1
https://pae0rc.io/rbo,1
https://reddit.com/about/user,0
https://shop.python.org/help,0
http://is.gd/vl216lb,1
https://ebay-login.net/,1
https://adobe.com/,0
https://wikipedia.org/about?utm_source=87yda&utm_medium=8ag47&utm_campaign=z459i,0
https://bankofamerica-alert.org/,1
http://signin-2h64-google-secure.zip/login.php,1
https://salesforce.com/,0
http://paypal-login.ockah.cf/iy8zd,1
https://medium.com/,0
http://usps-signin.nahtegg.co/cs6av,1
https://blog.microsoft.com/support,0
http://chase-support.papri1.ga/ak2pl,1
https://blog.mit.edu/index,0
https://oo8we.com/wellsfargo/billing,1
http://e5aj-signin-coinbase-secure.org/login.php,1
https://5nr7z.com/password-reset,1
http://t.co/dqztpbb,1
https://xn--4sz1w-it7.ga/ebay-account,1
https://xn--c33tf-6sg.work/dhl-signin,1
https://help.shopify.com/docs/index,0
http://111.178.12.200/netflix/webscr/y7kf42,1
https://wzch11.gov/v90,1
https://cloudflare.com/blog/contact/careers,0
https://adobe.com/,1
https://accounts.apple.com/signin,0
https://blog.wikipedia.org/articles/index,0
https://apple.com/,0
https://0i50pa.com/5yo,1
http://irs-update.65v6x.io/vgikr,1
https://www.adobe.com/learn,0
https://p5pne.org/apple/confirm,1
http://apple-6g32-secure-suspend.review/login.php,1
http://tinyurl.com/eventyx,1
http://office365-security-check.xfyyc.edu/okp4b,1
http://amazon.com@uyz2w0gh.ga/verify,1
https://harvard.edu/products?id=73281,0
https://shopify.com/products/articles/courses,0
http://secure-support-binance-dxti.top/login.php,1
https://j9pfct.gov/98d,1
https://xn--kttwc-o6n.net/chase-update,1
https://fl96uh.com/61a,1
https://python.org/user,0
https://docs.reddit.com/index/contact,0
https://shop.ieee.org/careers,0
http://password-reset-p7x4-secure-wellsfargo.ga/login.php,1
https://khanacademy.org/support?id=76051,0
https://shop.google.com/support,0
https://github.com/,0
https://khanacademy.org/download/download?id=40039,0
https://microsoft.com/,0
http://apple.com@pjqavcrf.zip/update,1
http://ebay-account.xj5ds2or.co/ttyns,1
https://www.sciencedirect.com/settings/products,0
https://hr80-api.nature.com/learn/careers,0
http://adobe.com/api,0
http://bankofamerica-suspend.oimf9iav.work/dtz8s,1
http://162.200.166.43/wellsfargo/signin/g8a0ej,1
https://help.khanacademy.org/settings,0
https://nytimes.com/api?utm_medium=t7ubb&utm_campaign=3j76v&utm_term=l3rfe,0
https://salesforce.com/,0
https://docs.adobe.com/blog,0
http://who.int/pricing/careers,0
https://z6s7zxu7.io/support,1
https://google-signin.co/,1
https://python.org/articles/download,0
http://17d7-usps-billing-secure.kim/login.php,1
https://xn--xt9s9-k5w.kim/netflix-update,1
http://cloudflare.com/api/index,0
http://b1rc-password-reset-dhl-secure.tk/login.php,1
https://nasa.gov/,0
https://adobe.com/,0
http://28.87.229.175/dhl/support/pnirl3,1
http://medium.com/news,0
https://6dtq-static.who.int/courses,0
https://j509xs.edu/bankofamerica/login,1
http://usps-security-check.qwbz.work/kwfhf,1
https://lprlfu.net/n8c,1
https://dropbox.com/blog/docs,0
http://t.co/uouz9uz,1
http://chase.com@yzxw0lfj.xyz/confirm,1
https://dropbox.com/,0
https://harvard.edu/,0
https://7pjuu5t.io/unlock,1
https://apple.com/,0
http://251.87.20.116/google/wallet/rpel0i,1
https://ieee.org/products/learn,0
http://105.56.86.138/google/update/ptkym9,1
https://rk30-eu.coursera.org/careers/help,0
https://adobe.com/,0
http://wellsfargo-alert.nuks.com/j9g1r,1
https://python.org/help/articles,0
http://microsoft-verify.lksho.gov/kxdeb,1
https://linkedin.com/help?id=9790,0
https://id.nytimes.com/login,0
https://mit.edu/download/search,0
https://stackoverflow.com/,0
https://khanacademy.org/,0
http://linkedin.com/products,0
https://id.shopify.com/verify,0
https://khanacademy.org/,0
http://139.98.85.56/facebook/account/5srww8,1
http://r32y-secure-google-billing.zip/login.php,1
https://at0r3f5.net/webscr,1
https://docs.github.com/products/courses,0
https://www.shopify.com/user,0
https://accounts.mit.edu/signin,0
https://cloudflare.com/features/careers/docs?id=37983,0
https://docs.spotify.com/download,0
http://dhl.com@kzdzj9bt.io/support,1
https://amazon.com/,0
http://security-check-l2kw-paypal-secure.click/login.php,1
https://shop.khanacademy.org/search,0
http://google-wallet.uyjkj.tk/a8nr0,1
https://medium.com/search?id=24200,0
http://paypal.com@wffczuzp.io/unlock,1
http://github.com/help/careers,0
https://coursera.org/about/search,0
http://21.125.69.141/usps/unlock/dchobl,1
https://stackoverflow.com/help/user?id=28619,0
http://16.171.88.8/binance/suspend/2uua7q,1
http://219.136.32.27/irs/secure/mdf61s,1
https://help.sciencedirect.com/learn,0
https://reddit.com/,0
https://ieee.org/learn/articles/pricing,0
http://117.223.145.225/irs/support/4d9rxk,1
https://nasa.gov/,0
https://nytimes.com/,0
https://help.bbc.com/news,0
https://salesforce.com/,0
http://239.225.171.55/google/webscr/znezmp,1
https://hj6h.net/usps/support,1
https://apple.com/contact?id=56490,0
https://zsjozg5.co/coinbase/signin,1
https://blog.nasa.gov/support,0
http://250.132.24.172/office365/security-check/boq2ng,1
http://t.co/z0rtshd,1
https://help.github.com/api/download,1
http://bankofamerica-wallet.qgv0e3mfl.click/rojh3,1
https://linkedin.com/learn?utm_term=3cbhk&utm_medium=r8lvx&utm_campaign=rql7z,0
https://netflix.com/,0
https://nytimes.com/articles/products/index?id=89475,0
https://www.un.org/download/settings,0
https://ieee.org/pricing,0
https://cu0zu.io/security-check,1
https://bbc.com/,0
http://b6wp-update-apple-secure.edu/login.php,1
https://www.un.org/search/careers,0
https://microsoft.com/,0
https://un.org/support/courses/blog,0
http://amazon-suspend.rtsrtj.country/3o5j1,1
https://medium.com/user/api/courses,0
https://salesforce.com/,0
http://google-billing.b1e5waa.com/n7etd,1
https://spotify.com/index/contact/articles,0
http://login-secure-google-qwpn.net/login.php,1
http://apple.com@z9iq7h2d.xyz/confirm,1
https://www.spotify.com/courses,0
https://help.amazon.com/search,0
https://nature.com/news,0
https://blog.google.com/features/about,0
https://accounts.adobe.com/verify,0
https://ebay-webscr.org/,1
https://www.khanacademy.org/docs,0
https://it70tbqz.edu/secure,1
http://3.111.182.69/bankofamerica/password-reset/y31xe5,1
https://ieee.org/,0
http://is.gd/3uglja5,1
https://xn--wmb4b-3gc.click/bankofamerica-billing,1
http://is.gd/jg3ar2d,1
https://tlbs3v.io/9px,1
https://xn--mp2nl-yc9.co/google-secure,1
https://s36spk.edu/account,1
https://5oy1xn2.io/verify,1
http://amazon-webscr.rnc9ybsj9.com/pgz5i,1
https://xn--5ovyu-wj7.ml/usps-wallet,1
https://my.google.com/signin,0
http://dhl.com@68rrhtix.ml/signin,1
http://amazon.com/settings/blog,0
https://netflix-account.gov/,1
https://nasa.gov/help/index,0
http://amazon-alert.sg32a.ml/nhc9d,1
https://blog.apple.com/news/download,0
https://apple.com/,0
https://fmcn.com/apple/suspend,1
https://adobe.com/courses/news/api?id=12925,0
https://spotify.com/,0
http://amazon-confirm.r0m151.click/jgn1a,1
http://ow.ly/304zsi0,1
https://bbc.com/index?utm_term=y0x4k&utm_source=nsf4i&utm_medium=lmk5g,0
https://microsoft.com/,0
https://gmhr7k8.gov/update,1
http://bankofamerica-suspend.gcj0x7.xyz/o821n,1
http://binance-login-secure-r43q.review/login.php,1
https://www.harvard.edu/api,0
https://shop.stackoverflow.com/download,0
https://www.un.org/articles/courses,0
http://github.com/pricing/help,0
http://213.72.202.62/ebay/webscr/p2cdrf,1
http://office365-verify-k32b-secure.com/login.php,1
http://232.29.167.202/usps/confirm/ei75sc,1
https://mit.edu/pricing/index/blog,0
https://coursera.org/docs/api?id=99351,0
https://help.amazon.com/support/search,0
https://iy4vsw20.co/suspend,1
https://medium.com/pricing?id=38436,0
https://who.int/,0
http://irs-security-check.6c3095d.co/lrs0q,1
http://tinyurl.com/oem8tk9,1
https://nytimes.com/,0
http://secure-binance-enco-signin.net/login.php,1
https://un.org/pricing/careers/features,0
https://wikipedia.org/learn?utm_term=fcfb8&utm_medium=zvs0g&utm_source=kuozc,0
http://147.228.26.96/google/support/8mnzv2,1
http://confirm-o7ld-secure-coinbase.xyz/login.php,1
http://50.111.174.102/outlook/confirm/0yzizc,1
http://microsoft-signin.geg1.ml/j7ldw,1
https://ieee.org/features/pricing,0
https://help.ieee.org/about/docs,0
http://secure-swy8-wellsfargo-account.io/login.php,1
https://blyu-static.google.com/index/index,0
https://sxz1o.edu/ebay/password-reset,1
http://usps-confirm.wxfx.ml/3aqwm,1
https://adobe.com/,0
https://r4xo-static.ieee.org/features/learn,0
https://ieee.org/,0
https://1zb2-static.shopify.com/contact/api/settings,0
https://rl6xow.edu/t1j,1
https://khanacademy.org/products?id=26884,0
http://irs-support.cdcb.org/wfh7y,1
https://khanacademy.org/products?id=95646,0
https://www.adobe.com/learn,0
http://ebay-support.5l6zoa.gov/8hif1,1
http://220.67.30.98/usps/confirm/wi3kzf,1
https://reddit.com/settings/about/api,0
https://wikipedia.org/blog/download,0
https://google.com/,0
https://www.microsoft.com/docs/learn,0
https://help.khanacademy.org/contact/news,0
http://161.166.88.115/paypal/password-reset/km81h0,0
https://cc7x9ur.gov/support,1
http://suspend-wellsfargo-65cx-secure.top/login.php,1
https://bvvv-api.dropbox.com/learn/user,0
https://www.apple.com/search/settings,0
https://nasa.gov/,0
https://www.amazon.com/contact/features,0
https://lf074.com/webscr,1
http://coinbase-update.l4wcl.com/5ejyt,1
https://coinbase-support.edu/,1
https://sciencedirect.com/,0
http://t9t5-secure-instagram-unlock.zip/login.php,1
https://help.coursera.org/search/products,0
https://instagram-login.edu/,1
http://t.co/zq0hrk6,1
https://netflix.com/,0
https://wikipedia.org/,0
http://coinbase.com@m7mltk6e.gov/suspend,1
http://wellsfargo.com@3xcrtq6o.ml/billing,1
https://sa4tfm.net/webscr,1
https://661e9z.edu/b4a,1
https://help.medium.com/about/download,0
https://adobe.com/,0
https://amazon.com/,0
https://eks121.co/unlock,1
http://tinyurl.com/1qwt8j2,1
https://harvard.edu/,0
http://reddit.com/courses/user,0
https://khanacademy.org/,0
https://ieee.org/api?utm_medium=qvzfv&utm_source=8yu58&utm_term=cepso,0
http://bit.ly/f1c0lpu,1
https://r7nkot.co/login,1
https://56t4bs.io/jc2,0
https://xn--yatyk-d4c.click/wellsfargo-suspend,1
https://dropbox.com/docs?utm_source=o6vu4&utm_term=rlfzr&utm_medium=pubco,0
http://232.195.4.152/irs/support/dhw5oa,1
https://blog.coursera.org/news/user,0
http://paypal-support.aekybj.edu/63db2,1
https://blog.google.com/search,0
https://medium.com/pricing/pricing,0
http://117.170.52.190/office365/alert/armgem,1
http://tinyurl.com/24cxc84,1
https://netflix.com/,0
http://176.225.207.126/coinbase/secure/p54pm6,1
https://nytimes.com/,0
https://i3xxn53o.co/update,1
https://harvard.edu/,0
https://coursera.org/,0
https://apple.com/,0
https://shop.stackoverflow.com/products,0
http://bankofamerica.com@dgzrobpi.review/account,1
http://tinyurl.com/64xopvv,1
http://binance-billing-secure-ccj6.org/login.php,1
http://wellsfargo-secure.2ousq4v.com/w17iu,1
https://blog.spotify.com/about/contact,0
https://t6fsd.org/coinbase/billing,1
https://y7idt.gov/signin,1
https://www.un.org/products/blog,0
http://bankofamerica-verify.zie1.top/14c8m,1
https://9q4yw.io/alert,1
http://facebook.com@uof4bi53.ml/suspend,1
http://192.188.156.11/dhl/security-check/dtkpj0,1
https://mit.edu/,0
https://ieee.org/,0
https://docs.coursera.org/courses/contact,0
https://blog.ieee.org/courses/support,0
https://shop.coursera.org/products,0
http://amazon.com@3i32uovq.click/support,1
https://netflix.com/pricing,0
https://spotify.com/,0
http://chase.com@gtgyr90y.country/alert,1
http://bankofamerica-update.6ojbo5q9c.gov/blo02,1
https://help.github.com/news,0
http://28.201.252.24/chase/unlock/vsbmmv,1
http://goo.gl/g11imv0,1
http://outlook-verify.tyyhq.ga/k8c5a,1
https://www.sciencedirect.com/learn/features,0
https://blog.netflix.com/settings,0
https://bbc.com/index/articles/download?id=56113,0
https://help.spotify.com/docs,0
http://coursera.org/about,0
https://bankofamerica-support.org/,1
https://khanacademy.org/pricing/docs?id=77290,0
http://s6tz-binance-secure-signin.org/login.php,1
https://blog.khanacademy.org/pricing/products,0
http://ebay-confirm.yru6juqzn.work/4npoa,1
https://id.mit.edu/billing,0
http://ow.ly/fek18db,1
https://www.un.org/support/search,0
http://135.138.11.101/dhl/alert/nw4j69,1
http://bit.ly/lwgw3hz,1
https://shopify.com/,0
http://microsoft-wallet.pjvjx66.country/6x6ie,1
https://cloudflare.com/,0
http://is.gd/qle4757,1
https://xesjgqv.net/chase/update,1
http://68.178.97.9/amazon/alert/83n1mf,1
http://dhl-update.9x5qc.zip/tbxk5,1
http://goo.gl/5b0gyvo,1
https://help.nytimes.com/products/careers,0
https://help.harvard.edu/docs/products,0
http://paypal-password-reset-68nt-secure.cf/login.php,1
https://salesforce.com/,0
https://python.org/,0
http://t.co/hzqy2w1,1
https://dropbox.com/pricing?utm_medium=rdmhj&utm_term=45lkc&utm_source=dxsn1,0
https://blog.harvard.edu/download/learn,0
https://www.un.org/blog,0
https://khanacademy.org/,0
https://mit.edu/pricing?utm_campaign=2k7ol&utm_source=exi6w&utm_term=d15yk,0
https://linkedin.com/,0
https://salesforce.com/,0
http://hf5u-alert-microsoft-secure.country/login.php,1
https://weq9rw.net/kkx,1
http://instagram.com@no69c15g.io/suspend,1
https://fs1p.org/google/alert,1
http://wellsfargo-secure-pzc4-unlock.xyz/login.php,1
https://python.org/about?id=75515,0
https://blog.apple.com/blog/docs,0
https://mit.edu/,0
https://stackoverflow.com/about,0
https://blog.dropbox.com/search/contact,0
https://shop.cloudflare.com/learn,0
https://vvlq-api.linkedin.com/pricing/download,0
https://blog.khanacademy.org/download/features,0
https://un.org/docs?utm_source=8h7d4&utm_term=772ur&utm_medium=mspvp,0
http://oo5x-bankofamerica-secure-verify.org/login.php,1
https://khanacademy.org/,0
http://is.gd/5psnj9l,0
https://microsoft.com/api,0
http://181.151.189.21/microsoft/unlock/9g1kfx,1
https://www.salesforce.com/docs/news,0
http://153.200.235.131/apple/account/grvq8f,1
http://43.33.161.19/amazon/secure/po75wn,1
http://235.115.146.121/apple/secure/4zycdl,1
https://stackoverflow.com/,0
http://spotify.com/about,0
https://amazon.com/user?utm_term=bjd8b&utm_source=lgsri&utm_medium=2aofj,0
http://47.59.220.44/wellsfargo/update/c94p7u,1
https://adobe.com/courses/courses,0
https://docs.salesforce.com/api,0
http://amazon-security-check.pc4kbq6z8.kim/g9jdr,1
https://un.org/index/features,0
https://xn--kfiqm-0wi.ml/apple-signin,1
https://secure.sciencedirect.com/verify,0
https://amazon.com/settings/support,0
https://xn--d91b4-en5.kim/wellsfargo-suspend,1
https://nytimes.com/,0
http://spotify.com/contact/api,0
https://ieee.org/,0
https://spotify.com/index/download,0
http://paypal.com@hr3250rf.kim/signin,1
https://facebook-suspend.org/,1
http://signin-secure-c6q3-amazon.com/login.php,1
https://wikipedia.org/search/careers,0
https://help.github.com/download/search,0
https://ee0ot3.io/923,1
https://ieee.org/,0
https://s3zdr.com/confirm,1
http://office365.com@ybrisjie.xyz/update,1
https://dojq3b2j.edu/confirm,1
https://sjfiw68.edu/account,1
http://66.179.18.84/usps/support/w3aed3,1
https://84dv-us.nytimes.com/docs/courses,0
https://harvard.edu/products?utm_source=bdfut&utm_campaign=e0xfz&utm_medium=iph6h,0
https://nytimes.com/,0
https://blog.cloudflare.com/courses/about,0
http://ow.ly/v0lucyt,1
https://l6y3xvs.org/login,1
https://www.python.org/products/about,0
https://xn--jpb3k-y38.top/facebook-secure,1
https://microsoft.com/news?id=94949,0
https://shop.bbc.com/docs,0
https://id.mit.edu/signin,0
https://docs.bbc.com/docs/careers,0
https://google.com/,0
https://nature.com/,0
https://xn--yd93r-0ej.top/usps-alert,1
https://google.com/about/learn?id=34548,0
http://127.13.162.70/google/verify/rvhysl,1
https://linkedin.com/,0
http://chase-secure-jljc-secure.co/login.php,1
https://stackoverflow.com/products/products,0
http://apple-secure.uofj.review/dqc9c,1
https://microsoft.com/download?utm_term=0a16v&utm_source=06989&utm_campaign=0ec7v,0
https://814ycx.org/svc,1
https://www.medium.com/support,0
https://1zuje5.net/1qu,1
https://help.ieee.org/products/about,0
https://id.linkedin.com/password-reset,0
https://reddit.com/,0
https://blog.sciencedirect.com/features/articles,0
https://who.int/,0
http://stackoverflow.com/contact/docs,0
https://shop.nature.com/courses,0
http://irs-alert.g5ew.co/s6qud,1
http://usps.com@cns9md9i.click/wallet,1
https://auth.dropbox.com/login,0
http://108.36.92.243/usps/verify/f3ngbj,1
http://amazon-alert.unw6f.click/dwr8l,1
https://xn--g08qr-u1u.io/facebook-secure,1
https://shop.nasa.gov/products,0
http://paypal.com@i5eraqh9.gov/wallet,1
https://stackoverflow.com/contact?id=10272,0
http://bit.ly/1w7jj9o,1
http://signin-jfpu-secure-usps.ml/login.php,1
https://shop.nytimes.com/index,0
https://ieee.org/,0
https://nytimes.com/,0
https://e00sf.net/signin,1
https://adobe.com/,0
https://docs.netflix.com/news,0
http://secure-security-check-g6o9-netflix.click/login.php,1
https://stackoverflow.com/learn/api/products,1
https://fldi.edu/chase/unlock,1
https://www.sciencedirect.com/api/news,0
https://docs.cloudflare.com/index/user,0
https://harvard.edu/,0
https://nasa.gov/,0
http://office365-login.p9820.review/3y1cy,1
https://reddit.com/blog/learn/products?id=45232,0
http://bit.ly/hcq8v29,1
https://apple.com/,0
https://microsoft.com/careers,0
https://help.harvard.edu/pricing/download,0
https://nasa.gov/,0
https://help.who.int/learn,0
https://reddit.com/download?utm_medium=77xnq&utm_campaign=i79nc&utm_term=o337n,0
https://github.com/download,0
http://netflix-login.swzgjhb4.io/v4e98,1
https://who.int/,0
https://blog.salesforce.com/pricing/download,0
http://verify-secure-bankofamerica-kzwp.io/login.php,1
https://blog.linkedin.com/news/support,0
http://binance.com@9g6ajcg7.zip/secure,1
http://google-update.8zyzswd2.top/c5mh6,1
https://apple.com/api/courses?id=49106,0
https://github.com/,0
https://jbe0ars.com/office365/support,1
http://dhl-support.456gnqetv.org/jrr91,1
http://9.103.45.159/apple/login/fodqga,1
https://nasa.gov/articles?utm_source=k0cbh&utm_campaign=n1xhd&utm_medium=orstq,0
http://outlook-account.wwhwgbpq.review/z12pd,1
https://secure.stackoverflow.com/login,0
http://is.gd/mq34dmi,1
https://amazon.com/docs,0
http://google-login.96vam5ke.io/nbtf9,1
https://help.apple.com/learn,0
https://microsoft.com/,0
https://python.org/careers/features,0
http://goo.gl/d2t7gqt,1
http://binance-webscr.ezj550.work/wajsk,1
https://shop.coursera.org/articles/docs,0
https://spotify.com/,0
https://shopify.com/help/docs,0
http://tinyurl.com/4l5xkhw,1
https://microsoft.com/,0
https://docs.stackoverflow.com/download/settings,0
https://b3gt8.co/microsoft/login,1
http://confirm-google-secure-qjd2.co/login.php,1
https://medium.com/about?id=21683,0
https://www.who.int/index/search,0
https://netflix-verify.com/,1
https://github.com/articles,0
http://instagram-signin.hh0r5lqy.ga/sl62l,1
http://wellsfargo-alert.8fh8tr858.zip/bwjg8,1
http://microsoft-password-reset.q52kpsn.click/1z0s2,1
https://nature.com/api/products?id=24974,0
https://khanacademy.org/index,0
https://apple-login.co/,1
http://170.117.149.166/instagram/verify/gjlxhv,1
https://wikipedia.org/,0
http://chase.com@rr5k3ufr.ml/alert,1
https://nasa.gov/,0
http://binance.com@cs2q3koz.xyz/wallet,1
https://pg6q7.edu/outlook/confirm,1
http://apple-suspend.ed3cr.click/nebwx,1
http://nature.com/docs,0
https://nytimes.com/,0
https://nature.com/pricing?id=31007,1
https://dropbox.com/,0
http://outlook-wallet.rhs6s.cf/j0969,1
https://jark.net/coinbase/wallet,1
https://l1js-api.python.org/support/blog,0
https://medium.com/settings,0
http://bankofamerica-billing.uvta.ga/mroy6,1
https://accounts.un.org/verify,0
https://5jdx-cdn.google.com/docs/settings,0
https://github.com/support/api/about,0
https://adobe.com/careers/learn?id=63603,0
https://v50ji5.gov/security-check,1
https://nature.com/,0
https://microsoft.com/docs?id=96594,0
https://dropbox.com/docs?utm_source=zabfy&utm_medium=jpi5m&utm_term=383cy,0
https://github.com/about/settings,0
https://www.dropbox.com/products,0
http://usps-password-reset.v72yyq.com/q2fww,1
https://reddit.com/careers?utm_source=09dsq&utm_term=00x6u&utm_campaign=ir50a,0
http://security-check-microsoft-secure-8q9f.xyz/login.php,1
http://nytimes.com/api/courses,0
https://blog.github.com/user/help,0
https://amazon.com/user/docs?id=23366,0
https://adobe.com/search,0
http://186.7.97.208/usps/webscr/0p2tgj,1
https://7jbu.co/wellsfargo/security-check,1
http://billing-paypal-ezz5-secure.gov/login.php,1
http://62.63.191.131/binance/security-check/5c6eml,1
http://support-2ary-irs-secure.xyz/login.php,1
https://www.reddit.com/settings/download,0
http://t.co/7ubjppd,1
http://bbc.com/support/search,0
https://stackoverflow.com/,0
http://harvard.edu/index/api,0
https://spotify.com/,0
http://goo.gl/rnh12df,1
http://ow.ly/7v6pjee,1
http://usps.com@8tad4qo2.kim/security-check,1
http://binance-password-reset.xxwdwg8f3.kim/yftky,1
https://docs.google.com/user,0
http://amazon-secure-7bal-account.ml/login.php,1
https://shop.python.org/learn,0
http://is.gd/zrk71m7,1
https://ieee.org/,0
http://165.126.223.16/irs/update/qhwfmd,1
http://bit.ly/tyv8qzp,1
https://xn--zh4qm-i0t.edu/bankofamerica-verify,1
http://password-reset-hd4c-binance-secure.edu/login.php,1
https://q19mbv.org/48t,1
https://maxyy.co/paypal/verify,1
https://nature.com/support?utm_medium=35k1r&utm_campaign=88pw9&utm_source=uu9uk,0
https://v5afl.io/verify,1
https://help.bbc.com/blog,0
http://193.182.73.82/amazon/confirm/athfx6,1
https://ddwp6a.net/or0,1
https://blog.salesforce.com/news,0
https://ezi54d.org/9oe,1
https://nasa.gov/search?utm_source=0edqh&utm_term=ce2xb&utm_medium=lug2y,0
https://who.int/,0
https://arzi8ev.gov/chase/verify,1
https://auth.ieee.org/verify,0
https://u9scjp3.edu/dhl/suspend,1
http://5p48-wallet-chase-secure.top/login.php,1
http://bit.ly/5su2u2z,1
https://xn--75nzx-gx6.tk/google-wallet,1
https://wk24-eu.cloudflare.com/about,0
https://nasa.gov/index,0
http://ow.ly/6rdi7gd,1
http://instagram.com@o64d4fut.country/password-reset,1
http://signin-apple-y1u6-secure.xyz/login.php,1
https://g7q03d93.edu/billing,1
http://wellsfargo.com@xgy8ft1h.top/signin,1
http://5ua3-amazon-secure-password-reset.ga/login.php,1
https://un.org/news/contact,0
https://accounts.khanacademy.org/billing,0
https://google.com/learn/docs/help?id=80296,0
https://kk7v6.gov/unlock,1
https://docs.sciencedirect.com/blog/contact,0
https://nytimes.com/settings?utm_term=tzyl5&utm_source=1nnas&utm_medium=he30g,0
https://ieee.org/,0
http://binance.com@nztd6s5s.review/secure,1
https://blog.ieee.org/index,0
https://help.spotify.com/about,0
https://www.sciencedirect.com/features,0
https://linkedin.com/products,0
http://amazon-secure.oa9bl7k.work/gnhft,1
http://ebay.com@jhxk2lx5.xyz/confirm,1
https://shop.ieee.org/api,0
https://auth.nasa.gov/support,0
http://126.97.39.30/office365/alert/mvtuze,1
https://spotify.com/user/articles,0
http://apple-wallet.3g4jhk.org/z6gup,1
https://iu22mb1o.gov/suspend,0
https://nasa.gov/,0
http://145.65.245.175/apple/security-check/7uypy1,1
http://dhl-wallet-secure-w0ur.tk/login.php,1
https://mit.edu/,0
https://shopify.com/,0
https://wikipedia.org/features/user,0
http://bankofamerica-verify.yi5an.com/71s2o,1
https://reddit.com/,0
https://xn--e4f2h-su3.xyz/wellsfargo-verify,1
https://my.salesforce.com/billing,0
http://bit.ly/iwhcz2i,1
http://250.50.76.166/coinbase/confirm/kvhm61,1
http://tinyurl.com/vtig3fh,1
https://docs.shopify.com/pricing,0
http://182.142.91.215/instagram/support/xisdvc,1
https://dropbox.com/contact?utm_term=hpz5t&utm_source=lyf3y&utm_campaign=r2xah,0
https://salesforce.com/about/features/blog,0
https://sjvba.io/password-reset,1
https://tqt0x5t.gov/suspend,1
https://usps-secure.org/,1
https://www.nasa.gov/contact,0
http://amazon.com@4uxkzpxq.ml/suspend,1
https://mit.edu/,0
https://mx63mgf.com/chase/unlock,1
http://is.gd/4xslwce,1
https://l8rg-eu.cloudflare.com/download/products/contact,0
https://vs8m-static.un.org/features,0
